# Blender 5.2.2 LTS
# www.blender.org
mtllib bedroom.mtl
o Cube
v -1.710453 -0.094637 1.434411
v -1.710453 1.405363 1.434411
v -1.710453 -0.094637 -1.565589
v -1.710453 1.405363 -1.565589
v 1.889547 -0.094637 1.434411
v 1.889547 1.405363 1.434411
v 1.889547 -0.094637 -1.565589
v 1.889547 1.405363 -1.565589
v -1.710453 1.405363 -2.121063
v -1.710453 -0.094637 -2.121063
v 1.889547 -0.094637 -2.121063
v 1.889547 1.405363 -2.121063
v -1.710453 -0.094637 0.052586
v -1.710453 1.405363 0.052586
v 1.889547 -0.094637 0.052586
v 1.889547 1.405363 0.052586
v -1.710453 1.357684 1.434411
v -1.710453 1.357684 -1.565589
v 1.889547 1.357684 -1.565589
v 1.889547 1.357684 1.434411
v -1.710453 1.357684 -2.121063
v 1.889547 1.357684 -2.121063
v 1.889547 1.357684 0.052586
v -1.710453 1.357684 0.052586
v 1.889547 -0.094637 -1.767597
v 1.889547 1.405363 -1.767597
v -1.710453 -0.094637 -1.767597
v -1.710453 1.405363 -1.767597
v -1.710453 1.357684 -1.767597
v 1.889547 1.357684 -1.767597
vn -1.0000 -0.0000 -0.0000
vn 1.0000 -0.0000 -0.0000
vn -0.0000 -0.0000 1.0000
vn -0.0000 -1.0000 -0.0000
vn -0.0000 1.0000 -0.0000
vn -0.0000 -0.0000 -1.0000
vt 0.617054 0.115152
vt 0.625000 0.115152
vt 0.625000 0.250000
vt 0.617054 0.250000
vt 0.617054 0.500000
vt 0.375000 0.500000
vt 0.617054 0.634848
vt 0.625000 0.634848
vt 0.625000 0.750000
vt 0.617054 0.750000
vt 0.625000 1.000000
vt 0.617054 1.000000
vt 0.125000 0.634848
vt 0.375000 0.634848
vt 0.375000 0.750000
vt 0.125000 0.750000
vt 0.875000 0.634848
vt 0.875000 0.750000
vt 0.625000 0.500000
vt 0.125000 0.500000
vt 0.875000 0.500000
vt 0.617054 0.000000
vt 0.625000 0.000000
vt 0.375000 0.000000
vt 0.375000 0.115152
vt 0.375000 0.250000
vt 0.375000 1.000000
s 0
usemtl Material.001
f 24/1/1 14/2/1 4/3/1 18/4/1
f 30/5/2 25/6/2 11/6/2 22/5/2
f 23/7/2 16/8/2 6/9/2 20/10/2
f 20/10/3 6/9/3 2/11/3 17/12/3
f 13/13/4 15/14/4 5/15/4 1/16/4
f 16/8/5 14/17/5 2/18/5 6/9/5
f 21/4/6 9/3/6 12/19/6 22/5/6
f 25/6/4 27/20/4 10/20/4 11/6/4
f 28/21/5 26/19/5 12/19/5 9/21/5
f 29/4/1 28/3/1 9/3/1 21/4/1
f 8/19/5 4/21/5 14/17/5 16/8/5
f 3/20/4 7/6/4 15/14/4 13/13/4
f 19/5/2 8/19/2 16/8/2 23/7/2
f 17/22/1 2/23/1 14/2/1 24/1/1
f 1/24/1 17/22/1 24/1/1 13/25/1
f 27/26/1 29/4/1 21/4/1 10/26/1
f 10/26/6 21/4/6 22/5/6 11/6/6
f 5/15/3 20/10/3 17/12/3 1/27/3
f 15/14/2 23/7/2 20/10/2 5/15/2
f 26/19/2 30/5/2 22/5/2 12/19/2
f 13/25/1 24/1/1 18/4/1 3/26/1
f 8/19/2 19/5/2 30/5/2 26/19/2
f 3/26/1 18/4/1 29/4/1 27/26/1
f 18/4/1 4/3/1 28/3/1 29/4/1
f 4/21/5 8/19/5 26/19/5 28/21/5
f 7/6/4 3/20/4 27/20/4 25/6/4
o BedCrew00
v -1.445225 0.160254 0.288997
v -1.445225 0.160254 1.371794
v -1.460696 0.655325 1.401872
v -1.460696 0.160254 1.401872
v -1.460696 0.655325 0.228841
v -1.435537 0.191196 0.317016
v -1.435537 0.191196 1.343775
v -1.675681 0.127704 0.228841
v -1.708231 -0.087281 1.431950
v -1.445225 0.185008 0.288997
v -1.445225 0.185008 1.371794
v -1.675681 -0.054731 0.228841
v -0.874409 -0.054731 0.228841
v -1.460696 0.160254 0.228841
v -0.874409 0.127704 0.228841
v -1.708231 0.160254 0.434883
v -1.684858 0.036687 0.469852
v -1.460696 0.562499 1.401872
v -1.460696 0.624383 1.161250
v -1.460696 0.655325 1.161250
v -0.957003 0.576905 1.345856
v -1.428483 0.576905 1.345856
v -0.882391 0.585020 1.314304
v -0.957003 0.609976 1.217267
v -1.428483 0.609976 1.217267
v -0.882391 0.601862 1.248818
v -0.916471 0.585020 1.314304
v -0.916471 0.601862 1.248818
v -0.887239 0.595757 1.253423
v -0.887239 0.583252 1.302047
v -0.911622 0.595757 1.253423
v -0.911622 0.583252 1.302047
v -0.238492 0.160254 0.288997
v -0.238492 0.160254 1.371794
v -0.223021 0.576260 1.248159
v -0.223021 0.328725 1.248159
v -0.223021 0.576260 0.382555
v -0.248181 0.191196 0.317016
v -0.248181 0.191196 1.343775
v -0.008036 0.127704 0.228841
v 0.024514 -0.087281 1.431950
v -0.238492 0.185008 0.288997
v -0.238492 0.185008 1.371794
v -0.008036 -0.054731 0.228841
v -0.841859 -0.087281 0.228841
v -0.841859 0.160254 0.228841
v -0.495716 0.160254 0.288997
v -0.495716 0.160254 1.371794
v -0.495716 0.185008 0.288997
v -0.495716 0.185008 1.371794
v -0.495716 0.191196 0.317016
v -0.495716 0.191196 1.343775
v -0.809309 -0.054731 0.228841
v -0.223021 0.328725 0.382555
v -0.809309 0.127704 0.228841
v 0.024514 0.160254 0.434883
v 0.001141 0.036687 0.469852
v -0.223021 0.562499 1.401872
v -0.841859 0.562499 1.401872
v -0.223021 0.624383 1.161250
v -0.841859 0.624383 1.161250
v -0.223021 0.655325 1.161250
v -0.841859 0.655325 1.161250
v -0.726715 0.576905 1.345856
v -0.255235 0.576905 1.345856
v -0.801327 0.585020 1.314304
v -0.726715 0.609976 1.217267
v -0.255235 0.609976 1.217267
v -0.801327 0.601862 1.248818
v -0.767247 0.585020 1.314304
v -0.767247 0.601862 1.248818
v -0.796478 0.595757 1.253423
v -0.796478 0.583252 1.302047
v -0.772095 0.595757 1.253423
v -0.772095 0.583252 1.302047
v -0.223021 0.160254 1.401872
v -0.223021 0.655325 1.401872
v -0.223021 0.160254 0.228841
v -0.223021 0.655325 0.228841
v -0.099253 0.328725 1.248159
v -0.099253 0.576260 1.248159
v -0.099253 0.328725 0.382555
v -0.099253 0.576260 0.382555
v -1.708231 1.397930 1.431950
v -1.708231 1.397930 0.434883
v -1.445225 0.779092 0.288997
v -1.445225 0.779092 1.371794
v -1.460696 1.274162 1.401872
v -1.460696 0.779092 1.401872
v -1.460696 1.274162 0.228841
v -1.435537 0.810034 0.317016
v -1.435537 0.810034 1.343775
v -1.445225 0.803846 0.288997
v -1.445225 0.803846 1.371794
v -1.460696 0.779092 0.228841
v -1.460696 1.181337 1.401872
v -1.460696 1.243221 1.161250
v -1.460696 1.274162 1.161250
v -0.957003 1.195743 1.345856
v -1.428483 1.195743 1.345856
v -0.882391 1.203858 1.314304
v -0.957003 1.228814 1.217267
v -1.428483 1.228814 1.217267
v -0.882391 1.220700 1.248818
v -0.916471 1.203858 1.314304
v -0.916471 1.220700 1.248818
v -0.887239 1.214595 1.253423
v -0.887239 1.202090 1.302047
v -0.911622 1.214595 1.253423
v -0.911622 1.202090 1.302047
v 0.024514 1.397930 1.431950
v 0.024514 1.397930 0.434883
v -0.238492 0.779092 0.288997
v -0.238492 0.779092 1.371794
v -0.223021 1.195097 1.248159
v -0.223021 0.947562 1.248159
v -0.223021 1.195097 0.382555
v -0.248181 0.810034 0.317016
v -0.248181 0.810034 1.343775
v -0.238492 0.803846 0.288997
v -0.238492 0.803846 1.371794
v -0.495716 0.779092 0.288997
v -0.495716 0.779092 1.371794
v -0.495716 0.803846 0.288997
v -0.495716 0.803846 1.371794
v -0.495716 0.810034 0.317016
v -0.495716 0.810034 1.343775
v -0.223021 0.947562 0.382555
v -0.223021 1.181337 1.401872
v -0.841859 1.181337 1.401872
v -0.223021 1.243221 1.161250
v -0.841859 1.243221 1.161250
v -0.223021 1.274162 1.161250
v -0.841859 1.274162 1.161250
v -0.726715 1.195743 1.345856
v -0.255235 1.195743 1.345856
v -0.801327 1.203858 1.314304
v -0.726715 1.228814 1.217267
v -0.255235 1.228814 1.217267
v -0.801327 1.220700 1.248818
v -0.767247 1.203858 1.314304
v -0.767247 1.220700 1.248818
v -0.796478 1.214595 1.253423
v -0.796478 1.202090 1.302047
v -0.772095 1.214595 1.253423
v -0.772095 1.202090 1.302047
v -0.223021 0.779092 1.401872
v -0.223021 1.274162 1.401872
v -0.223021 0.779092 0.228841
v -0.223021 1.274162 0.228841
v -0.099253 0.947562 1.248159
v -0.099253 1.195097 1.248159
v -0.099253 0.947562 0.382555
v -0.099253 1.195097 0.382555
v -1.708231 -0.087281 0.228841
v -1.708231 0.160254 0.228841
v 0.024514 -0.087281 0.228841
v -1.708231 0.018700 1.225909
v 0.024514 0.160254 0.228841
v -1.708231 1.397930 0.228841
v 0.024514 0.018700 1.225909
v 0.024514 1.397930 0.228841
v 0.024514 1.397930 1.225909
v -1.708231 1.397930 1.225909
v 0.001141 1.374557 1.190939
v -1.684858 1.374557 1.190939
v -1.684858 0.036687 1.190939
v 0.001141 0.036687 1.190939
v -1.708231 0.018700 0.434883
v -1.684858 0.160254 0.469852
v 0.024514 0.018700 0.434883
v 0.001141 0.160254 0.469852
v -1.684858 1.374557 0.469852
v 0.001141 1.374557 0.469852
v -0.210644 0.452492 1.248159
v -0.210644 0.452492 0.382555
v -0.099253 0.452492 1.248159
v -0.099253 0.452492 0.382555
v -0.210644 1.071330 1.248159
v -0.210644 1.071330 0.382555
v -0.099253 1.071330 1.248159
v -0.099253 1.071330 0.382555
v -0.210644 0.440116 0.382555
v -0.210644 0.440116 1.248159
v -0.099253 0.440116 0.382555
v -0.099253 0.440116 1.248159
v -0.210644 1.058953 0.382555
v -0.210644 1.058953 1.248159
v -0.099253 1.058953 0.382555
v -0.099253 1.058953 1.248159
v -1.178697 1.374557 1.225909
v -1.247625 1.374557 1.225909
v -1.247625 1.374557 0.434883
v -1.178697 1.374557 0.434883
v -1.237687 1.385553 0.434883
v -1.237687 1.385553 1.225909
v -1.188636 1.385553 0.434883
v -1.188636 1.385553 1.225909
v -0.505020 1.374557 1.225909
v -0.436092 1.374557 1.225909
v -0.436092 1.374557 0.434883
v -0.505020 1.374557 0.434883
v -0.446030 1.385553 0.434883
v -0.446030 1.385553 1.225909
v -0.495082 1.385553 0.434883
v -0.495082 1.385553 1.225909
v -1.684858 0.941370 1.225908
v -1.684858 0.872442 1.225908
v -1.684858 0.872442 0.434883
v -1.684858 0.941370 0.434883
v -1.695855 0.882380 0.434883
v -1.695855 0.882380 1.225908
v -1.695855 0.931432 0.434883
v -1.695855 0.931432 1.225908
v -1.684858 0.538802 1.225908
v -1.684858 0.469874 1.225908
v -1.684858 0.469874 0.434883
v -1.684858 0.538802 0.434883
v -1.695855 0.479812 0.434883
v -1.695855 0.479812 1.225908
v -1.695855 0.528863 0.434883
v -1.695855 0.528863 1.225908
v 0.001141 0.941370 1.225908
v 0.001141 0.872442 1.225908
v 0.001141 0.872442 0.434883
v 0.001141 0.941370 0.434883
v 0.012137 0.882380 0.434883
v 0.012137 0.882380 1.225908
v 0.012137 0.931432 0.434883
v 0.012137 0.931432 1.225908
v 0.001141 0.538802 1.225908
v 0.001141 0.469874 1.225908
v 0.001141 0.469874 0.434883
v 0.001141 0.538802 0.434883
v 0.012137 0.479812 0.434883
v 0.012137 0.479812 1.225908
v 0.012137 0.528863 0.434883
v 0.012137 0.528863 1.225908
vn -0.0000 -1.0000 -0.0000
vn -0.0000 -0.0000 -1.0000
vn -0.0000 1.0000 -0.0000
vn -1.0000 -0.0000 -0.0000
vn -0.5383 0.8428 -0.0000
vn -0.0000 0.9765 0.2157
vn -0.0000 0.9765 -0.2157
vn 1.0000 -0.0000 -0.0000
vn -0.0000 -0.0000 1.0000
vn -0.0000 -0.9685 -0.2491
vn 0.7009 -0.6908 -0.1777
vn -0.7009 -0.6908 -0.1777
vn -0.0000 -0.9898 0.1427
vn -0.0000 -0.6022 -0.7983
vn 0.5383 0.8428 -0.0000
vn 0.7009 -0.6908 -0.1776
vn -0.7009 -0.6908 -0.1776
vn -0.0000 0.8314 -0.5557
vn -0.8314 -0.0000 -0.5557
vn 0.8314 -0.0000 -0.5557
vn -0.8314 -0.0000 0.5557
vn -0.6099 0.7925 -0.0000
vn 0.8314 -0.0000 0.5557
vn 0.6099 0.7925 -0.0000
vn -0.0000 0.8314 0.5557
vn -0.7419 0.6705 -0.0000
vn 0.7419 0.6705 -0.0000
vn -0.6705 -0.7419 -0.0000
vn -0.6705 0.7419 -0.0000
vn 0.6705 -0.7419 -0.0000
vn 0.6705 0.7419 -0.0000
vt 1.000000 0.000000
vt 0.000000 0.000000
vt 0.000000 0.473701
vt 0.950000 0.025000
vt 0.050000 0.025000
vt 0.950000 0.500000
vt 1.000000 0.500000
vt 0.050000 0.500000
vt 0.920295 0.039852
vt 0.079705 0.039852
vt 0.920295 0.500000
vt 0.200324 0.000000
vt 0.799676 0.000000
vt 0.200324 0.000000
vt 0.079705 0.500000
vt 0.000000 0.500000
vt 0.200324 0.000000
vt 0.868961 0.000000
vt 0.131039 0.000000
vt 0.868961 0.000000
vt 0.799676 0.000000
vt 0.171257 0.000000
vt 0.171257 0.000000
vt 0.828743 0.000000
s 0
usemtl VCol.002
f 33/28/7 35/29/7 109/29/7 107/28/7
f 43/30/8 42/29/8 38/29/8 45/30/8
f 32/31/9 31/32/9 44/29/9 34/28/9
f 78/33/9 32/31/9 34/28/9 106/34/9
f 109/29/8 179/29/8 189/29/8
f 77/35/8 31/32/8 40/32/8 79/35/8
f 31/32/10 32/31/10 41/31/10 40/32/10
f 37/36/11 36/37/11 40/32/11 41/31/11
f 82/38/12 37/36/12 41/31/12 80/33/12
f 47/39/10 197/40/10 200/41/10
f 44/29/8 186/29/8 35/29/8
f 36/37/13 81/42/13 79/35/13 40/32/13
f 34/28/14 44/29/14 35/29/14 33/28/14
f 36/37/9 37/36/9 82/38/9 81/42/9
f 35/29/8 186/29/8 125/29/8
f 31/32/9 77/35/9 76/43/9 44/29/9
f 32/31/15 78/33/15 80/33/15 41/31/15
f 185/29/7 75/43/7 71/34/7 39/28/7
f 33/28/8 107/28/8 106/34/8 34/28/8
f 42/29/8 43/30/8 75/43/8 185/29/8
f 45/30/8 38/29/8 44/29/8 76/43/8
f 38/29/8 186/29/8 44/29/8
f 38/29/8 42/29/8 185/29/8 186/29/8
f 43/30/8 45/30/8 76/43/8 75/43/8
f 52/29/16 55/29/16 54/29/16 51/29/16
f 49/29/8 50/29/8 93/29/8 91/29/8
f 51/29/16 89/29/16 48/29/16 52/29/16
f 55/29/16 49/29/16 91/29/16 54/29/16
f 52/29/16 48/29/16 49/29/16 55/29/16
f 54/29/16 91/29/16 89/29/16 51/29/16
f 60/29/16 62/29/16 61/29/16 59/29/16
f 59/29/17 56/29/17 53/29/17 60/29/17
f 62/29/18 57/29/18 58/29/18 61/29/18
f 60/29/19 53/29/19 57/29/19 62/29/19
f 61/29/20 58/29/20 56/29/20 59/29/20
f 83/30/8 85/30/8 70/29/8 74/29/8
f 64/31/9 106/28/9 108/29/9 63/32/9
f 78/33/9 106/28/9 64/31/9
f 77/35/8 79/35/8 72/32/8 63/32/8
f 63/32/14 72/32/14 73/31/14 64/31/14
f 69/36/21 73/31/21 72/32/21 68/37/21
f 82/38/12 80/33/12 73/31/12 69/36/12
f 87/39/14 202/44/14 198/40/14
f 108/29/8 109/29/8 189/29/8
f 68/37/13 72/32/13 79/35/13 81/42/13
f 65/45/7 67/46/7 113/46/7 111/45/7
f 68/37/9 81/42/9 82/38/9 69/36/9
f 109/29/8 35/29/8 125/29/8 179/29/8
f 63/32/9 108/29/9 76/43/9 77/35/9
f 64/31/15 73/31/15 80/33/15 78/33/15
f 187/29/7 71/34/7 75/43/7
f 74/29/8 187/29/8 75/43/8 83/30/8
f 85/30/8 76/43/8 108/29/8 70/29/8
f 70/29/8 108/29/8 189/29/8
f 70/29/8 189/29/8 187/29/8 74/29/8
f 83/30/8 75/43/8 76/43/8 85/30/8
f 95/29/16 94/29/16 97/29/16 98/29/16
f 90/29/8 91/29/8 93/29/8 92/29/8
f 94/29/16 95/29/16 88/29/16 89/29/16
f 98/29/16 97/29/16 91/29/16 90/29/16
f 95/29/16 98/29/16 90/29/16 88/29/16
f 97/29/16 94/29/16 89/29/16 91/29/16
f 103/29/16 102/29/16 104/29/16 105/29/16
f 102/29/18 103/29/18 96/29/18 99/29/18
f 105/29/17 104/29/17 101/29/17 100/29/17
f 103/29/19 105/29/19 100/29/19 96/29/19
f 104/29/20 102/29/20 99/29/20 101/29/20
f 65/45/10 66/47/10 106/28/10 107/28/10
f 66/47/10 84/46/10 108/29/10 106/28/10
f 67/46/10 65/45/10 107/28/10 109/29/10
f 84/46/10 67/46/10 109/29/10 108/29/10
f 110/47/10 111/45/10 113/46/10 112/46/10
f 66/47/8 65/45/8 111/45/8 110/47/8
f 67/46/15 84/46/15 112/46/15 113/46/15
f 84/46/9 66/47/9 110/47/9 112/46/9
f 118/28/7 120/29/7 180/29/7 178/28/7
f 117/31/9 116/32/9 125/29/9 119/28/9
f 153/33/9 117/31/9 119/28/9 177/34/9
f 120/29/8 190/29/8 192/29/8 180/29/8
f 152/35/8 116/32/8 123/32/8 154/35/8
f 116/32/10 117/31/10 124/31/10 123/32/10
f 122/36/11 121/37/11 123/32/11 124/31/11
f 157/38/12 122/36/12 124/31/12 155/33/12
f 125/29/8 186/29/8 190/29/8 120/29/8
f 121/37/13 156/42/13 154/35/13 123/32/13
f 119/28/14 125/29/14 120/29/14 118/28/14
f 121/37/9 122/36/9 157/38/9 156/42/9
f 116/32/9 152/35/9 179/43/9 125/29/9
f 117/31/15 153/33/15 155/33/15 124/31/15
f 203/41/9 196/48/9 195/48/9 204/41/9
f 118/28/8 178/28/8 177/34/8 119/28/8
f 130/29/16 133/29/16 132/29/16 129/29/16
f 127/29/8 128/29/8 164/29/8 162/29/8
f 129/29/16 160/29/16 126/29/16 130/29/16
f 133/29/16 127/29/16 162/29/16 132/29/16
f 130/29/16 126/29/16 127/29/16 133/29/16
f 132/29/16 162/29/16 160/29/16 129/29/16
f 138/29/16 140/29/16 139/29/16 137/29/16
f 137/29/22 134/29/22 131/29/22 138/29/22
f 140/29/23 135/29/23 136/29/23 139/29/23
f 138/29/19 131/29/19 135/29/19 140/29/19
f 139/29/20 136/29/20 134/29/20 137/29/20
f 144/31/9 177/28/9 179/29/9 143/32/9
f 153/33/9 177/28/9 144/31/9
f 152/35/8 154/35/8 150/32/8 143/32/8
f 143/32/14 150/32/14 151/31/14 144/31/14
f 149/36/21 151/31/21 150/32/21 148/37/21
f 157/38/12 155/33/12 151/31/12 149/36/12
f 179/29/8 180/29/8 192/29/8 189/29/8
f 148/37/13 150/32/13 154/35/13 156/42/13
f 145/45/7 147/46/7 184/46/7 182/45/7
f 148/37/9 156/42/9 157/38/9 149/36/9
f 143/32/9 179/43/9 152/35/9
f 144/31/15 151/31/15 155/33/15 153/33/15
f 196/48/10 203/41/10 200/41/10 197/40/10
f 204/41/14 195/48/14 198/40/14 202/44/14
f 166/29/16 165/29/16 168/29/16 169/29/16
f 161/29/8 162/29/8 164/29/8 163/29/8
f 165/29/16 166/29/16 159/29/16 160/29/16
f 169/29/16 168/29/16 162/29/16 161/29/16
f 166/29/16 169/29/16 161/29/16 159/29/16
f 168/29/16 165/29/16 160/29/16 162/29/16
f 174/29/16 173/29/16 175/29/16 176/29/16
f 173/29/23 174/29/23 167/29/23 170/29/23
f 176/29/22 175/29/22 172/29/22 171/29/22
f 174/29/19 176/29/19 171/29/19 167/29/19
f 175/29/20 173/29/20 170/29/20 172/29/20
f 145/45/10 146/47/10 177/28/10 178/28/10
f 146/47/10 158/46/10 179/29/10 177/28/10
f 147/46/10 145/45/10 178/28/10 180/29/10
f 158/46/10 147/46/10 180/29/10 179/29/10
f 181/47/10 182/45/10 184/46/10 183/46/10
f 146/47/8 145/45/8 182/45/8 181/47/8
f 147/46/15 158/46/15 183/46/15 184/46/15
f 158/46/9 146/47/9 181/47/9 183/46/9
f 199/49/10 46/50/10 186/29/10 185/29/10
f 188/51/10 199/49/10 185/29/10 39/28/10
f 86/50/14 201/49/14 187/29/14 189/29/14
f 201/49/14 191/51/14 71/28/14 187/29/14
f 115/50/9 142/50/9 192/29/9 190/29/9
f 193/51/9 194/51/9 114/28/9 141/28/9
f 194/51/10 188/51/10 39/28/10 114/28/10
f 46/50/10 115/50/10 190/29/10 186/29/10
f 191/51/14 193/51/14 141/28/14 71/28/14
f 142/50/14 86/50/14 189/29/14 192/29/14
f 195/48/24 196/48/24 194/51/24 193/51/24
f 196/48/25 197/40/25 188/51/25 194/51/25
f 198/40/26 195/48/26 193/51/26 191/51/26
f 47/39/27 200/41/27 46/50/27 199/49/27
f 197/40/28 47/39/28 199/49/28 188/51/28
f 202/44/29 87/39/29 201/49/29 86/50/29
f 87/39/30 198/40/30 191/51/30 201/49/30
f 203/41/31 204/41/31 142/50/31 115/50/31
f 200/41/27 203/41/27 115/50/27 46/50/27
f 204/41/29 202/44/29 86/50/29 142/50/29
f 206/46/9 205/47/9 207/47/9 208/46/9
f 210/46/9 209/47/9 211/47/9 212/46/9
f 213/46/7 215/46/7 216/47/7 214/47/7
f 217/46/7 219/46/7 220/47/7 218/47/7
f 210/46/10 217/46/10 218/47/10 209/47/10
f 206/46/10 213/46/10 214/47/10 205/47/10
f 229/48/32 236/48/32 235/41/32 232/41/32
f 225/41/9 226/48/9 228/48/9 227/41/9
f 231/41/33 233/41/33 234/48/33 230/48/33
f 223/41/32 222/48/32 226/48/32 225/41/32
f 233/41/9 235/41/9 236/48/9 234/48/9
f 221/48/33 224/41/33 227/41/33 228/48/33
f 241/41/10 242/48/10 244/48/10 243/41/10
f 239/41/34 238/48/34 242/48/34 241/41/34
f 237/48/35 240/41/35 243/41/35 244/48/35
f 249/41/10 250/48/10 252/48/10 251/41/10
f 247/41/34 246/48/34 250/48/34 249/41/34
f 245/48/35 248/41/35 251/41/35 252/48/35
f 257/41/14 259/41/14 260/48/14 258/48/14
f 255/41/36 257/41/36 258/48/36 254/48/36
f 253/48/37 260/48/37 259/41/37 256/41/37
f 265/41/14 267/41/14 268/48/14 266/48/14
f 263/41/36 265/41/36 266/48/36 262/48/36
f 261/48/37 268/48/37 267/41/37 264/41/37
f 39/28/15 71/28/15 141/28/15 114/28/15
o Plant00
v 0.652851 0.648679 1.183273
v 0.625459 0.648679 1.194619
v 0.614114 0.648679 1.222010
v 0.625459 0.648679 1.249401
v 0.652851 0.648679 1.260747
v 0.680242 0.648679 1.249401
v 0.691588 0.648679 1.222010
v 0.680242 0.648679 1.194619
v 0.652851 0.757809 1.163295
v 0.611333 0.757809 1.180492
v 0.594136 0.757809 1.222010
v 0.611333 0.757809 1.263528
v 0.652851 0.757809 1.280725
v 0.694368 0.757809 1.263528
v 0.711566 0.757809 1.222010
v 0.694368 0.757809 1.180492
v 0.608549 0.757809 1.177708
v 0.652851 0.757809 1.159358
v 0.590198 0.757809 1.222010
v 0.608549 0.757809 1.266312
v 0.652851 0.757809 1.284662
v 0.697153 0.757809 1.266312
v 0.715503 0.757809 1.222010
v 0.697153 0.757809 1.177708
v 0.652851 0.754615 1.195338
v 0.633991 0.754615 1.203150
v 0.626179 0.754615 1.222010
v 0.633991 0.754615 1.240870
v 0.652851 0.754615 1.248682
v 0.671711 0.754615 1.240870
v 0.679523 0.754615 1.222010
v 0.671711 0.754615 1.203150
v 0.612737 0.750534 1.181896
v 0.652851 0.750534 1.165281
v 0.596122 0.750534 1.222010
v 0.612737 0.750534 1.262123
v 0.652851 0.750534 1.278739
v 0.692964 0.750534 1.262123
v 0.709580 0.750534 1.222010
v 0.692964 0.750534 1.181896
v 0.617313 0.752719 1.186472
v 0.652851 0.752719 1.171751
v 0.602592 0.752719 1.222010
v 0.617313 0.752719 1.257548
v 0.652851 0.752719 1.272268
v 0.688389 0.752719 1.257548
v 0.703109 0.752719 1.222010
v 0.688389 0.752719 1.186472
v 0.623605 0.652909 1.192764
v 0.611491 0.652909 1.222010
v 0.694210 0.652909 1.222010
v 0.682096 0.652909 1.192764
v 0.652851 0.652909 1.263370
v 0.682096 0.652909 1.251256
v 0.623605 0.652909 1.251256
v 0.652851 0.652909 1.180650
v 0.652851 0.754615 1.213372
v 0.645370 0.754615 1.226329
v 0.660331 0.754615 1.226329
v 0.648125 0.788086 1.210250
v 0.643665 0.786872 1.218255
v 0.652585 0.789299 1.218255
v 0.648913 0.829037 1.210188
v 0.645857 0.830151 1.215822
v 0.651969 0.827923 1.215822
v 0.669389 0.865264 1.216794
v 0.667157 0.866326 1.221074
v 0.671620 0.864203 1.221074
v 0.672539 0.894797 1.227029
v 0.670469 0.894360 1.230694
v 0.674609 0.895234 1.230694
v 0.657970 0.939686 1.232885
v 0.656882 0.939457 1.234810
v 0.659057 0.939916 1.234810
v 0.656087 0.961720 1.230666
v 0.663882 0.917537 1.234561
v 0.662482 0.917242 1.232082
v 0.661081 0.916946 1.234561
v 0.665035 0.855775 1.217159
v 0.663788 0.859067 1.220088
v 0.667106 0.859367 1.218009
v 0.650466 0.876711 1.177021
v 0.649378 0.878440 1.177899
v 0.651553 0.878598 1.177467
v 0.648584 0.882204 1.155568
v 0.656379 0.870668 1.198396
v 0.654978 0.868238 1.197821
v 0.653578 0.870465 1.198951
v 0.536312 0.810042 1.257971
v 0.593942 0.800601 1.262613
v 0.612951 0.789275 1.247355
v 0.603077 0.790972 1.218423
v 0.579543 0.807256 1.219063
v 0.614384 0.780337 1.231060
v 0.560982 0.809768 1.264975
v 0.552187 0.815526 1.237858
v 0.589300 0.795696 1.239493
v 0.610052 0.783298 1.232286
v 0.559783 0.807863 1.250073
v 0.619753 0.780543 1.234174
v 0.616636 0.780545 1.225301
v 0.617966 0.778619 1.229982
v 0.636207 0.772901 1.226534
v 0.634763 0.772793 1.222413
v 0.635373 0.772091 1.224577
v 0.651396 0.767656 1.220228
v 0.650908 0.767591 1.218833
v 0.651032 0.766884 1.219634
v 0.720824 0.846181 1.175975
v 0.676593 0.841722 1.181576
v 0.663128 0.830683 1.191853
v 0.675308 0.826097 1.209220
v 0.694491 0.833200 1.207592
v 0.665831 0.821972 1.201378
v 0.701873 0.847844 1.176094
v 0.712727 0.841666 1.192121
v 0.682705 0.833456 1.194382
v 0.667937 0.824364 1.200137
v 0.704468 0.842386 1.184747
v 0.661669 0.822099 1.200336
v 0.665459 0.821034 1.205633
v 0.664114 0.820402 1.202584
v 0.654911 0.813926 1.207891
v 0.656723 0.813663 1.210364
v 0.656055 0.813325 1.208962
v 0.648033 0.807095 1.214515
v 0.648656 0.807070 1.215353
v 0.648585 0.806610 1.214766
v 0.684323 0.811186 1.329006
v 0.692384 0.807917 1.271738
v 0.677857 0.804289 1.252138
v 0.648794 0.810347 1.259978
v 0.648665 0.819063 1.283424
v 0.660371 0.800406 1.250615
v 0.692639 0.809941 1.304778
v 0.665407 0.816930 1.311996
v 0.669109 0.809967 1.274963
v 0.661966 0.802844 1.254557
v 0.677948 0.812458 1.305061
v 0.663717 0.799510 1.245515
v 0.654876 0.800917 1.247936
v 0.659125 0.798791 1.247251
v 0.655504 0.791517 1.230041
v 0.651356 0.792038 1.231152
v 0.653402 0.791129 1.230868
v 0.649416 0.784076 1.216024
v 0.647987 0.784233 1.216383
v 0.648753 0.783468 1.216558
v 0.615512 0.858476 1.272594
v 0.645188 0.849196 1.257825
v 0.648525 0.845733 1.243405
v 0.637379 0.853380 1.231516
v 0.628526 0.861175 1.239973
v 0.642472 0.845113 1.233509
v 0.630195 0.854765 1.269170
v 0.619860 0.862263 1.258086
v 0.636275 0.852547 1.246788
v 0.641736 0.846732 1.235800
v 0.625645 0.857201 1.261664
v 0.645852 0.843779 1.233552
v 0.642436 0.846012 1.229925
v 0.643337 0.844066 1.231675
v 0.649240 0.839390 1.223744
v 0.647637 0.840396 1.222049
v 0.648104 0.839552 1.222879
v 0.653112 0.835667 1.215274
v 0.652566 0.836000 1.214698
v 0.652500 0.835484 1.214971
v 0.586096 0.874523 1.128387
v 0.590914 0.851900 1.182812
v 0.608171 0.832687 1.194806
v 0.633839 0.835339 1.177346
v 0.632970 0.854313 1.157904
v 0.624577 0.821011 1.189707
v 0.584558 0.868489 1.153813
v 0.611008 0.871052 1.138516
v 0.611083 0.845785 1.170942
v 0.621974 0.825912 1.186625
v 0.598295 0.864963 1.148077
v 0.623119 0.819673 1.195753
v 0.630735 0.820801 1.190351
v 0.626779 0.817988 1.192423
v 0.636068 0.807286 1.207544
v 0.639611 0.807861 1.205018
v 0.637789 0.806763 1.206015
v 0.647385 0.799771 1.219003
v 0.648588 0.799972 1.218144
v 0.647938 0.799143 1.218299
v 0.598574 0.893848 1.194717
v 0.618888 0.873353 1.221217
v 0.631121 0.861308 1.219744
v 0.645344 0.868055 1.203285
v 0.638514 0.882835 1.196865
v 0.638495 0.857395 1.209968
v 0.606079 0.887760 1.209348
v 0.616198 0.890711 1.194058
v 0.629470 0.874467 1.207697
v 0.637257 0.860576 1.209869
v 0.613411 0.888022 1.201760
v 0.638484 0.855083 1.213636
v 0.642760 0.856979 1.208599
v 0.639787 0.855141 1.210323
v 0.646101 0.845176 1.214209
v 0.648066 0.845965 1.211847
v 0.646740 0.845226 1.212706
v 0.653265 0.837029 1.215778
v 0.653924 0.837270 1.214973
v 0.653250 0.836815 1.215053
v 0.727097 0.869034 1.245232
v 0.706820 0.871956 1.223546
v 0.693704 0.867918 1.221544
v 0.687818 0.868306 1.236181
v 0.697825 0.872342 1.245558
v 0.686945 0.863625 1.226673
v 0.720449 0.872642 1.234703
v 0.714840 0.873116 1.248438
v 0.700309 0.868685 1.233165
v 0.689243 0.864737 1.227766
v 0.715663 0.870992 1.240378
v 0.686003 0.864226 1.223751
v 0.684291 0.864367 1.228184
v 0.685070 0.863211 1.225875
v 0.676609 0.862829 1.221195
v 0.675819 0.862917 1.223267
v 0.676199 0.862464 1.222205
v 0.668143 0.862940 1.218887
v 0.667907 0.862965 1.219576
v 0.667912 0.862594 1.219264
v 0.743380 0.806796 1.143601
v 0.686956 0.811275 1.154842
v 0.673272 0.803167 1.175556
v 0.690198 0.805670 1.201212
v 0.711592 0.810294 1.193475
v 0.677717 0.797128 1.192848
v 0.717909 0.812193 1.143331
v 0.733393 0.810059 1.167471
v 0.697710 0.807209 1.176583
v 0.680931 0.799653 1.190105
v 0.722721 0.809565 1.157685
v 0.671701 0.796404 1.191262
v 0.676914 0.797907 1.199035
v 0.674903 0.795562 1.195088
v 0.659534 0.788725 1.204345
v 0.661934 0.789775 1.207909
v 0.661024 0.788568 1.206130
v 0.648343 0.782378 1.216093
v 0.649134 0.782790 1.217277
v 0.649110 0.781889 1.216756
v 0.633359 0.779156 1.109469
v 0.620568 0.787392 1.159523
v 0.630794 0.780083 1.180243
v 0.657931 0.780087 1.176000
v 0.661305 0.785517 1.153103
v 0.646087 0.772958 1.185711
v 0.623772 0.787118 1.129443
v 0.649053 0.785412 1.125474
v 0.641424 0.780830 1.160009
v 0.645221 0.774875 1.181286
v 0.636858 0.783378 1.131098
v 0.642490 0.773788 1.189816
v 0.650734 0.773911 1.188510
v 0.646741 0.772054 1.189255
v 0.647799 0.770043 1.206494
v 0.651637 0.770152 1.205878
v 0.649765 0.769401 1.206202
v 0.651729 0.768358 1.221457
v 0.653031 0.768408 1.221246
v 0.652424 0.767710 1.221357
v 0.599960 0.846830 1.311116
v 0.639481 0.831393 1.272760
v 0.641398 0.817888 1.251723
v 0.613568 0.817636 1.238933
v 0.597350 0.837592 1.253058
v 0.630252 0.807046 1.242536
v 0.621737 0.841802 1.297706
v 0.595220 0.847944 1.285310
v 0.618941 0.828859 1.261484
v 0.628381 0.811383 1.245400
v 0.608734 0.842579 1.288584
v 0.636280 0.806334 1.240891
v 0.627723 0.805358 1.237031
v 0.631829 0.804146 1.239899
v 0.641678 0.792808 1.226969
v 0.637715 0.791911 1.225234
v 0.639656 0.791710 1.226528
v 0.648269 0.782039 1.214945
v 0.646948 0.781665 1.214383
v 0.647634 0.781227 1.215160
v 0.621953 0.900340 1.249422
v 0.650185 0.898688 1.249864
v 0.659609 0.894004 1.242164
v 0.653964 0.895942 1.229201
v 0.641965 0.900284 1.230054
v 0.659671 0.891146 1.234387
v 0.633836 0.901306 1.251949
v 0.628924 0.901564 1.239527
v 0.647645 0.897181 1.239328
v 0.657713 0.892496 1.235224
v 0.633093 0.900338 1.245055
v 0.662190 0.890684 1.235553
v 0.660443 0.891448 1.231654
v 0.660786 0.890378 1.233577
v 0.666782 0.886775 1.230334
v 0.665961 0.887202 1.228535
v 0.666156 0.886706 1.229426
v 0.671525 0.882879 1.225786
v 0.671246 0.883043 1.225181
v 0.671168 0.882671 1.225474
v 0.701472 0.927887 1.206946
v 0.680547 0.919260 1.209846
v 0.676463 0.913601 1.217009
v 0.682165 0.915272 1.227462
v 0.689000 0.922353 1.225669
v 0.679017 0.910467 1.223319
v 0.691644 0.925230 1.206356
v 0.696842 0.927333 1.216209
v 0.684847 0.918336 1.218278
v 0.679825 0.912034 1.222508
v 0.693597 0.924797 1.211976
v 0.676825 0.909832 1.222563
v 0.678585 0.910237 1.225724
v 0.678195 0.909412 1.224018
v 0.673225 0.905035 1.226810
v 0.674057 0.905178 1.228275
v 0.673843 0.904862 1.227488
v 0.669479 0.901160 1.230445
v 0.669764 0.901197 1.230940
v 0.669825 0.900938 1.230637
v 0.666299 0.878482 1.282243
v 0.680766 0.874949 1.253935
v 0.676568 0.867810 1.240608
v 0.660027 0.871114 1.239525
v 0.655463 0.876479 1.251421
v 0.667753 0.864566 1.236873
v 0.675074 0.879651 1.271511
v 0.659413 0.878680 1.269452
v 0.667838 0.872752 1.251081
v 0.667964 0.866304 1.239120
v 0.667166 0.877685 1.268523
v 0.670311 0.863656 1.234741
v 0.665377 0.865079 1.234517
v 0.667626 0.863463 1.234954
v 0.667250 0.858990 1.225852
v 0.664974 0.859734 1.225768
v 0.665922 0.859027 1.225999
v 0.664201 0.855279 1.217966
v 0.663427 0.855525 1.217936
v 0.663624 0.855065 1.218143
v 0.665177 0.909008 1.170414
v 0.655873 0.898688 1.196474
v 0.660816 0.892887 1.206356
v 0.676327 0.896192 1.206177
v 0.678558 0.904914 1.196379
v 0.669006 0.889592 1.207892
v 0.658654 0.905323 1.181080
v 0.672174 0.909073 1.180840
v 0.667736 0.898879 1.197162
v 0.668778 0.891495 1.206263
v 0.666186 0.905896 1.182607
v 0.666795 0.888768 1.209952
v 0.671522 0.889486 1.209823
v 0.669183 0.888317 1.209379
v 0.668905 0.882981 1.217190
v 0.671105 0.883192 1.217098
v 0.670014 0.882760 1.216930
v 0.670372 0.878168 1.224035
v 0.671116 0.878209 1.223996
v 0.670752 0.877860 1.223796
v 0.712324 0.815132 1.258920
v 0.693729 0.820031 1.226421
v 0.677672 0.820014 1.221782
v 0.666392 0.824394 1.237108
v 0.678090 0.826137 1.250014
v 0.668016 0.818760 1.227692
v 0.707869 0.817922 1.243428
v 0.698062 0.821395 1.258051
v 0.682530 0.821168 1.236969
v 0.670351 0.819659 1.229102
v 0.700296 0.819185 1.249309
v 0.667803 0.818613 1.223801
v 0.664261 0.819970 1.228422
v 0.666166 0.818304 1.226464
v 0.657793 0.816473 1.219030
v 0.656147 0.817121 1.221185
v 0.657023 0.816360 1.220255
v 0.648874 0.814472 1.214080
v 0.648317 0.814698 1.214812
v 0.648645 0.814111 1.214595
v 0.656778 0.933276 1.264439
v 0.666165 0.928000 1.249941
v 0.665383 0.922297 1.244148
v 0.656478 0.919839 1.243394
v 0.652622 0.924770 1.248825
v 0.661675 0.917797 1.242848
v 0.661885 0.932352 1.258507
v 0.653412 0.930610 1.257816
v 0.659848 0.924304 1.249027
v 0.661340 0.919068 1.243785
v 0.657985 0.930124 1.257381
v 0.663169 0.917909 1.241806
v 0.660480 0.917097 1.241571
v 0.661912 0.916966 1.241989
v 0.664165 0.914216 1.237082
v 0.662907 0.913853 1.236975
v 0.663607 0.913840 1.237127
v 0.665268 0.911579 1.232587
v 0.664839 0.911464 1.232551
v 0.665124 0.911331 1.232668
v 0.655048 0.930962 1.203364
v 0.651048 0.929018 1.217649
v 0.654373 0.927504 1.223263
v 0.661733 0.930233 1.222459
v 0.662200 0.932838 1.216440
v 0.658955 0.926883 1.224387
v 0.651933 0.930512 1.209181
v 0.658884 0.932763 1.208433
v 0.657151 0.929776 1.217799
v 0.658590 0.927553 1.223313
v 0.655720 0.931118 1.209727
v 0.657948 0.926463 1.225545
v 0.660175 0.927339 1.225300
v 0.659203 0.926479 1.225298
v 0.659723 0.924770 1.229893
v 0.660756 0.925201 1.229780
v 0.660296 0.924813 1.229782
v 0.661037 0.923427 1.233908
v 0.661386 0.923579 1.233870
v 0.661269 0.923327 1.233832
v 0.673621 0.955335 1.228957
v 0.664985 0.950789 1.227091
v 0.662391 0.947835 1.229378
v 0.663234 0.948459 1.234493
v 0.666246 0.951807 1.234791
v 0.662491 0.946361 1.232297
v 0.669830 0.953904 1.227303
v 0.670609 0.954581 1.232081
v 0.665530 0.950250 1.231137
v 0.662933 0.947121 1.232095
v 0.669851 0.953582 1.229866
v 0.661742 0.945982 1.231667
v 0.662000 0.946161 1.233224
v 0.662067 0.945827 1.232457
v 0.659729 0.943494 1.232853
v 0.659850 0.943572 1.233579
v 0.659871 0.943437 1.233220
v 0.657836 0.941398 1.233658
v 0.657878 0.941422 1.233904
v 0.657946 0.941315 1.233775
v 0.640722 0.952598 1.238763
v 0.649154 0.952713 1.239211
v 0.651947 0.951414 1.237018
v 0.650406 0.951405 1.232834
v 0.646833 0.952686 1.232908
v 0.652072 0.950155 1.234639
v 0.644300 0.953147 1.239638
v 0.642858 0.953133 1.235722
v 0.648451 0.951896 1.235921
v 0.651475 0.950553 1.234847
v 0.644097 0.952749 1.237504
v 0.652854 0.950205 1.235070
v 0.652385 0.950206 1.233797
v 0.652572 0.949929 1.234462
v 0.655145 0.949186 1.233866
v 0.654926 0.949187 1.233272
v 0.655013 0.949077 1.233581
v 0.657274 0.948492 1.232871
v 0.657200 0.948493 1.232670
v 0.657214 0.948384 1.232783
vn -0.9081 -0.1843 -0.3761
vn 0.9081 -0.1843 -0.3761
vn 0.3761 -0.1843 0.9081
vn -0.9081 -0.1843 0.3761
vn -0.3761 -0.1843 -0.9081
vn 0.3761 -0.1843 -0.9081
vn 0.9081 -0.1843 0.3761
vn -0.3761 -0.1843 0.9081
vn -0.8958 0.2445 0.3711
vn -0.0000 1.0000 -0.0000
vn -0.3711 0.2445 -0.8958
vn 0.8958 0.2445 -0.3711
vn 0.3711 0.2445 0.8958
vn -0.3711 0.2445 0.8958
vn -0.8958 0.2445 -0.3711
vn 0.3711 0.2445 -0.8958
vn 0.8958 0.2445 0.3711
vn -0.1314 0.9392 -0.3172
vn -0.3172 0.9392 -0.1314
vn -0.3172 0.9392 0.1314
vn -0.1314 0.9392 0.3172
vn 0.1314 0.9392 0.3172
vn 0.3172 0.9392 0.1314
vn 0.3172 0.9392 -0.1314
vn 0.1314 0.9392 -0.3172
vn -0.0332 0.9962 -0.0801
vn -0.0801 0.9962 -0.0332
vn -0.0801 0.9962 0.0332
vn -0.0332 0.9962 0.0801
vn 0.0332 0.9962 0.0801
vn 0.0801 0.9962 0.0332
vn 0.0801 0.9962 -0.0332
vn 0.0332 0.9962 -0.0801
vn -0.0000 -1.0000 -0.0000
vn -0.3321 -0.4970 0.8017
vn 0.8017 -0.4970 0.3321
vn 0.3321 -0.4970 -0.8017
vn -0.3321 -0.4970 -0.8017
vn -0.8017 -0.4970 0.3321
vn 0.3321 -0.4970 0.8017
vn 0.8017 -0.4970 -0.3321
vn -0.8017 -0.4970 -0.3321
vn 0.8645 0.0766 -0.4968
vn -0.0235 0.2313 0.9726
vn -0.8524 -0.1677 -0.4953
vn 0.8758 -0.0170 -0.4825
vn -0.0008 0.0593 0.9982
vn -0.8758 0.0167 -0.4825
vn 0.7900 -0.3556 -0.4994
vn -0.0480 -0.1167 0.9920
vn -0.7173 0.4943 -0.4910
vn 0.8796 0.0653 -0.4711
vn -0.0443 -0.3051 0.9513
vn -0.8409 0.2584 -0.4756
vn 0.8454 0.1879 -0.5000
vn 0.0022 -0.0107 0.9999
vn -0.8524 -0.1535 -0.4998
vn 0.8692 0.0245 -0.4939
vn -0.0383 0.1815 0.9826
vn -0.8576 -0.1235 -0.4992
vn -0.8275 -0.2586 -0.4983
vn 0.0328 -0.1554 0.9873
vn 0.7552 0.4464 -0.4799
vn -0.8454 0.4049 0.3483
vn -0.0023 -0.9353 -0.3539
vn 0.8524 0.5221 0.0278
vn -0.8692 0.4554 0.1929
vn 0.0384 -0.9851 -0.1675
vn 0.8576 0.5113 0.0557
vn 0.8534 0.5049 -0.1296
vn -0.1150 -0.8918 -0.4377
vn -0.7552 0.2971 0.5842
vn 0.5860 0.7970 0.1463
vn 0.4359 0.8047 -0.4030
vn 0.4450 0.8549 0.2668
vn 0.2766 0.9377 -0.2104
vn 0.5571 0.8102 0.1826
vn 0.3458 0.8822 -0.3197
vn 0.2217 0.8822 0.4155
vn 0.0480 0.9903 -0.1304
vn 0.5098 0.8291 0.2293
vn 0.2333 0.8575 -0.4586
vn 0.4080 0.8850 0.2241
vn 0.1841 0.8667 -0.4636
vn 0.3713 0.8708 0.3221
vn 0.0799 0.8300 -0.5520
vn -0.6035 0.7148 0.3534
vn -0.3310 0.6477 0.6862
vn -0.2346 0.9330 0.2727
vn -0.0834 0.8238 0.5607
vn -0.3696 0.8925 0.2584
vn -0.1880 0.7595 0.6227
vn -0.1089 0.9701 0.2167
vn 0.0781 0.8536 0.5150
vn -0.5142 0.8459 0.1414
vn -0.1515 0.7067 0.6911
vn -0.6084 0.7869 0.1036
vn -0.1383 0.7379 0.6606
vn -0.6691 0.7415 -0.0489
vn -0.0789 0.7180 0.6915
vn 0.2135 0.7900 -0.5748
vn -0.1511 0.8670 -0.4749
vn 0.3180 0.9370 -0.1444
vn 0.1111 0.9900 -0.0868
vn 0.2863 0.8856 -0.3657
vn -0.0209 0.9683 -0.2489
vn 0.3187 0.9472 -0.0345
vn 0.1690 0.9856 0.0074
vn 0.3130 0.8157 -0.4865
vn -0.1977 0.9351 -0.2941
vn 0.3153 0.8112 -0.4924
vn -0.2742 0.9051 -0.3249
vn 0.4241 0.7459 -0.5136
vn -0.4456 0.8491 -0.2838
vn 0.8573 0.5079 -0.0836
vn 0.5277 0.7642 -0.3707
vn 0.6048 0.7653 0.2205
vn 0.3810 0.9245 0.0119
vn 0.7477 0.6579 0.0900
vn 0.4433 0.8805 -0.1680
vn 0.4824 0.8013 0.3538
vn 0.2737 0.9512 0.1427
vn 0.8347 0.5361 0.1261
vn 0.3550 0.8908 -0.2836
vn 0.8211 0.5485 0.1576
vn 0.3268 0.9003 -0.2876
vn 0.8473 0.4623 0.2614
vn 0.2105 0.9198 -0.3312
vn 0.1582 0.5844 0.7959
vn 0.6010 0.6291 0.4931
vn 0.0680 0.7871 0.6131
vn 0.4357 0.8081 0.3965
vn 0.1118 0.6849 0.7200
vn 0.5378 0.7096 0.4551
vn -0.0683 0.8802 0.4697
vn 0.3332 0.9127 0.2367
vn -0.0549 0.6676 0.7425
vn 0.6136 0.7268 0.3087
vn -0.1156 0.7133 0.6913
vn 0.5436 0.8054 0.2362
vn -0.2644 0.7219 0.6395
vn 0.5124 0.8549 0.0817
vn 0.4882 0.2163 0.8455
vn 0.8123 0.3311 0.4801
vn 0.2728 0.7396 0.6154
vn 0.4659 0.7646 0.4453
vn 0.4021 0.4448 0.8003
vn 0.6811 0.5391 0.4955
vn 0.1759 0.9079 0.3806
vn 0.2409 0.9337 0.2650
vn 0.3172 0.3449 0.8834
vn 0.7638 0.5450 0.3457
vn 0.2835 0.4005 0.8713
vn 0.7425 0.5924 0.3128
vn 0.1743 0.4121 0.8943
vn 0.7421 0.6508 0.1605
vn -0.2301 0.8813 -0.4127
vn -0.4739 0.8740 0.1070
vn -0.0064 0.9620 -0.2730
vn -0.2021 0.9659 0.1615
vn -0.1115 0.9321 -0.3446
vn -0.3481 0.9275 0.1366
vn 0.2553 0.9410 -0.2219
vn 0.0335 0.9518 0.3050
vn -0.0015 0.8966 -0.4429
vn -0.3400 0.8935 0.2934
vn 0.0854 0.9102 -0.4052
vn -0.2157 0.9244 0.3146
vn 0.1990 0.8638 -0.4629
vn -0.1157 0.9045 0.4104
vn -0.5882 0.8069 0.0536
vn -0.3423 0.8562 0.3870
vn -0.0919 0.9946 -0.0488
vn 0.0337 0.9852 0.1682
vn -0.3237 0.9453 -0.0397
vn -0.1681 0.9444 0.2825
vn 0.0567 0.9921 -0.1119
vn 0.2049 0.9726 0.1094
vn -0.4945 0.8521 -0.1714
vn -0.2065 0.9058 0.3699
vn -0.5631 0.7996 -0.2087
vn -0.2063 0.9189 0.3361
vn -0.6539 0.6710 -0.3497
vn -0.1490 0.9137 0.3781
vn -0.1886 0.8871 0.4213
vn 0.2994 0.8955 0.3294
vn -0.1694 0.9812 0.0928
vn 0.2886 0.9570 0.0302
vn -0.1961 0.9491 0.2465
vn 0.3029 0.9332 0.1936
vn -0.2298 0.9615 -0.1505
vn 0.2942 0.9280 -0.2287
vn -0.3415 0.9034 0.2592
vn 0.3778 0.9143 0.1461
vn -0.3649 0.9068 0.2112
vn 0.3660 0.9267 0.0856
vn -0.4769 0.8642 0.1606
vn 0.4371 0.8994 0.0052
vn 0.5189 0.6156 -0.5931
vn 0.1035 0.5789 -0.8088
vn 0.4332 0.8630 -0.2600
vn 0.1601 0.9256 -0.3431
vn 0.4945 0.7254 -0.4788
vn 0.1130 0.7796 -0.6160
vn 0.3749 0.9266 -0.0288
vn 0.1480 0.9808 -0.1274
vn 0.5421 0.7006 -0.4639
vn -0.1127 0.6920 -0.7130
vn 0.4803 0.7587 -0.4402
vn -0.1791 0.6680 -0.7223
vn 0.4829 0.7948 -0.3675
vn -0.3501 0.5744 -0.7399
vn 0.5912 0.8014 0.0905
vn 0.4487 0.8400 -0.3051
vn 0.2273 0.9650 0.1310
vn 0.1407 0.9762 -0.1651
vn 0.4016 0.9050 0.1399
vn 0.3012 0.9239 -0.2359
vn 0.0662 0.9835 0.1683
vn -0.0520 0.9897 -0.1334
vn 0.5181 0.8218 0.2372
vn 0.3164 0.8887 -0.3319
vn 0.6746 0.6923 0.2563
vn 0.3357 0.8743 -0.3505
vn 0.7238 0.5888 0.3598
vn 0.3052 0.8453 -0.4384
vn -0.8662 0.4919 0.0877
vn -0.6038 0.5892 0.5370
vn -0.6057 0.7933 -0.0618
vn -0.4130 0.8704 0.2679
vn -0.7478 0.6639 0.0032
vn -0.4949 0.7666 0.4092
vn -0.4545 0.8734 -0.1750
vn -0.2666 0.9494 0.1659
vn -0.8003 0.5933 -0.0871
vn -0.4006 0.7395 0.5409
vn -0.7628 0.6377 -0.1074
vn -0.3599 0.7567 0.5458
vn -0.7495 0.6227 -0.2247
vn -0.2346 0.7604 0.6056
vn 0.3986 0.7069 -0.5843
vn -0.0332 0.7921 -0.6095
vn 0.2106 0.9544 -0.2114
vn -0.1112 0.9528 -0.2824
vn 0.3503 0.8649 -0.3594
vn -0.0581 0.8833 -0.4652
vn 0.1213 0.9914 -0.0499
vn -0.2156 0.9740 -0.0702
vn 0.5356 0.7563 -0.3756
vn -0.1059 0.8622 -0.4953
vn 0.5855 0.6780 -0.4443
vn -0.0741 0.8962 -0.4374
vn 0.7155 0.5322 -0.4526
vn -0.1509 0.9078 -0.3913
vn -0.3546 0.5833 0.7308
vn 0.1231 0.6539 0.7465
vn -0.3900 0.8249 0.4092
vn -0.0827 0.9081 0.4105
vn -0.3890 0.7131 0.5833
vn 0.0331 0.8257 0.5631
vn -0.3923 0.8830 0.2578
vn -0.1248 0.9589 0.2550
vn -0.4439 0.6525 0.6142
vn 0.2297 0.7934 0.5637
vn -0.4287 0.6998 0.5714
vn 0.2823 0.7875 0.5479
vn -0.5025 0.6891 0.5222
vn 0.4320 0.7672 0.4740
vn -0.0183 0.8566 -0.5157
vn -0.2450 0.9489 -0.1990
vn 0.2851 0.9329 -0.2201
vn 0.1270 0.9919 0.0002
vn 0.1806 0.9186 -0.3514
vn -0.0237 0.9974 -0.0682
vn 0.4053 0.9056 -0.1253
vn 0.2418 0.9647 0.1042
vn 0.1792 0.8523 -0.4914
vn -0.1582 0.9870 -0.0285
vn 0.1791 0.8313 -0.5262
vn -0.1992 0.9798 -0.0170
vn 0.2448 0.7460 -0.6194
vn -0.2907 0.9523 0.0924
vn 0.1594 0.6125 -0.7742
vn -0.3294 0.5024 -0.7994
vn 0.0561 0.8302 -0.5546
vn -0.3235 0.7545 -0.5710
vn 0.1086 0.7464 -0.6565
vn -0.3538 0.6528 -0.6699
vn 0.0595 0.9152 -0.3986
vn -0.3505 0.8313 -0.4313
vn 0.2322 0.7449 -0.6254
vn -0.4939 0.5829 -0.6452
vn 0.1884 0.8506 -0.4908
vn -0.5227 0.6184 -0.5868
vn 0.2390 0.8866 -0.3960
vn -0.6174 0.5903 -0.5199
vn -0.4325 0.6917 0.5784
vn -0.0163 0.8458 0.5333
vn -0.4384 0.8766 0.1985
vn -0.1463 0.9742 0.1719
vn -0.4618 0.8036 0.3753
vn -0.0798 0.9341 0.3479
vn -0.4530 0.8912 0.0261
vn -0.1567 0.9876 -0.0075
vn -0.5751 0.7035 0.4176
vn 0.0401 0.9274 0.3719
vn -0.6008 0.6893 0.4048
vn 0.0374 0.9380 0.3445
vn -0.7002 0.6101 0.3708
vn 0.1363 0.9462 0.2934
vn -0.8716 0.4665 -0.1508
vn -0.7884 0.5378 0.2987
vn -0.6192 0.7649 -0.1776
vn -0.5565 0.8164 0.1540
vn -0.7529 0.6339 -0.1766
vn -0.6725 0.7008 0.2379
vn -0.4555 0.8595 -0.2318
vn -0.3952 0.9110 0.1178
vn -0.7729 0.5656 -0.2878
vn -0.6466 0.6683 0.3678
vn -0.7507 0.5870 -0.3031
vn -0.6214 0.6867 0.3772
vn -0.7140 0.5668 -0.4111
vn -0.5638 0.6672 0.4869
vn 0.5652 0.8235 0.0484
vn 0.4016 0.8180 -0.4118
vn 0.2108 0.9711 0.1122
vn 0.0849 0.9692 -0.2313
vn 0.3823 0.9191 0.0958
vn 0.2301 0.9153 -0.3307
vn 0.0278 0.9809 0.1923
vn -0.1082 0.9791 -0.1725
vn 0.4348 0.8746 0.2146
vn 0.1953 0.8681 -0.4564
vn 0.3999 0.8847 0.2397
vn 0.1503 0.8804 -0.4497
vn 0.3762 0.8560 0.3547
vn 0.0552 0.8501 -0.5238
vt 0.000000 0.000000
s 0
usemtl VCol.003
f 318/52/38 287/52/38 285/52/38 317/52/38
f 320/52/39 292/52/39 291/52/39 319/52/39
f 322/52/40 290/52/40 289/52/40 321/52/40
f 323/52/41 288/52/41 287/52/41 318/52/41
f 317/52/42 285/52/42 286/52/42 324/52/42
f 324/52/43 286/52/43 292/52/43 320/52/43
f 319/52/44 291/52/44 290/52/44 322/52/44
f 321/52/45 289/52/45 288/52/45 323/52/45
f 284/52/46 308/52/46 307/52/46 283/52/46
f 277/52/47 286/52/47 285/52/47 278/52/47
f 278/52/47 285/52/47 287/52/47 279/52/47
f 279/52/47 287/52/47 288/52/47 280/52/47
f 280/52/47 288/52/47 289/52/47 281/52/47
f 281/52/47 289/52/47 290/52/47 282/52/47
f 282/52/47 290/52/47 291/52/47 283/52/47
f 283/52/47 291/52/47 292/52/47 284/52/47
f 284/52/47 292/52/47 286/52/47 277/52/47
f 300/52/47 298/52/47 299/52/47
f 282/52/48 306/52/48 305/52/48 281/52/48
f 280/52/49 304/52/49 303/52/49 279/52/49
f 278/52/50 301/52/50 302/52/50 277/52/50
f 277/52/51 302/52/51 308/52/51 284/52/51
f 283/52/52 307/52/52 306/52/52 282/52/52
f 281/52/53 305/52/53 304/52/53 280/52/53
f 279/52/54 303/52/54 301/52/54 278/52/54
f 310/52/55 302/52/55 301/52/55 309/52/55
f 309/52/56 301/52/56 303/52/56 311/52/56
f 311/52/57 303/52/57 304/52/57 312/52/57
f 312/52/58 304/52/58 305/52/58 313/52/58
f 313/52/59 305/52/59 306/52/59 314/52/59
f 314/52/60 306/52/60 307/52/60 315/52/60
f 315/52/61 307/52/61 308/52/61 316/52/61
f 316/52/62 308/52/62 302/52/62 310/52/62
f 293/52/63 310/52/63 309/52/63 294/52/63
f 294/52/64 309/52/64 311/52/64 295/52/64
f 295/52/65 311/52/65 312/52/65 296/52/65
f 296/52/66 312/52/66 313/52/66 297/52/66
f 297/52/67 313/52/67 314/52/67 298/52/67
f 298/52/68 314/52/68 315/52/68 299/52/68
f 299/52/69 315/52/69 316/52/69 300/52/69
f 300/52/70 316/52/70 310/52/70 293/52/70
f 276/52/71 275/52/71 274/52/71
f 273/52/72 321/52/72 323/52/72 272/52/72
f 275/52/73 319/52/73 322/52/73 274/52/73
f 269/52/74 324/52/74 320/52/74 276/52/74
f 270/52/75 317/52/75 324/52/75 269/52/75
f 272/52/76 323/52/76 318/52/76 271/52/76
f 274/52/77 322/52/77 321/52/77 273/52/77
f 276/52/78 320/52/78 319/52/78 275/52/78
f 271/52/79 318/52/79 317/52/79 270/52/79
f 271/52/71 270/52/71 272/52/71
f 270/52/71 269/52/71 273/52/71 272/52/71
f 269/52/71 276/52/71 274/52/71 273/52/71
f 294/52/47 295/52/47 296/52/47
f 293/52/47 294/52/47 296/52/47 297/52/47
f 293/52/47 297/52/47 298/52/47 300/52/47
f 325/52/80 328/52/80 330/52/80 327/52/80
f 327/52/81 330/52/81 329/52/81 326/52/81
f 326/52/82 329/52/82 328/52/82 325/52/82
f 328/52/83 331/52/83 333/52/83 330/52/83
f 330/52/84 333/52/84 332/52/84 329/52/84
f 329/52/85 332/52/85 331/52/85 328/52/85
f 331/52/86 334/52/86 336/52/86 333/52/86
f 333/52/87 336/52/87 335/52/87 332/52/87
f 332/52/88 335/52/88 334/52/88 331/52/88
f 334/52/89 337/52/89 339/52/89 336/52/89
f 336/52/90 339/52/90 338/52/90 335/52/90
f 335/52/91 338/52/91 337/52/91 334/52/91
f 345/52/92 340/52/92 342/52/92 344/52/92
f 344/52/93 342/52/93 341/52/93 346/52/93
f 346/52/94 341/52/94 340/52/94 345/52/94
f 340/52/95 343/52/95 342/52/95
f 342/52/96 343/52/96 341/52/96
f 341/52/97 343/52/97 340/52/97
f 338/52/98 346/52/98 345/52/98 337/52/98
f 339/52/99 344/52/99 346/52/99 338/52/99
f 337/52/100 345/52/100 344/52/100 339/52/100
f 355/52/101 354/52/101 352/52/101 350/52/101
f 354/52/102 356/52/102 351/52/102 352/52/102
f 356/52/103 355/52/103 350/52/103 351/52/103
f 350/52/104 352/52/104 353/52/104
f 352/52/105 351/52/105 353/52/105
f 351/52/106 350/52/106 353/52/106
f 348/52/107 347/52/107 355/52/107 356/52/107
f 349/52/108 348/52/108 356/52/108 354/52/108
f 347/52/109 349/52/109 354/52/109 355/52/109
f 366/52/110 362/52/110 360/52/110
f 359/52/111 362/52/111 366/52/111
f 367/52/112 365/52/112 361/52/112 364/52/112
f 363/52/113 358/52/113 365/52/113 367/52/113
f 365/52/114 366/52/114 360/52/114 361/52/114
f 358/52/115 359/52/115 366/52/115 365/52/115
f 357/52/116 367/52/116 364/52/116
f 357/52/117 363/52/117 367/52/117
f 360/52/118 362/52/118 370/52/118 369/52/118
f 362/52/119 359/52/119 368/52/119 370/52/119
f 369/52/120 370/52/120 373/52/120 372/52/120
f 370/52/121 368/52/121 371/52/121 373/52/121
f 372/52/122 373/52/122 376/52/122 375/52/122
f 373/52/123 371/52/123 374/52/123 376/52/123
f 386/52/124 382/52/124 380/52/124
f 379/52/125 382/52/125 386/52/125
f 387/52/126 385/52/126 381/52/126 384/52/126
f 383/52/127 378/52/127 385/52/127 387/52/127
f 385/52/128 386/52/128 380/52/128 381/52/128
f 378/52/129 379/52/129 386/52/129 385/52/129
f 377/52/130 387/52/130 384/52/130
f 377/52/131 383/52/131 387/52/131
f 380/52/132 382/52/132 390/52/132 389/52/132
f 382/52/133 379/52/133 388/52/133 390/52/133
f 389/52/134 390/52/134 393/52/134 392/52/134
f 390/52/135 388/52/135 391/52/135 393/52/135
f 392/52/136 393/52/136 396/52/136 395/52/136
f 393/52/137 391/52/137 394/52/137 396/52/137
f 406/52/138 402/52/138 400/52/138
f 399/52/139 402/52/139 406/52/139
f 407/52/140 405/52/140 401/52/140 404/52/140
f 403/52/141 398/52/141 405/52/141 407/52/141
f 405/52/142 406/52/142 400/52/142 401/52/142
f 398/52/143 399/52/143 406/52/143 405/52/143
f 397/52/144 407/52/144 404/52/144
f 397/52/145 403/52/145 407/52/145
f 400/52/146 402/52/146 410/52/146 409/52/146
f 402/52/147 399/52/147 408/52/147 410/52/147
f 409/52/148 410/52/148 413/52/148 412/52/148
f 410/52/149 408/52/149 411/52/149 413/52/149
f 412/52/150 413/52/150 416/52/150 415/52/150
f 413/52/151 411/52/151 414/52/151 416/52/151
f 426/52/152 422/52/152 420/52/152
f 419/52/153 422/52/153 426/52/153
f 427/52/154 425/52/154 421/52/154 424/52/154
f 423/52/155 418/52/155 425/52/155 427/52/155
f 425/52/156 426/52/156 420/52/156 421/52/156
f 418/52/157 419/52/157 426/52/157 425/52/157
f 417/52/158 427/52/158 424/52/158
f 417/52/159 423/52/159 427/52/159
f 420/52/160 422/52/160 430/52/160 429/52/160
f 422/52/161 419/52/161 428/52/161 430/52/161
f 429/52/162 430/52/162 433/52/162 432/52/162
f 430/52/163 428/52/163 431/52/163 433/52/163
f 432/52/164 433/52/164 436/52/164 435/52/164
f 433/52/165 431/52/165 434/52/165 436/52/165
f 446/52/166 442/52/166 440/52/166
f 439/52/167 442/52/167 446/52/167
f 447/52/168 445/52/168 441/52/168 444/52/168
f 443/52/169 438/52/169 445/52/169 447/52/169
f 445/52/170 446/52/170 440/52/170 441/52/170
f 438/52/171 439/52/171 446/52/171 445/52/171
f 437/52/172 447/52/172 444/52/172
f 437/52/173 443/52/173 447/52/173
f 440/52/174 442/52/174 450/52/174 449/52/174
f 442/52/175 439/52/175 448/52/175 450/52/175
f 449/52/176 450/52/176 453/52/176 452/52/176
f 450/52/177 448/52/177 451/52/177 453/52/177
f 452/52/178 453/52/178 456/52/178 455/52/178
f 453/52/179 451/52/179 454/52/179 456/52/179
f 466/52/180 462/52/180 460/52/180
f 459/52/181 462/52/181 466/52/181
f 467/52/182 465/52/182 461/52/182 464/52/182
f 463/52/183 458/52/183 465/52/183 467/52/183
f 465/52/184 466/52/184 460/52/184 461/52/184
f 458/52/185 459/52/185 466/52/185 465/52/185
f 457/52/186 467/52/186 464/52/186
f 457/52/187 463/52/187 467/52/187
f 460/52/188 462/52/188 470/52/188 469/52/188
f 462/52/189 459/52/189 468/52/189 470/52/189
f 469/52/190 470/52/190 473/52/190 472/52/190
f 470/52/191 468/52/191 471/52/191 473/52/191
f 472/52/192 473/52/192 476/52/192 475/52/192
f 473/52/193 471/52/193 474/52/193 476/52/193
f 486/52/194 482/52/194 480/52/194
f 479/52/195 482/52/195 486/52/195
f 487/52/196 485/52/196 481/52/196 484/52/196
f 483/52/197 478/52/197 485/52/197 487/52/197
f 485/52/198 486/52/198 480/52/198 481/52/198
f 478/52/199 479/52/199 486/52/199 485/52/199
f 477/52/200 487/52/200 484/52/200
f 477/52/201 483/52/201 487/52/201
f 480/52/202 482/52/202 490/52/202 489/52/202
f 482/52/203 479/52/203 488/52/203 490/52/203
f 489/52/204 490/52/204 493/52/204 492/52/204
f 490/52/205 488/52/205 491/52/205 493/52/205
f 492/52/206 493/52/206 496/52/206 495/52/206
f 493/52/207 491/52/207 494/52/207 496/52/207
f 506/52/208 502/52/208 500/52/208
f 499/52/209 502/52/209 506/52/209
f 507/52/210 505/52/210 501/52/210 504/52/210
f 503/52/211 498/52/211 505/52/211 507/52/211
f 505/52/212 506/52/212 500/52/212 501/52/212
f 498/52/213 499/52/213 506/52/213 505/52/213
f 497/52/214 507/52/214 504/52/214
f 497/52/215 503/52/215 507/52/215
f 500/52/216 502/52/216 510/52/216 509/52/216
f 502/52/217 499/52/217 508/52/217 510/52/217
f 509/52/218 510/52/218 513/52/218 512/52/218
f 510/52/219 508/52/219 511/52/219 513/52/219
f 512/52/220 513/52/220 516/52/220 515/52/220
f 513/52/221 511/52/221 514/52/221 516/52/221
f 526/52/222 522/52/222 520/52/222
f 519/52/223 522/52/223 526/52/223
f 527/52/224 525/52/224 521/52/224 524/52/224
f 523/52/225 518/52/225 525/52/225 527/52/225
f 525/52/226 526/52/226 520/52/226 521/52/226
f 518/52/227 519/52/227 526/52/227 525/52/227
f 517/52/228 527/52/228 524/52/228
f 517/52/229 523/52/229 527/52/229
f 520/52/230 522/52/230 530/52/230 529/52/230
f 522/52/231 519/52/231 528/52/231 530/52/231
f 529/52/232 530/52/232 533/52/232 532/52/232
f 530/52/233 528/52/233 531/52/233 533/52/233
f 532/52/234 533/52/234 536/52/234 535/52/234
f 533/52/235 531/52/235 534/52/235 536/52/235
f 546/52/236 542/52/236 540/52/236
f 539/52/237 542/52/237 546/52/237
f 547/52/238 545/52/238 541/52/238 544/52/238
f 543/52/239 538/52/239 545/52/239 547/52/239
f 545/52/240 546/52/240 540/52/240 541/52/240
f 538/52/241 539/52/241 546/52/241 545/52/241
f 537/52/242 547/52/242 544/52/242
f 537/52/243 543/52/243 547/52/243
f 540/52/244 542/52/244 550/52/244 549/52/244
f 542/52/245 539/52/245 548/52/245 550/52/245
f 549/52/246 550/52/246 553/52/246 552/52/246
f 550/52/247 548/52/247 551/52/247 553/52/247
f 552/52/248 553/52/248 556/52/248 555/52/248
f 553/52/249 551/52/249 554/52/249 556/52/249
f 566/52/250 562/52/250 560/52/250
f 559/52/251 562/52/251 566/52/251
f 567/52/252 565/52/252 561/52/252 564/52/252
f 563/52/253 558/52/253 565/52/253 567/52/253
f 565/52/254 566/52/254 560/52/254 561/52/254
f 558/52/255 559/52/255 566/52/255 565/52/255
f 557/52/256 567/52/256 564/52/256
f 557/52/257 563/52/257 567/52/257
f 560/52/258 562/52/258 570/52/258 569/52/258
f 562/52/259 559/52/259 568/52/259 570/52/259
f 569/52/260 570/52/260 573/52/260 572/52/260
f 570/52/261 568/52/261 571/52/261 573/52/261
f 572/52/262 573/52/262 576/52/262 575/52/262
f 573/52/263 571/52/263 574/52/263 576/52/263
f 586/52/264 582/52/264 580/52/264
f 579/52/265 582/52/265 586/52/265
f 587/52/266 585/52/266 581/52/266 584/52/266
f 583/52/267 578/52/267 585/52/267 587/52/267
f 585/52/268 586/52/268 580/52/268 581/52/268
f 578/52/269 579/52/269 586/52/269 585/52/269
f 577/52/270 587/52/270 584/52/270
f 577/52/271 583/52/271 587/52/271
f 580/52/272 582/52/272 590/52/272 589/52/272
f 582/52/273 579/52/273 588/52/273 590/52/273
f 589/52/274 590/52/274 593/52/274 592/52/274
f 590/52/275 588/52/275 591/52/275 593/52/275
f 592/52/276 593/52/276 596/52/276 595/52/276
f 593/52/277 591/52/277 594/52/277 596/52/277
f 606/52/278 602/52/278 600/52/278
f 599/52/279 602/52/279 606/52/279
f 607/52/280 605/52/280 601/52/280 604/52/280
f 603/52/281 598/52/281 605/52/281 607/52/281
f 605/52/282 606/52/282 600/52/282 601/52/282
f 598/52/283 599/52/283 606/52/283 605/52/283
f 597/52/284 607/52/284 604/52/284
f 597/52/285 603/52/285 607/52/285
f 600/52/286 602/52/286 610/52/286 609/52/286
f 602/52/287 599/52/287 608/52/287 610/52/287
f 609/52/288 610/52/288 613/52/288 612/52/288
f 610/52/289 608/52/289 611/52/289 613/52/289
f 612/52/290 613/52/290 616/52/290 615/52/290
f 613/52/291 611/52/291 614/52/291 616/52/291
f 626/52/292 622/52/292 620/52/292
f 619/52/293 622/52/293 626/52/293
f 627/52/294 625/52/294 621/52/294 624/52/294
f 623/52/295 618/52/295 625/52/295 627/52/295
f 625/52/296 626/52/296 620/52/296 621/52/296
f 618/52/297 619/52/297 626/52/297 625/52/297
f 617/52/298 627/52/298 624/52/298
f 617/52/299 623/52/299 627/52/299
f 620/52/300 622/52/300 630/52/300 629/52/300
f 622/52/301 619/52/301 628/52/301 630/52/301
f 629/52/302 630/52/302 633/52/302 632/52/302
f 630/52/303 628/52/303 631/52/303 633/52/303
f 632/52/304 633/52/304 636/52/304 635/52/304
f 633/52/305 631/52/305 634/52/305 636/52/305
f 646/52/306 642/52/306 640/52/306
f 639/52/307 642/52/307 646/52/307
f 647/52/308 645/52/308 641/52/308 644/52/308
f 643/52/309 638/52/309 645/52/309 647/52/309
f 645/52/310 646/52/310 640/52/310 641/52/310
f 638/52/311 639/52/311 646/52/311 645/52/311
f 637/52/312 647/52/312 644/52/312
f 637/52/313 643/52/313 647/52/313
f 640/52/314 642/52/314 650/52/314 649/52/314
f 642/52/315 639/52/315 648/52/315 650/52/315
f 649/52/316 650/52/316 653/52/316 652/52/316
f 650/52/317 648/52/317 651/52/317 653/52/317
f 652/52/318 653/52/318 656/52/318 655/52/318
f 653/52/319 651/52/319 654/52/319 656/52/319
f 666/52/320 662/52/320 660/52/320
f 659/52/321 662/52/321 666/52/321
f 667/52/322 665/52/322 661/52/322 664/52/322
f 663/52/323 658/52/323 665/52/323 667/52/323
f 665/52/324 666/52/324 660/52/324 661/52/324
f 658/52/325 659/52/325 666/52/325 665/52/325
f 657/52/326 667/52/326 664/52/326
f 657/52/327 663/52/327 667/52/327
f 660/52/328 662/52/328 670/52/328 669/52/328
f 662/52/329 659/52/329 668/52/329 670/52/329
f 669/52/330 670/52/330 673/52/330 672/52/330
f 670/52/331 668/52/331 671/52/331 673/52/331
f 672/52/332 673/52/332 676/52/332 675/52/332
f 673/52/333 671/52/333 674/52/333 676/52/333
f 686/52/334 682/52/334 680/52/334
f 679/52/335 682/52/335 686/52/335
f 687/52/336 685/52/336 681/52/336 684/52/336
f 683/52/337 678/52/337 685/52/337 687/52/337
f 685/52/338 686/52/338 680/52/338 681/52/338
f 678/52/339 679/52/339 686/52/339 685/52/339
f 677/52/340 687/52/340 684/52/340
f 677/52/341 683/52/341 687/52/341
f 680/52/342 682/52/342 690/52/342 689/52/342
f 682/52/343 679/52/343 688/52/343 690/52/343
f 689/52/344 690/52/344 693/52/344 692/52/344
f 690/52/345 688/52/345 691/52/345 693/52/345
f 692/52/346 693/52/346 696/52/346 695/52/346
f 693/52/347 691/52/347 694/52/347 696/52/347
f 706/52/348 702/52/348 700/52/348
f 699/52/349 702/52/349 706/52/349
f 707/52/350 705/52/350 701/52/350 704/52/350
f 703/52/351 698/52/351 705/52/351 707/52/351
f 705/52/352 706/52/352 700/52/352 701/52/352
f 698/52/353 699/52/353 706/52/353 705/52/353
f 697/52/354 707/52/354 704/52/354
f 697/52/355 703/52/355 707/52/355
f 700/52/356 702/52/356 710/52/356 709/52/356
f 702/52/357 699/52/357 708/52/357 710/52/357
f 709/52/358 710/52/358 713/52/358 712/52/358
f 710/52/359 708/52/359 711/52/359 713/52/359
f 712/52/360 713/52/360 716/52/360 715/52/360
f 713/52/361 711/52/361 714/52/361 716/52/361
f 726/52/362 722/52/362 720/52/362
f 719/52/363 722/52/363 726/52/363
f 727/52/364 725/52/364 721/52/364 724/52/364
f 723/52/365 718/52/365 725/52/365 727/52/365
f 725/52/366 726/52/366 720/52/366 721/52/366
f 718/52/367 719/52/367 726/52/367 725/52/367
f 717/52/368 727/52/368 724/52/368
f 717/52/369 723/52/369 727/52/369
f 720/52/370 722/52/370 730/52/370 729/52/370
f 722/52/371 719/52/371 728/52/371 730/52/371
f 729/52/372 730/52/372 733/52/372 732/52/372
f 730/52/373 728/52/373 731/52/373 733/52/373
f 732/52/374 733/52/374 736/52/374 735/52/374
f 733/52/375 731/52/375 734/52/375 736/52/375
o Crate00
v 0.405508 -0.052096 1.330381
v 0.387673 -0.052096 1.312546
v 0.387673 -0.052096 1.200855
v 0.405508 -0.052096 1.183020
v 0.535034 -0.052096 1.312546
v 0.517198 -0.052096 1.330381
v 0.517198 -0.052096 1.183020
v 0.535034 -0.052096 1.200855
v 0.516575 0.096014 1.328875
v 0.516441 -0.022827 1.328554
v 0.533528 0.096014 1.201479
v 0.533207 -0.022827 1.201612
v 0.389178 0.096014 1.311922
v 0.389500 -0.022827 1.311789
v 0.406132 0.096014 1.184526
v 0.406265 -0.022827 1.184847
v 0.406265 -0.022827 1.328554
v 0.406132 0.096014 1.328875
v 0.389500 -0.022827 1.201612
v 0.389178 0.096014 1.201479
v 0.517198 -0.021319 1.183020
v 0.516575 0.096014 1.184526
v 0.533207 -0.022827 1.311789
v 0.533528 0.096014 1.311922
v 0.517198 -0.028282 1.183020
v 0.405508 -0.028282 1.330381
v 0.387673 -0.028282 1.200855
v 0.535034 -0.028282 1.312546
v 0.389500 -0.026774 1.311789
v 0.406265 -0.026774 1.184847
v 0.533207 -0.026774 1.201612
v 0.516441 -0.026774 1.328554
v 0.405508 -0.021319 1.330381
v 0.387673 -0.021319 1.312546
v 0.405508 -0.021319 1.183020
v 0.387673 -0.021319 1.200855
v 0.517198 -0.021319 1.330381
v 0.535034 -0.021319 1.312546
v 0.535034 -0.021319 1.200855
v 0.516441 -0.022827 1.184847
v 0.517198 -0.028282 1.330381
v 0.406265 -0.026774 1.328554
v 0.535034 -0.028282 1.200855
v 0.533207 -0.026774 1.311789
v 0.387673 -0.028282 1.312546
v 0.389500 -0.026774 1.201612
v 0.405508 -0.028282 1.183020
v 0.516441 -0.026774 1.184847
v 0.416026 0.113467 1.304990
v 0.413064 0.113467 1.302028
v 0.413064 0.113467 1.211373
v 0.416026 0.113467 1.208411
v 0.506681 0.113467 1.208411
v 0.509642 0.113467 1.211373
v 0.509642 0.113467 1.302028
v 0.506681 0.113467 1.304990
v 0.405508 0.108162 1.330381
v 0.387673 0.108162 1.312546
v 0.387673 0.108162 1.200855
v 0.405508 0.108162 1.183020
v 0.517198 0.108162 1.183020
v 0.535034 0.108162 1.200855
v 0.535034 0.108162 1.312546
v 0.517198 0.108162 1.330381
v 0.411612 0.117242 1.315645
v 0.402409 0.117242 1.306442
v 0.402409 0.117242 1.206959
v 0.411612 0.117242 1.197756
v 0.511094 0.117242 1.197756
v 0.520298 0.117242 1.206959
v 0.520298 0.117242 1.306442
v 0.511094 0.117242 1.315645
v 0.415239 0.117242 1.306888
v 0.411165 0.117242 1.302815
v 0.411165 0.117242 1.210586
v 0.415239 0.117242 1.206513
v 0.507467 0.117242 1.206513
v 0.511541 0.117242 1.210586
v 0.511541 0.117242 1.302815
v 0.507467 0.117242 1.306888
v 0.389178 0.098285 1.201479
v 0.405508 0.099034 1.183020
v 0.406132 0.098285 1.328875
v 0.387673 0.099034 1.312546
v 0.533528 0.098285 1.201479
v 0.535034 0.099034 1.312546
v 0.517198 0.099034 1.183020
v 0.517198 0.099034 1.330381
v 0.405508 0.095265 1.330381
v 0.387673 0.095265 1.312546
v 0.387673 0.095265 1.200855
v 0.405508 0.095265 1.183020
v 0.517198 0.095265 1.183020
v 0.535034 0.095265 1.200855
v 0.535034 0.095265 1.312546
v 0.517198 0.095265 1.330381
v 0.516575 0.098285 1.184526
v 0.535034 0.099034 1.200855
v 0.516575 0.098285 1.328875
v 0.405508 0.099034 1.330381
v 0.533528 0.098285 1.311922
v 0.406132 0.098285 1.184526
v 0.389178 0.098285 1.311922
v 0.387673 0.099034 1.200855
v 0.402589 -0.032411 1.185939
v 0.402589 -0.047967 1.185939
v 0.390592 -0.047967 1.197936
v 0.390592 -0.032411 1.197936
v 0.532114 -0.032411 1.197936
v 0.532114 -0.047967 1.197936
v 0.520118 -0.047967 1.185939
v 0.520118 -0.032411 1.185939
v 0.520118 -0.032411 1.327462
v 0.520118 -0.047967 1.327462
v 0.532114 -0.047967 1.315465
v 0.532114 -0.032411 1.315465
v 0.513070 -0.047967 1.330381
v 0.513070 -0.032411 1.330381
v 0.409637 -0.032411 1.330381
v 0.409637 -0.047967 1.330381
v 0.535034 -0.047967 1.204984
v 0.535034 -0.032411 1.204984
v 0.535034 -0.032411 1.308417
v 0.535034 -0.047967 1.308417
v 0.387673 -0.047967 1.308417
v 0.387673 -0.032411 1.308417
v 0.387673 -0.032411 1.204984
v 0.387673 -0.047967 1.204984
v 0.409637 -0.047967 1.183020
v 0.409637 -0.032411 1.183020
v 0.513070 -0.032411 1.183020
v 0.513070 -0.047967 1.183020
v 0.402589 -0.047967 1.327462
v 0.402589 -0.032411 1.327462
v 0.390592 -0.032411 1.315465
v 0.390592 -0.047967 1.315465
v 0.403311 -0.033622 1.188375
v 0.403311 -0.046756 1.188375
v 0.393027 -0.046756 1.198658
v 0.393027 -0.033622 1.198658
v 0.529679 -0.033622 1.198658
v 0.529679 -0.046756 1.198658
v 0.519395 -0.046756 1.188375
v 0.519395 -0.033622 1.188375
v 0.519395 -0.033622 1.325026
v 0.519395 -0.046756 1.325026
v 0.529679 -0.046756 1.314743
v 0.529679 -0.033622 1.314743
v 0.511858 -0.046756 1.328148
v 0.511858 -0.033622 1.328148
v 0.410848 -0.033622 1.328148
v 0.410848 -0.046756 1.328148
v 0.532801 -0.046756 1.206195
v 0.532801 -0.033622 1.206195
v 0.532801 -0.033622 1.307206
v 0.532801 -0.046756 1.307206
v 0.389905 -0.046756 1.307206
v 0.389905 -0.033622 1.307206
v 0.389905 -0.033622 1.206195
v 0.389905 -0.046756 1.206195
v 0.410848 -0.046756 1.185253
v 0.410848 -0.033622 1.185253
v 0.511858 -0.033622 1.185253
v 0.511858 -0.046756 1.185253
v 0.403311 -0.046756 1.325026
v 0.403311 -0.033622 1.325026
v 0.393027 -0.033622 1.314743
v 0.393027 -0.046756 1.314743
v 0.519436 -0.017933 1.184332
v 0.403270 -0.017933 1.329069
v 0.388984 -0.017933 1.314783
v 0.403270 -0.017933 1.184332
v 0.388984 -0.017933 1.198618
v 0.519436 -0.017933 1.329069
v 0.533722 -0.017933 1.314783
v 0.533722 -0.017933 1.198618
v 0.403270 0.091879 1.329069
v 0.388984 0.091879 1.314783
v 0.388984 0.091879 1.198618
v 0.403270 0.091879 1.184332
v 0.519436 0.091879 1.184332
v 0.533722 0.091879 1.198618
v 0.533722 0.091879 1.314783
v 0.519436 0.091879 1.329069
v 0.519436 0.048669 1.329069
v 0.519436 0.064619 1.329069
v 0.519436 0.009327 1.329069
v 0.519436 0.025277 1.329069
v 0.533722 0.048669 1.198618
v 0.533722 0.064619 1.198618
v 0.533722 0.009327 1.198618
v 0.533722 0.025277 1.198618
v 0.388984 0.048669 1.314783
v 0.388984 0.064619 1.314783
v 0.388984 0.009327 1.314783
v 0.388984 0.025277 1.314783
v 0.403270 0.048669 1.184332
v 0.403270 0.064619 1.184332
v 0.403270 0.009327 1.184332
v 0.403270 0.025277 1.184332
v 0.403270 0.025277 1.329069
v 0.403270 0.009327 1.329069
v 0.403270 0.064619 1.329069
v 0.403270 0.048669 1.329069
v 0.388984 0.025277 1.198618
v 0.388984 0.009327 1.198618
v 0.388984 0.064619 1.198618
v 0.388984 0.048669 1.198618
v 0.519436 0.025277 1.184332
v 0.519436 0.009327 1.184332
v 0.519436 0.064619 1.184332
v 0.519436 0.048669 1.184332
v 0.533722 0.025277 1.314783
v 0.533722 0.009327 1.314783
v 0.533722 0.064619 1.314783
v 0.533722 0.048669 1.314783
v 0.534905 0.089160 1.193589
v 0.534905 0.067339 1.193589
v 0.524465 0.067339 1.183148
v 0.524465 0.089160 1.183148
v 0.398241 0.027997 1.330253
v 0.398241 0.045950 1.330253
v 0.387801 0.045950 1.319812
v 0.387801 0.027997 1.319812
v 0.398241 0.067339 1.330253
v 0.398241 0.089160 1.330253
v 0.387801 0.089160 1.319812
v 0.387801 0.067339 1.319812
v 0.398241 0.045950 1.183148
v 0.398241 0.027997 1.183148
v 0.387801 0.027997 1.193589
v 0.387801 0.045950 1.193589
v 0.398241 0.006608 1.183148
v 0.398241 -0.015214 1.183148
v 0.387801 -0.015214 1.193589
v 0.387801 0.006608 1.193589
v 0.534905 0.045950 1.193589
v 0.534905 0.027997 1.193589
v 0.524465 0.027997 1.183148
v 0.524465 0.045950 1.183148
v 0.534905 0.006608 1.193589
v 0.534905 -0.015214 1.193589
v 0.524465 -0.015214 1.183148
v 0.524465 0.006608 1.183148
v 0.398241 0.089160 1.183148
v 0.398241 0.067339 1.183148
v 0.387801 0.067339 1.193589
v 0.387801 0.089160 1.193589
v 0.398241 -0.015214 1.330253
v 0.398241 0.006608 1.330253
v 0.387801 0.006608 1.319812
v 0.387801 -0.015214 1.319812
v 0.524465 0.045950 1.330253
v 0.524465 0.027997 1.330253
v 0.534905 0.027997 1.319812
v 0.534905 0.045950 1.319812
v 0.524465 0.006608 1.330253
v 0.524465 -0.015214 1.330253
v 0.534905 -0.015214 1.319812
v 0.534905 0.006608 1.319812
v 0.524465 0.089160 1.330253
v 0.524465 0.067339 1.330253
v 0.534905 0.067339 1.319812
v 0.534905 0.089160 1.319812
v 0.535034 0.088173 1.207948
v 0.535034 0.088173 1.305453
v 0.535034 -0.014227 1.305453
v 0.535034 -0.014227 1.207948
v 0.510106 0.088173 1.330381
v 0.412600 0.088173 1.330381
v 0.412600 -0.014227 1.330381
v 0.510106 -0.014227 1.330381
v 0.387673 0.088173 1.305453
v 0.387673 0.088173 1.207948
v 0.387673 -0.014227 1.207948
v 0.387673 -0.014227 1.305453
v 0.412600 0.088173 1.183020
v 0.510106 0.088173 1.183020
v 0.510106 -0.014227 1.183020
v 0.412600 -0.014227 1.183020
v 0.532307 0.085516 1.210605
v 0.532307 0.085516 1.302796
v 0.532307 -0.011570 1.302796
v 0.532307 -0.011570 1.210605
v 0.507449 0.085516 1.327654
v 0.415258 0.085516 1.327654
v 0.415258 -0.011570 1.327654
v 0.507449 -0.011570 1.327654
v 0.390399 0.085516 1.302796
v 0.390399 0.085516 1.210605
v 0.390399 -0.011570 1.210605
v 0.390399 -0.011570 1.302796
v 0.415258 0.085516 1.185747
v 0.507449 0.085516 1.185747
v 0.507449 -0.011570 1.185747
v 0.415258 -0.011570 1.185747
v 0.466824 0.113657 1.306880
v 0.455883 0.113657 1.306880
v 0.455883 0.113690 1.206520
v 0.466824 0.113690 1.206520
v 0.464174 0.115759 1.306893
v 0.458532 0.115759 1.306893
v 0.458532 0.115786 1.206509
v 0.464174 0.115786 1.206509
v 0.484063 0.113680 1.228402
v 0.484063 0.113678 1.234044
v 0.438390 0.113682 1.234044
v 0.438390 0.113684 1.228402
v 0.475165 0.115781 1.228287
v 0.447372 0.115780 1.228516
v 0.447416 0.113683 1.225865
v 0.475202 0.113682 1.225636
v 0.475037 0.113679 1.236580
v 0.447250 0.113680 1.236810
v 0.447287 0.115779 1.234160
v 0.475080 0.115779 1.233930
v 0.470098 0.118467 1.228291
v 0.452603 0.118467 1.228511
v 0.452722 0.113683 1.225858
v 0.470212 0.113682 1.225638
v 0.469731 0.113679 1.236587
v 0.452240 0.113680 1.236808
v 0.452355 0.118466 1.234157
v 0.469849 0.118466 1.233937
v 0.484344 0.113664 1.284866
v 0.484288 0.113665 1.279225
v 0.438617 0.113669 1.279679
v 0.438673 0.113668 1.285321
v 0.475448 0.115765 1.285071
v 0.447654 0.115764 1.285118
v 0.447724 0.113666 1.287767
v 0.475511 0.113664 1.287720
v 0.475237 0.113667 1.276778
v 0.447450 0.113669 1.276825
v 0.447513 0.115766 1.279476
v 0.475307 0.115766 1.279429
v 0.470381 0.118451 1.285119
v 0.452885 0.118451 1.285073
v 0.453030 0.113665 1.287722
v 0.470522 0.113665 1.287768
v 0.469931 0.113668 1.276824
v 0.452440 0.113668 1.276778
v 0.452580 0.118453 1.279429
v 0.470076 0.118453 1.279475
vn 0.7071 -0.0000 0.7071
vn -0.7071 -0.0000 -0.7071
vn -0.7071 -0.0000 0.7071
vn 0.7071 -0.0000 -0.7071
vn -0.0000 -1.0000 -0.0000
vn -0.0000 -0.0000 -1.0000
vn -1.0000 -0.0000 -0.0000
vn 1.0000 -0.0000 -0.0000
vn -0.0000 -0.0000 1.0000
vn -0.4501 -0.7712 0.4501
vn -0.4501 -0.7712 -0.4501
vn 0.4501 -0.7712 0.4501
vn 0.4501 -0.7712 -0.4501
vn -0.0000 -0.7712 -0.6365
vn -0.6365 -0.7712 -0.0000
vn 0.6365 -0.7712 -0.0000
vn -0.0000 -0.7712 0.6365
vn -0.0000 0.7712 0.6365
vn 0.6365 0.7712 -0.0000
vn -0.6365 0.7712 -0.0000
vn -0.0000 0.7712 -0.6365
vn -0.4501 0.7712 0.4501
vn 0.4501 0.7712 0.4501
vn 0.4501 0.7712 -0.4501
vn -0.4501 0.7712 -0.4501
vn -0.0000 1.0000 -0.0000
vn -0.3709 0.8514 0.3709
vn -0.3709 0.8514 -0.3709
vn 0.3709 0.8514 -0.3709
vn 0.3709 0.8514 0.3709
vn -0.5246 0.8514 -0.0000
vn -0.0000 0.8514 0.5246
vn 0.5246 0.8514 -0.0000
vn -0.0000 0.8514 -0.5246
vn 0.6317 0.4493 -0.6317
vn 0.6317 0.4493 0.6317
vn -0.6317 0.4493 0.6317
vn -0.6317 0.4493 -0.6317
vn 0.8934 0.4493 -0.0000
vn -0.0000 0.4493 -0.8934
vn -0.8934 0.4493 -0.0000
vn -0.0000 0.4493 0.8934
vn -0.3147 0.8955 0.3147
vn -0.3147 0.8955 -0.3147
vn 0.3147 0.8955 -0.3147
vn 0.3147 0.8955 0.3147
vn -0.4450 0.8955 -0.0000
vn -0.0000 0.8955 0.4450
vn 0.4450 0.8955 -0.0000
vn -0.0000 0.8955 -0.4450
vn 0.3147 -0.8955 -0.3147
vn -0.0000 -0.8955 0.4450
vn 0.3147 -0.8955 0.3147
vn -0.0000 -0.8955 -0.4450
vn -0.4450 -0.8955 -0.0000
vn 0.4450 -0.8955 -0.0000
vn -0.3147 -0.8955 0.3147
vn -0.3147 -0.8955 -0.3147
vn -0.9587 -0.0000 0.2843
vn -0.3372 0.8790 -0.3372
vn 0.2843 -0.0000 -0.9587
vn -0.3372 -0.8790 -0.3372
vn -0.2843 -0.0000 -0.9587
vn 0.3372 0.8790 -0.3372
vn 0.9587 -0.0000 0.2843
vn 0.3372 -0.8790 -0.3372
vn 0.9587 -0.0000 -0.2843
vn 0.3372 0.8790 0.3372
vn -0.2843 -0.0000 0.9587
vn 0.3372 -0.8790 0.3372
vn -0.8790 -0.0000 0.4769
vn -0.0000 -0.8790 0.4769
vn 0.8790 -0.0000 0.4769
vn -0.0000 0.8790 0.4769
vn 0.4769 -0.0000 0.8790
vn 0.4769 -0.8790 -0.0000
vn 0.4769 -0.0000 -0.8790
vn 0.4769 0.8790 -0.0000
vn -0.4769 -0.0000 -0.8790
vn -0.4769 -0.8790 -0.0000
vn -0.4769 -0.0000 0.8790
vn -0.4769 0.8790 -0.0000
vn 0.8790 -0.0000 -0.4769
vn -0.0000 -0.8790 -0.4769
vn -0.8790 -0.0000 -0.4769
vn -0.0000 0.8790 -0.4769
vn -0.9587 -0.0000 -0.2843
vn -0.3372 -0.8790 0.3372
vn 0.2843 -0.0000 0.9587
vn -0.3372 0.8790 0.3372
vn 0.9734 -0.0000 0.2291
vn 0.3722 -0.8503 -0.3722
vn -0.2291 -0.0000 -0.9734
vn 0.3722 0.8503 -0.3722
vn 0.2291 -0.0000 0.9734
vn -0.3722 0.8503 0.3722
vn -0.9734 -0.0000 -0.2291
vn -0.3722 -0.8503 0.3722
vn 0.2291 -0.0000 -0.9734
vn -0.3722 -0.8503 -0.3722
vn -0.9734 -0.0000 0.2291
vn -0.3722 0.8503 -0.3722
vn -0.2291 -0.0000 0.9734
vn 0.3722 -0.8503 0.3722
vn 0.9734 -0.0000 -0.2291
vn 0.3722 0.8503 0.3722
vn 0.6979 -0.7162 -0.0000
vn 0.6979 -0.0000 -0.7162
vn 0.6979 0.7162 -0.0000
vn 0.6979 -0.0000 0.7162
vn -0.0000 -0.7162 0.6979
vn 0.7162 -0.0000 0.6979
vn -0.0000 0.7162 0.6979
vn -0.7162 -0.0000 0.6979
vn -0.6979 -0.7162 -0.0000
vn -0.6979 -0.0000 0.7162
vn -0.6979 0.7162 -0.0000
vn -0.6979 -0.0000 -0.7162
vn -0.0000 -0.7162 -0.6979
vn -0.7162 -0.0000 -0.6979
vn -0.0000 0.7162 -0.6979
vn 0.7162 -0.0000 -0.6979
vn 0.6209 0.7839 0.0002
vn -0.6209 0.7839 0.0002
vn -0.0000 1.0000 0.0003
vn 0.1899 0.7710 -0.6079
vn 0.1725 0.7705 0.6137
vn 0.2288 0.9735 0.0020
vn -0.2283 0.9736 -0.0014
vn 0.4625 0.8865 0.0139
vn -0.1896 0.7710 0.6080
vn 0.1541 0.6003 0.7848
vn -0.1722 0.7712 -0.6129
vn 0.1610 0.6046 -0.7801
vn -0.1542 0.6009 -0.7843
vn -0.0110 0.4847 -0.8746
vn -0.1611 0.6043 0.7803
vn 0.0110 0.4842 0.8749
vn -0.4626 0.8865 -0.0134
vn 0.1960 0.7706 0.6064
vn 0.1664 0.7709 -0.6149
vn 0.2288 0.9735 -0.0037
vn -0.2283 0.9736 0.0043
vn 0.4623 0.8865 -0.0180
vn -0.1956 0.7713 -0.6056
vn 0.1463 0.6007 -0.7859
vn -0.1660 0.7708 0.6150
vn 0.1688 0.6041 0.7788
vn -0.1463 0.6004 0.7862
vn -0.0023 0.4842 0.8750
vn -0.1688 0.6047 -0.7784
vn 0.0023 0.4847 -0.8747
vn -0.4624 0.8865 0.0185
vt 0.625000 0.780258
vt 0.427213 0.780258
vt 0.427213 0.719742
vt 0.625000 0.719742
vt 0.625000 0.280258
vt 0.625000 0.219742
vt 0.625000 0.280258
vt 0.427213 0.969742
vt 0.625000 0.969742
vt 0.625000 1.000000
vt 0.427213 1.000000
vt 0.395252 0.267446
vt 0.380854 0.267446
vt 0.380854 0.232554
vt 0.395252 0.232554
vt 0.395252 0.517446
vt 0.380854 0.517446
vt 0.380854 0.482554
vt 0.395252 0.482554
vt 0.395252 0.767446
vt 0.380854 0.767446
vt 0.380854 0.732554
vt 0.395252 0.732554
vt 0.125000 0.719742
vt 0.375000 0.719742
vt 0.344742 0.750000
vt 0.155258 0.750000
vt 0.625000 0.530258
vt 0.427213 0.530258
vt 0.427213 0.469742
vt 0.625000 0.469742
vt 0.427213 0.280258
vt 0.427213 0.219742
vt 0.406760 0.969742
vt 0.421559 0.969742
vt 0.421559 1.000000
vt 0.406760 1.000000
vt 0.406760 0.280258
vt 0.421559 0.280258
vt 0.421559 0.469742
vt 0.406760 0.469742
vt 0.406760 0.030258
vt 0.421559 0.030258
vt 0.421559 0.219742
vt 0.406760 0.219742
vt 0.406760 0.530258
vt 0.421559 0.530258
vt 0.421559 0.719742
vt 0.406760 0.719742
vt 0.406760 0.780258
vt 0.421559 0.780258
vt 0.380854 0.789317
vt 0.395252 0.789317
vt 0.395252 0.960682
vt 0.380854 0.960682
vt 0.380854 0.539317
vt 0.395252 0.539317
vt 0.395252 0.710683
vt 0.380854 0.710682
vt 0.380854 0.039317
vt 0.395252 0.039317
vt 0.395252 0.210683
vt 0.380854 0.210683
vt 0.380854 0.289317
vt 0.395252 0.289317
vt 0.395252 0.460683
vt 0.380854 0.460683
vt 0.380854 0.976148
vt 0.395252 0.976148
vt 0.395252 0.993594
vt 0.380854 0.993594
vt 0.427213 0.030258
vt 0.401106 0.969742
vt 0.401106 0.780258
vt 0.401106 0.719742
vt 0.401106 0.530258
vt 0.401106 0.219742
vt 0.401106 0.030258
vt 0.401106 0.469742
vt 0.401106 0.280258
vt 0.401106 1.000000
vt 0.826899 0.543077
vt 0.831923 0.548101
vt 0.831923 0.701899
vt 0.826899 0.706923
vt 0.625000 0.969742
vt 0.625000 0.719742
vt 0.625000 0.530258
vt 0.625000 0.030258
vt 0.625000 0.030258
vt 0.625000 0.780258
vt 0.834387 0.725000
vt 0.850000 0.709387
vt 0.875000 0.719742
vt 0.844742 0.750000
vt 0.850000 0.540613
vt 0.834387 0.525000
vt 0.844742 0.500000
vt 0.875000 0.530258
vt 0.665613 0.525000
vt 0.650000 0.540613
vt 0.625000 0.530258
vt 0.655258 0.500000
vt 0.650000 0.709386
vt 0.665613 0.725000
vt 0.655258 0.750000
vt 0.625000 0.719742
vt 0.828233 0.710144
vt 0.835144 0.703233
vt 0.835144 0.546767
vt 0.828233 0.539856
vt 0.671767 0.539856
vt 0.664856 0.546767
vt 0.664856 0.703233
vt 0.671767 0.710144
vt 0.673101 0.543077
vt 0.668077 0.548101
vt 0.668077 0.701899
vt 0.673101 0.706923
vt 0.625000 0.030258
vt 0.608460 0.546798
vt 0.608460 0.703202
vt 0.443753 0.703202
vt 0.443753 0.546798
vt 0.608460 0.796798
vt 0.608460 0.953202
vt 0.443753 0.953202
vt 0.443753 0.796798
vt 0.608460 0.046798
vt 0.608460 0.203202
vt 0.443753 0.203202
vt 0.443753 0.046798
vt 0.608460 0.296798
vt 0.608460 0.453202
vt 0.443753 0.453202
vt 0.443753 0.296798
vt 0.375000 0.280258
vt 0.379526 0.270353
vt 0.396580 0.270353
vt 0.375000 0.219742
vt 0.379526 0.229647
vt 0.396580 0.229647
vt 0.375000 0.530258
vt 0.379526 0.520353
vt 0.396580 0.520353
vt 0.375000 0.469742
vt 0.379526 0.479647
vt 0.396580 0.479647
vt 0.375000 0.780258
vt 0.379526 0.770353
vt 0.396580 0.770353
vt 0.379526 0.729647
vt 0.396580 0.729647
vt 0.396580 0.787262
vt 0.379526 0.787262
vt 0.396580 0.962737
vt 0.375000 0.969742
vt 0.379526 0.962738
vt 0.396580 0.537262
vt 0.379526 0.537262
vt 0.396580 0.712738
vt 0.379526 0.712738
vt 0.375000 0.030258
vt 0.396580 0.037262
vt 0.379526 0.037262
vt 0.396580 0.212738
vt 0.379526 0.212738
vt 0.396580 0.287262
vt 0.379526 0.287262
vt 0.396580 0.462738
vt 0.379526 0.462738
vt 0.396580 0.974695
vt 0.379526 0.974695
vt 0.396580 0.995047
vt 0.375000 1.000000
vt 0.379526 0.995047
vt 0.619241 0.522113
vt 0.573023 0.522113
vt 0.573023 0.477887
vt 0.619241 0.477887
vt 0.507094 0.973814
vt 0.545119 0.973814
vt 0.545119 0.995928
vt 0.507094 0.995928
vt 0.573023 0.973814
vt 0.619241 0.973814
vt 0.619241 0.995928
vt 0.573023 0.995928
vt 0.545119 0.272113
vt 0.507094 0.272113
vt 0.507094 0.227887
vt 0.545119 0.227887
vt 0.479190 0.272113
vt 0.432972 0.272113
vt 0.432972 0.227887
vt 0.479190 0.227887
vt 0.545119 0.522113
vt 0.507094 0.522113
vt 0.507094 0.477887
vt 0.545119 0.477887
vt 0.479190 0.522113
vt 0.432972 0.522113
vt 0.432972 0.477887
vt 0.479190 0.477887
vt 0.619241 0.272113
vt 0.573023 0.272113
vt 0.573023 0.227887
vt 0.619241 0.227887
vt 0.432972 0.973814
vt 0.479190 0.973814
vt 0.479190 0.995928
vt 0.432972 0.995928
vt 0.545119 0.772113
vt 0.507094 0.772113
vt 0.507094 0.727887
vt 0.545119 0.727887
vt 0.479190 0.772113
vt 0.432972 0.772113
vt 0.432972 0.727887
vt 0.479190 0.727887
vt 0.619241 0.772113
vt 0.573023 0.772113
vt 0.573023 0.727887
vt 0.619241 0.727887
vt 0.567264 0.530258
vt 0.567264 0.469742
vt 0.501334 0.969742
vt 0.550878 0.969742
vt 0.550878 1.000000
vt 0.501334 1.000000
vt 0.567264 0.969742
vt 0.567264 1.000000
vt 0.550878 0.280258
vt 0.501334 0.280258
vt 0.501334 0.219742
vt 0.550878 0.219742
vt 0.484949 0.280258
vt 0.484949 0.219742
vt 0.550878 0.530258
vt 0.501334 0.530258
vt 0.501334 0.469742
vt 0.550878 0.469742
vt 0.484949 0.530258
vt 0.484949 0.469742
vt 0.567264 0.280258
vt 0.567264 0.219742
vt 0.484949 0.969742
vt 0.484949 1.000000
vt 0.550878 0.780258
vt 0.501334 0.780258
vt 0.501334 0.719742
vt 0.550878 0.719742
vt 0.484949 0.780258
vt 0.484949 0.719742
vt 0.567264 0.780258
vt 0.567264 0.719742
vt 0.612968 0.707710
vt 0.612968 0.542290
vt 0.439245 0.707710
vt 0.439245 0.542290
vt 0.612968 0.957710
vt 0.612968 0.792290
vt 0.439245 0.957710
vt 0.439245 0.792290
vt 0.612968 0.207710
vt 0.612968 0.042290
vt 0.439245 0.207710
vt 0.439245 0.042290
vt 0.612968 0.457710
vt 0.612968 0.292290
vt 0.439245 0.457710
vt 0.439245 0.292290
vt 0.125000 0.530258
vt 0.155258 0.500000
vt 0.344742 0.500000
vt 0.773774 0.655685
vt 0.773958 0.653983
vt 0.778983 0.648958
vt 0.780685 0.648774
vt 0.726226 0.594315
vt 0.719315 0.601226
vt 0.762532 0.630621
vt 0.755621 0.637532
vt 0.726042 0.596017
vt 0.761336 0.631311
vt 0.721017 0.601042
vt 0.756311 0.636336
vt 0.737468 0.619379
vt 0.738664 0.618689
vt 0.743689 0.613664
vt 0.744379 0.612468
s 0
usemtl VCol.004
f 832/53/376 773/54/376 774/55/376 831/56/376
f 818/57/377 840/58/377 795/58/377 796/59/377
f 769/60/378 825/61/378 826/62/378 770/63/378
f 873/64/377 874/65/377 875/66/377 876/67/377
f 877/68/379 878/69/379 879/70/379 880/71/379
f 881/72/376 882/73/376 883/74/376 884/75/376
f 738/76/380 741/77/380 742/78/380 737/79/380
f 830/80/379 775/81/379 757/82/379 829/83/379
f 828/59/377 771/84/377 772/85/377 827/58/377
f 778/86/378 753/87/378 750/88/378 765/89/378
f 766/90/381 752/91/381 776/92/381 784/93/381
f 765/94/382 750/95/382 755/96/382 782/97/382
f 767/98/383 748/99/383 759/100/383 780/101/383
f 768/102/384 746/103/384 753/87/384 778/86/384
f 885/104/384 886/105/384 887/106/384 888/107/384
f 889/108/383 890/109/383 891/110/383 892/111/383
f 893/112/382 894/113/382 895/114/382 896/115/382
f 897/116/381 898/117/381 899/118/381 900/119/381
f 901/120/378 902/121/378 903/122/378 904/123/378
f 746/103/376 768/102/376 780/101/376 759/100/376
f 748/99/379 767/98/379 784/93/379 776/92/379
f 752/91/377 766/90/377 782/97/377 755/96/377
f 750/88/385 753/87/385 769/60/385 770/63/385
f 752/91/386 755/96/386 772/85/386 771/84/386
f 746/103/387 759/100/387 774/55/387 773/54/387
f 748/99/388 776/92/388 757/82/388 775/81/388
f 776/92/389 752/91/389 771/84/389 757/82/389
f 755/96/390 750/95/390 770/124/390 772/85/390
f 759/100/391 748/99/391 775/81/391 774/55/391
f 753/87/392 746/103/392 773/54/392 769/60/392
f 768/102/393 778/86/393 762/125/393 777/126/393
f 767/98/394 780/101/394 764/127/394 779/128/394
f 765/94/395 782/97/395 763/129/395 781/130/395
f 766/90/396 784/93/396 761/131/396 783/132/396
f 778/86/397 765/89/397 781/133/397 762/125/397
f 780/101/398 768/102/398 777/126/398 764/127/398
f 784/93/399 767/98/399 779/128/399 761/131/399
f 782/97/400 766/90/400 783/132/400 763/129/400
f 788/134/401 787/135/401 786/136/401 785/137/401
f 820/62/378 836/138/378 793/61/378 794/62/378
f 822/139/383 834/140/383 798/80/383 799/56/383
f 840/58/382 820/141/382 794/142/382 795/58/382
f 823/83/381 818/57/381 796/59/381 797/83/381
f 824/143/376 822/139/376 799/56/376 800/53/376
f 836/138/384 824/143/384 800/53/384 793/61/384
f 834/140/379 823/83/379 797/83/379 798/80/379
f 801/144/402 802/145/402 794/146/402 793/147/402
f 803/148/403 804/149/403 796/150/403 795/151/403
f 805/152/404 806/153/404 798/154/404 797/155/404
f 807/156/405 808/157/405 800/158/405 799/159/405
f 802/145/406 803/148/406 795/151/406 794/146/406
f 808/157/407 801/144/407 793/147/407 800/158/407
f 806/153/408 807/156/408 799/159/408 798/154/408
f 804/149/409 805/152/409 797/155/409 796/150/409
f 809/160/401 810/161/401 802/145/401 801/144/401
f 811/162/401 812/163/401 804/149/401 803/148/401
f 813/164/401 814/165/401 806/153/401 805/152/401
f 815/166/401 816/167/401 808/157/401 807/156/401
f 810/161/401 811/162/401 803/148/401 802/145/401
f 816/167/401 809/160/401 801/144/401 808/157/401
f 814/165/401 815/166/401 807/156/401 806/153/401
f 812/163/401 813/164/401 805/152/401 804/149/401
f 785/137/410 786/136/410 810/161/410 809/160/410
f 787/135/411 788/134/411 812/163/411 811/162/411
f 789/168/412 790/169/412 814/165/412 813/164/412
f 791/170/413 792/171/413 816/167/413 815/166/413
f 786/136/414 787/135/414 811/162/414 810/161/414
f 792/171/415 785/137/415 809/160/415 816/167/415
f 790/169/416 791/170/416 815/166/416 814/165/416
f 788/134/417 789/168/417 813/164/417 812/163/417
f 747/80/379 758/83/379 833/83/379 821/140/379
f 754/61/384 745/53/384 835/143/384 819/138/384
f 745/53/376 760/139/376 837/139/376 835/143/376
f 758/83/381 751/59/381 838/57/381 833/83/381
f 756/58/382 749/142/382 839/172/382 817/58/382
f 760/139/383 747/80/383 821/140/383 837/139/383
f 749/62/378 754/61/378 819/138/378 839/62/378
f 751/59/377 756/58/377 817/58/377 838/57/377
f 754/61/418 749/62/418 826/62/418 825/61/418
f 756/58/419 751/59/419 828/59/419 827/58/419
f 758/83/420 747/80/420 830/80/420 829/83/420
f 760/139/421 745/53/421 832/53/421 831/56/421
f 749/142/422 756/58/422 827/58/422 826/142/422
f 745/53/423 754/61/423 825/61/423 832/53/423
f 747/80/424 760/139/424 831/56/424 830/80/424
f 751/59/425 758/83/425 829/83/425 828/59/425
f 821/140/426 833/83/426 823/83/426 834/140/426
f 819/138/427 835/143/427 824/143/427 836/138/427
f 835/143/428 837/139/428 822/139/428 824/143/428
f 833/83/429 838/57/429 818/57/429 823/83/429
f 817/58/430 839/172/430 820/141/430 840/58/430
f 837/139/431 821/140/431 834/140/431 822/139/431
f 839/62/432 819/138/432 836/138/432 820/62/432
f 838/57/433 817/58/433 840/58/433 818/57/433
f 1017/173/383 1018/174/383 1019/175/383 1020/176/383
f 1021/177/384 1022/178/384 1023/179/384 1024/180/384
f 1025/181/382 1026/182/382 1027/183/382 1028/184/382
f 1029/185/381 1030/186/381 1031/187/381 1032/188/381
f 783/132/377 740/189/377 842/190/377 841/191/377
f 740/189/377 739/192/377 843/193/377 842/190/377
f 739/192/377 763/129/377 844/194/377 843/193/377
f 763/129/377 783/132/377 841/191/377 844/194/377
f 779/128/379 744/195/379 846/196/379 845/197/379
f 744/195/379 743/198/379 847/199/379 846/196/379
f 743/198/379 761/131/379 848/200/379 847/199/379
f 761/131/379 779/128/379 845/197/379 848/200/379
f 777/126/376 742/201/376 850/202/376 849/203/376
f 742/201/376 741/77/376 851/204/376 850/202/376
f 741/77/376 764/127/376 852/205/376 851/204/376
f 764/127/376 777/126/376 849/203/376 852/205/376
f 742/201/384 777/126/384 854/206/384 853/207/384
f 777/126/384 762/125/384 855/208/384 854/206/384
f 762/125/384 737/209/384 856/210/384 855/208/384
f 737/209/384 742/201/384 853/207/384 856/210/384
f 744/195/383 779/128/383 858/211/383 857/212/383
f 779/128/383 764/127/383 859/213/383 858/211/383
f 764/127/383 741/77/383 860/214/383 859/213/383
f 741/77/383 744/195/383 857/212/383 860/214/383
f 738/215/382 781/130/382 862/216/382 861/217/382
f 781/130/382 763/129/382 863/218/382 862/216/382
f 763/129/382 739/192/382 864/219/382 863/218/382
f 739/192/382 738/215/382 861/217/382 864/219/382
f 740/189/381 783/132/381 866/220/381 865/221/381
f 783/132/381 761/131/381 867/222/381 866/220/381
f 761/131/381 743/198/381 868/223/381 867/222/381
f 743/198/381 740/189/381 865/221/381 868/223/381
f 737/209/378 762/125/378 870/224/378 869/225/378
f 762/125/378 781/133/378 871/226/378 870/224/378
f 781/133/378 738/227/378 872/228/378 871/226/378
f 738/227/378 737/209/378 869/225/378 872/228/378
f 841/191/434 842/190/434 874/65/434 873/64/434
f 842/190/435 843/193/435 875/66/435 874/65/435
f 843/193/436 844/194/436 876/67/436 875/66/436
f 844/194/437 841/191/437 873/64/437 876/67/437
f 845/197/438 846/196/438 878/69/438 877/68/438
f 846/196/439 847/199/439 879/70/439 878/69/439
f 847/199/440 848/200/440 880/71/440 879/70/440
f 848/200/441 845/197/441 877/68/441 880/71/441
f 849/203/442 850/202/442 882/73/442 881/72/442
f 850/202/443 851/204/443 883/74/443 882/73/443
f 851/204/444 852/205/444 884/75/444 883/74/444
f 852/205/445 849/203/445 881/72/445 884/75/445
f 853/207/446 854/206/446 886/105/446 885/104/446
f 854/206/447 855/208/447 887/106/447 886/105/447
f 855/208/448 856/210/448 888/107/448 887/106/448
f 856/210/449 853/207/449 885/104/449 888/107/449
f 857/212/450 858/211/450 890/109/450 889/108/450
f 858/211/451 859/213/451 891/110/451 890/109/451
f 859/213/452 860/214/452 892/111/452 891/110/452
f 860/214/453 857/212/453 889/108/453 892/111/453
f 861/217/454 862/216/454 894/113/454 893/112/454
f 862/216/455 863/218/455 895/114/455 894/113/455
f 863/218/456 864/219/456 896/115/456 895/114/456
f 864/219/457 861/217/457 893/112/457 896/115/457
f 865/221/458 866/220/458 898/117/458 897/116/458
f 866/220/459 867/222/459 899/118/459 898/117/459
f 867/222/460 868/223/460 900/119/460 899/118/460
f 868/223/461 865/221/461 897/116/461 900/119/461
f 869/225/462 870/224/462 902/121/462 901/120/462
f 870/224/463 871/226/463 903/122/463 902/121/463
f 871/226/464 872/228/464 904/123/464 903/122/464
f 872/228/465 869/225/465 901/120/465 904/123/465
f 953/229/379 954/230/379 955/231/379 956/232/379
f 957/233/378 958/234/378 959/235/378 960/236/378
f 961/237/378 962/238/378 963/239/378 964/240/378
f 965/241/377 966/242/377 967/243/377 968/244/377
f 969/245/377 970/246/377 971/247/377 972/248/377
f 973/249/379 974/250/379 975/251/379 976/252/379
f 977/253/379 978/254/379 979/255/379 980/256/379
f 981/257/377 982/258/377 983/259/377 984/260/377
f 985/261/378 986/262/378 987/263/378 988/264/378
f 989/265/376 990/266/376 991/267/376 992/268/376
f 993/269/376 994/270/376 995/271/376 996/272/376
f 997/273/376 998/274/376 999/275/376 1000/276/376
f 918/80/466 926/277/466 954/230/466 953/229/466
f 926/277/467 947/278/467 955/231/467 954/230/467
f 947/278/468 917/83/468 956/232/468 955/231/468
f 917/83/469 918/80/469 953/229/469 956/232/469
f 937/279/470 940/280/470 958/234/470 957/233/470
f 940/280/471 929/281/471 959/235/471 958/234/471
f 929/281/472 932/282/472 960/236/472 959/235/472
f 932/282/473 937/279/473 957/233/473 960/236/473
f 939/283/470 913/61/470 962/238/470 961/237/470
f 913/61/471 914/62/471 963/239/471 962/238/471
f 914/62/472 930/284/472 964/240/472 963/239/472
f 930/284/473 939/283/473 961/237/473 964/240/473
f 933/285/474 936/286/474 966/242/474 965/241/474
f 936/286/475 941/287/475 967/243/475 966/242/475
f 941/287/476 944/288/476 968/244/476 967/243/476
f 944/288/477 933/285/477 965/241/477 968/244/477
f 935/289/474 908/84/474 970/246/474 969/245/474
f 908/84/475 909/85/475 971/247/475 970/246/475
f 909/85/476 942/290/476 972/248/476 971/247/476
f 942/290/477 935/289/477 969/245/477 972/248/477
f 925/291/466 928/292/466 974/250/466 973/249/466
f 928/292/467 945/293/467 975/251/467 974/250/467
f 945/293/468 948/294/468 976/252/468 975/251/468
f 948/294/469 925/291/469 973/249/469 976/252/469
f 927/295/466 912/81/466 978/254/466 977/253/466
f 912/81/467 905/82/467 979/255/467 978/254/467
f 905/82/468 946/296/468 980/256/468 979/255/468
f 946/296/469 927/295/469 977/253/469 980/256/469
f 916/59/474 934/297/474 982/258/474 981/257/474
f 934/297/475 943/298/475 983/259/475 982/258/475
f 943/298/476 915/58/476 984/260/476 983/259/476
f 915/58/477 916/59/477 981/257/477 984/260/477
f 906/60/470 938/299/470 986/262/470 985/261/470
f 938/299/471 931/300/471 987/263/471 986/262/471
f 931/300/472 907/63/472 988/264/472 987/263/472
f 907/63/473 906/60/473 985/261/473 988/264/473
f 921/301/478 924/302/478 990/266/478 989/265/478
f 924/302/479 949/303/479 991/267/479 990/266/479
f 949/303/480 952/304/480 992/268/480 991/267/480
f 952/304/481 921/301/481 989/265/481 992/268/481
f 923/305/478 910/54/478 994/270/478 993/269/478
f 910/54/479 911/55/479 995/271/479 994/270/479
f 911/55/480 950/306/480 996/272/480 995/271/480
f 950/306/481 923/305/481 993/269/481 996/272/481
f 920/53/478 922/307/478 998/274/478 997/273/478
f 922/307/479 951/308/479 999/275/479 998/274/479
f 951/308/480 919/56/480 1000/276/480 999/275/480
f 919/56/481 920/53/481 997/273/481 1000/276/481
f 830/80/383 831/56/383 1002/309/383 1001/310/383
f 831/56/383 774/55/383 1003/311/383 1002/309/383
f 774/55/383 775/81/383 1004/312/383 1003/311/383
f 775/81/383 830/80/383 1001/310/383 1004/312/383
f 832/53/384 825/61/384 1006/313/384 1005/314/384
f 825/61/384 769/60/384 1007/315/384 1006/313/384
f 769/60/384 773/54/384 1008/316/384 1007/315/384
f 773/54/384 832/53/384 1005/314/384 1008/316/384
f 826/142/382 827/58/382 1010/317/382 1009/318/382
f 827/58/382 772/85/382 1011/319/382 1010/317/382
f 772/85/382 770/124/382 1012/320/382 1011/319/382
f 770/124/382 826/142/382 1009/318/382 1012/320/382
f 828/59/381 829/83/381 1014/321/381 1013/322/381
f 829/83/381 757/82/381 1015/323/381 1014/321/381
f 757/82/381 771/84/381 1016/324/381 1015/323/381
f 771/84/381 828/59/381 1013/322/381 1016/324/381
f 1001/310/482 1002/309/482 1018/174/482 1017/173/482
f 1002/309/483 1003/311/483 1019/175/483 1018/174/483
f 1003/311/484 1004/312/484 1020/176/484 1019/175/484
f 1004/312/485 1001/310/485 1017/173/485 1020/176/485
f 1005/314/486 1006/313/486 1022/178/486 1021/177/486
f 1006/313/487 1007/315/487 1023/179/487 1022/178/487
f 1007/315/488 1008/316/488 1024/180/488 1023/179/488
f 1008/316/489 1005/314/489 1021/177/489 1024/180/489
f 1009/318/490 1010/317/490 1026/182/490 1025/181/490
f 1010/317/491 1011/319/491 1027/183/491 1026/182/491
f 1011/319/492 1012/320/492 1028/184/492 1027/183/492
f 1012/320/493 1009/318/493 1025/181/493 1028/184/493
f 1013/322/494 1014/321/494 1030/186/494 1029/185/494
f 1014/321/495 1015/323/495 1031/187/495 1030/186/495
f 1015/323/496 1016/324/496 1032/188/496 1031/187/496
f 1016/324/497 1013/322/497 1029/185/497 1032/188/497
f 739/325/380 740/326/380 743/327/380 744/195/380
f 738/76/380 739/325/380 744/195/380 741/77/380
f 790/169/401 789/168/401 792/171/401 791/170/401
f 789/168/401 788/134/401 785/137/401 792/171/401
f 1040/165/498 1037/160/498 1033/137/498 1036/169/498
f 1035/168/499 1034/136/499 1038/161/499 1039/164/499
f 1039/164/500 1038/161/500 1037/160/500 1040/165/500
f 1045/328/501 1041/137/501 1048/329/501
f 1049/330/502 1042/161/502 1052/331/502
f 1052/331/503 1042/161/503 1041/160/503 1045/328/503
f 1043/164/504 1051/332/504 1046/333/504 1044/165/504
f 1060/334/505 1052/331/505 1045/328/505 1053/335/505
f 1043/168/506 1050/336/506 1051/332/506
f 1057/337/507 1049/330/507 1052/331/507 1060/334/507
f 1044/165/508 1046/333/508 1047/338/508
f 1053/335/509 1045/328/509 1048/329/509 1056/339/509
f 1046/333/510 1054/340/510 1055/341/510 1047/338/510
f 1054/340/511 1053/335/511 1056/339/511 1055/341/511
f 1050/336/512 1058/342/512 1059/343/512 1051/332/512
f 1058/342/513 1057/337/513 1060/334/513 1059/343/513
f 1051/332/514 1059/343/514 1054/340/514 1046/333/514
f 1059/343/500 1060/334/500 1053/335/500 1054/340/500
f 1065/328/515 1068/329/515 1061/137/515
f 1069/330/516 1072/331/516 1062/161/516
f 1072/331/517 1065/328/517 1061/160/517 1062/161/517
f 1063/164/518 1064/165/518 1066/333/518 1071/332/518
f 1080/334/519 1073/335/519 1065/328/519 1072/331/519
f 1063/168/520 1071/332/520 1070/336/520
f 1077/337/521 1080/334/521 1072/331/521 1069/330/521
f 1064/165/522 1067/338/522 1066/333/522
f 1073/335/523 1076/339/523 1068/329/523 1065/328/523
f 1066/333/524 1067/338/524 1075/341/524 1074/340/524
f 1074/340/525 1075/341/525 1076/339/525 1073/335/525
f 1070/336/526 1071/332/526 1079/343/526 1078/342/526
f 1078/342/527 1079/343/527 1080/334/527 1077/337/527
f 1071/332/528 1066/333/528 1074/340/528 1079/343/528
f 1079/343/500 1074/340/500 1073/335/500 1080/334/500
o Canister00
v 1.393421 0.142223 1.372491
v 1.364416 0.113217 1.372491
v 1.571054 0.113217 1.372491
v 1.542048 0.142223 1.372491
v 1.393421 -0.064415 1.372491
v 1.364416 -0.035409 1.372491
v 1.542048 -0.064415 1.372491
v 1.571054 -0.035409 1.372491
v 1.391155 0.147693 1.411783
v 1.358945 0.115483 1.411783
v 1.576524 0.115483 1.411783
v 1.544314 0.147693 1.411783
v 1.391155 -0.069885 1.411783
v 1.358945 -0.037675 1.411783
v 1.544314 -0.069885 1.411783
v 1.576524 -0.037675 1.411783
v 1.358945 -0.032821 1.377345
v 1.358945 -0.032821 1.406929
v 1.358945 0.110629 1.406929
v 1.358945 0.110629 1.377345
v 1.387723 -0.066453 1.377345
v 1.387723 -0.066453 1.406929
v 1.362378 -0.041108 1.406929
v 1.362378 -0.041108 1.377345
v 1.573091 -0.041108 1.377345
v 1.573091 -0.041108 1.406929
v 1.547747 -0.066453 1.406929
v 1.547747 -0.066453 1.377345
v 1.547747 0.144261 1.377345
v 1.547747 0.144261 1.406929
v 1.573091 0.118916 1.406929
v 1.573091 0.118916 1.377345
v 1.362378 0.118916 1.377345
v 1.362378 0.118916 1.406929
v 1.387723 0.144261 1.406929
v 1.387723 0.144261 1.377345
v 1.539460 -0.069885 1.377345
v 1.539460 -0.069885 1.406929
v 1.396010 -0.069885 1.406929
v 1.396010 -0.069885 1.377345
v 1.576524 0.110629 1.377345
v 1.576524 0.110629 1.406929
v 1.576524 -0.032821 1.406929
v 1.576524 -0.032821 1.377345
v 1.396010 0.147693 1.377345
v 1.396010 0.147693 1.406929
v 1.539460 0.147693 1.406929
v 1.539460 0.147693 1.377345
v 1.362750 -0.030703 1.379463
v 1.362750 -0.030703 1.404811
v 1.362750 0.108511 1.404811
v 1.362750 0.108511 1.379463
v 1.388915 -0.062265 1.379463
v 1.388915 -0.062265 1.404811
v 1.366565 -0.039915 1.404811
v 1.366565 -0.039915 1.379463
v 1.568904 -0.039915 1.379463
v 1.568904 -0.039915 1.404811
v 1.546554 -0.062265 1.404811
v 1.546554 -0.062265 1.379463
v 1.546554 0.140073 1.379463
v 1.546554 0.140073 1.404811
v 1.568904 0.117723 1.404811
v 1.568904 0.117723 1.379463
v 1.366565 0.117723 1.379463
v 1.366565 0.117723 1.404811
v 1.388915 0.140073 1.404811
v 1.388915 0.140073 1.379463
v 1.537342 -0.066081 1.379463
v 1.537342 -0.066081 1.404811
v 1.398128 -0.066081 1.404811
v 1.398128 -0.066081 1.379463
v 1.572720 0.108511 1.379463
v 1.572720 0.108511 1.404811
v 1.572720 -0.030703 1.404811
v 1.572720 -0.030703 1.379463
v 1.398128 0.143889 1.379463
v 1.398128 0.143889 1.404811
v 1.537342 0.143889 1.404811
v 1.537342 0.143889 1.379463
v 1.358945 -0.037675 1.372491
v 1.358945 0.115483 1.372491
v 1.391155 0.147693 1.372491
v 1.544314 0.147693 1.372491
v 1.576524 0.115483 1.372491
v 1.576524 -0.037675 1.372491
v 1.544314 -0.069885 1.372491
v 1.391155 -0.069885 1.372491
v 1.416327 -0.063709 1.372491
v 1.387794 -0.054438 1.372491
v 1.370159 -0.030166 1.372491
v 1.370159 -0.000164 1.372491
v 1.387794 0.024108 1.372491
v 1.416327 0.033379 1.372491
v 1.444860 0.024108 1.372491
v 1.462495 -0.000164 1.372491
v 1.462495 -0.030166 1.372491
v 1.444860 -0.054438 1.372491
v 1.416327 -0.052020 1.044028
v 1.394664 -0.044981 1.044028
v 1.381275 -0.026554 1.044028
v 1.381275 -0.003776 1.044028
v 1.394664 0.014652 1.044028
v 1.416327 0.021691 1.044028
v 1.437990 0.014652 1.044028
v 1.451378 -0.003776 1.044028
v 1.451378 -0.026554 1.044028
v 1.437990 -0.044981 1.044028
v 1.387794 0.024108 1.337230
v 1.387794 0.024108 1.097987
v 1.416327 0.033379 1.097987
v 1.416327 0.033379 1.337230
v 1.387794 -0.054438 1.337230
v 1.387794 -0.054438 1.097987
v 1.370159 -0.030166 1.097987
v 1.370159 -0.030166 1.337230
v 1.462495 -0.030166 1.337230
v 1.462495 -0.030166 1.097987
v 1.444860 -0.054438 1.097987
v 1.444860 -0.054438 1.337230
v 1.444860 0.024108 1.097987
v 1.444860 0.024108 1.337230
v 1.370159 -0.000164 1.097987
v 1.370159 -0.000164 1.337230
v 1.416327 -0.063709 1.097987
v 1.416327 -0.063709 1.337230
v 1.462495 -0.000164 1.097987
v 1.462495 -0.000164 1.337230
v 1.385598 -0.057460 1.363240
v 1.416327 -0.067445 1.363240
v 1.366606 -0.031320 1.363240
v 1.366606 0.000991 1.363240
v 1.385598 0.027131 1.363240
v 1.416327 0.037115 1.363240
v 1.447056 0.027131 1.363240
v 1.466048 0.000991 1.363240
v 1.466048 -0.031320 1.363240
v 1.447056 -0.057460 1.363240
v 1.385598 -0.057460 1.053279
v 1.416327 -0.067445 1.053279
v 1.366606 -0.031320 1.053279
v 1.366606 0.000991 1.053279
v 1.385598 0.027131 1.053279
v 1.416327 0.037115 1.053279
v 1.447056 0.027131 1.053279
v 1.466048 0.000991 1.053279
v 1.466048 -0.031320 1.053279
v 1.447056 -0.057460 1.053279
v 1.385598 0.027131 1.097987
v 1.416327 0.037115 1.337230
v 1.385598 -0.057460 1.097987
v 1.366606 -0.031320 1.337230
v 1.466048 -0.031320 1.097987
v 1.447056 -0.057460 1.337230
v 1.447056 0.027131 1.337230
v 1.366606 0.000991 1.337230
v 1.416327 -0.067445 1.337230
v 1.466048 0.000991 1.337230
v 1.385598 0.027131 1.337230
v 1.416327 0.037115 1.097987
v 1.385598 -0.057460 1.337230
v 1.366606 -0.031320 1.097987
v 1.466048 -0.031320 1.337230
v 1.447056 -0.057460 1.097987
v 1.447056 0.027131 1.097987
v 1.366606 0.000991 1.097987
v 1.416327 -0.067445 1.097987
v 1.466048 0.000991 1.097987
v 1.416327 -0.015165 1.049592
v 1.466048 0.000991 1.076207
v 1.466048 0.000991 1.069059
v 1.416327 -0.067445 1.076207
v 1.416327 -0.067445 1.069059
v 1.366606 0.000991 1.076207
v 1.366606 0.000991 1.069059
v 1.447056 0.027131 1.076207
v 1.447056 0.027131 1.069059
v 1.447056 -0.057460 1.076207
v 1.447056 -0.057460 1.069059
v 1.366606 -0.031320 1.076207
v 1.366606 -0.031320 1.069059
v 1.416327 0.037115 1.076207
v 1.416327 0.037115 1.069059
v 1.464264 -0.030741 1.070329
v 1.466048 -0.031320 1.076207
v 1.386700 -0.055943 1.070329
v 1.385598 -0.057460 1.076207
v 1.386700 0.025613 1.070329
v 1.385598 0.027131 1.076207
v 1.416327 0.035240 1.070329
v 1.385598 0.027131 1.069059
v 1.386700 0.025613 1.074937
v 1.416327 0.035240 1.074937
v 1.368390 -0.030741 1.070329
v 1.385598 -0.057460 1.069059
v 1.386700 -0.055943 1.074937
v 1.368390 -0.030741 1.074937
v 1.445954 -0.055943 1.070329
v 1.466048 -0.031320 1.069059
v 1.464264 -0.030741 1.074937
v 1.445954 -0.055943 1.074937
v 1.445954 0.025613 1.070329
v 1.445954 0.025613 1.074937
v 1.368390 0.000411 1.070329
v 1.368390 0.000411 1.074937
v 1.416327 -0.065569 1.070329
v 1.416327 -0.065569 1.074937
v 1.464264 0.000411 1.070329
v 1.464264 0.000411 1.074937
v 1.387794 -0.054438 1.044028
v 1.416327 -0.063709 1.044028
v 1.370159 -0.030166 1.044028
v 1.370159 -0.000164 1.044028
v 1.387794 0.024108 1.044028
v 1.416327 0.033379 1.044028
v 1.444860 0.024108 1.044028
v 1.462495 -0.000164 1.044028
v 1.462495 -0.030166 1.044028
v 1.444860 -0.054438 1.044028
v 1.397405 -0.041209 1.049592
v 1.416327 -0.047357 1.049592
v 1.385710 -0.025113 1.049592
v 1.385710 -0.005217 1.049592
v 1.397405 0.010879 1.049592
v 1.416327 0.017027 1.049592
v 1.435249 0.010879 1.049592
v 1.446944 -0.005217 1.049592
v 1.446944 -0.025113 1.049592
v 1.435249 -0.041209 1.049592
v 1.375581 -0.009820 1.049592
v 1.457073 -0.009820 1.049592
v 1.375581 -0.020509 1.049592
v 1.457073 -0.020509 1.049592
v 1.375581 -0.019275 1.046484
v 1.375581 -0.011055 1.046484
v 1.457073 -0.011055 1.046484
v 1.457073 -0.019275 1.046484
v 1.387794 -0.054438 1.237048
v 1.387794 -0.054438 1.198169
v 1.370159 -0.030166 1.198169
v 1.370159 -0.030166 1.237048
v 1.416327 -0.063709 1.198169
v 1.416327 -0.063709 1.237048
v 1.382821 -0.060243 1.237048
v 1.382821 -0.060243 1.198169
v 1.364090 -0.034462 1.198169
v 1.364090 -0.034462 1.237048
v 1.413129 -0.070091 1.198169
v 1.413129 -0.070091 1.237048
v 1.413129 -0.070091 1.230370
v 1.382821 -0.060243 1.230370
v 1.413129 -0.070091 1.204846
v 1.382821 -0.060243 1.204846
v 1.364090 -0.034462 1.230370
v 1.364090 -0.034462 1.204846
v 1.413537 -0.067518 1.228351
v 1.384411 -0.058055 1.228351
v 1.413537 -0.067518 1.206866
v 1.384411 -0.058055 1.206866
v 1.366663 -0.033626 1.228351
v 1.366663 -0.033626 1.206866
v 1.519142 -0.063709 1.372491
v 1.547676 -0.054438 1.372491
v 1.565310 -0.030166 1.372491
v 1.565310 -0.000164 1.372491
v 1.547676 0.024108 1.372491
v 1.519142 0.033379 1.372491
v 1.490609 0.024108 1.372491
v 1.472975 -0.000164 1.372491
v 1.472975 -0.030166 1.372491
v 1.490609 -0.054438 1.372491
v 1.519142 -0.052020 1.044028
v 1.540805 -0.044981 1.044028
v 1.554194 -0.026554 1.044028
v 1.554194 -0.003776 1.044028
v 1.540805 0.014652 1.044028
v 1.519142 0.021691 1.044028
v 1.497479 0.014652 1.044028
v 1.484091 -0.003776 1.044028
v 1.484091 -0.026554 1.044028
v 1.497479 -0.044981 1.044028
v 1.547676 0.024108 1.337230
v 1.547676 0.024108 1.097987
v 1.519142 0.033379 1.097987
v 1.519142 0.033379 1.337230
v 1.547676 -0.054438 1.337230
v 1.547676 -0.054438 1.097987
v 1.565310 -0.030166 1.097987
v 1.565310 -0.030166 1.337230
v 1.472975 -0.030166 1.337230
v 1.472975 -0.030166 1.097987
v 1.490609 -0.054438 1.097987
v 1.490609 -0.054438 1.337230
v 1.490609 0.024108 1.097987
v 1.490609 0.024108 1.337230
v 1.565310 -0.000164 1.097987
v 1.565310 -0.000164 1.337230
v 1.519142 -0.063709 1.097987
v 1.519142 -0.063709 1.337230
v 1.472975 -0.000164 1.097987
v 1.472975 -0.000164 1.337230
v 1.549872 -0.057460 1.363240
v 1.519142 -0.067445 1.363240
v 1.568864 -0.031320 1.363240
v 1.568864 0.000991 1.363240
v 1.549872 0.027131 1.363240
v 1.519142 0.037115 1.363240
v 1.488413 0.027131 1.363240
v 1.469421 0.000991 1.363240
v 1.469421 -0.031320 1.363240
v 1.488413 -0.057460 1.363240
v 1.549872 -0.057460 1.053279
v 1.519142 -0.067445 1.053279
v 1.568864 -0.031320 1.053279
v 1.568864 0.000991 1.053279
v 1.549872 0.027131 1.053279
v 1.519142 0.037115 1.053279
v 1.488413 0.027131 1.053279
v 1.469421 0.000991 1.053279
v 1.469421 -0.031320 1.053279
v 1.488413 -0.057460 1.053279
v 1.549872 0.027131 1.097987
v 1.519142 0.037115 1.337230
v 1.549872 -0.057460 1.097987
v 1.568864 -0.031320 1.337230
v 1.469421 -0.031320 1.097987
v 1.488413 -0.057460 1.337230
v 1.488413 0.027131 1.337230
v 1.568864 0.000991 1.337230
v 1.519142 -0.067445 1.337230
v 1.469421 0.000991 1.337230
v 1.549872 0.027131 1.337230
v 1.519142 0.037115 1.097987
v 1.549872 -0.057460 1.337230
v 1.568864 -0.031320 1.097987
v 1.469421 -0.031320 1.337230
v 1.488413 -0.057460 1.097987
v 1.488413 0.027131 1.097987
v 1.568864 0.000991 1.097987
v 1.519142 -0.067445 1.097987
v 1.469421 0.000991 1.097987
v 1.519142 -0.015165 1.049592
v 1.469421 0.000991 1.076207
v 1.469421 0.000991 1.069059
v 1.519142 -0.067445 1.076207
v 1.519142 -0.067445 1.069059
v 1.568864 0.000991 1.076207
v 1.568864 0.000991 1.069059
v 1.488413 0.027131 1.076207
v 1.488413 0.027131 1.069059
v 1.488413 -0.057460 1.076207
v 1.488413 -0.057460 1.069059
v 1.568864 -0.031320 1.076207
v 1.568864 -0.031320 1.069059
v 1.519142 0.037115 1.076207
v 1.519142 0.037115 1.069059
v 1.471205 -0.030741 1.070329
v 1.469421 -0.031320 1.076207
v 1.548769 -0.055943 1.070329
v 1.549872 -0.057460 1.076207
v 1.548769 0.025613 1.070329
v 1.549872 0.027131 1.076207
v 1.519142 0.035240 1.070329
v 1.549872 0.027131 1.069059
v 1.548769 0.025613 1.074937
v 1.519142 0.035240 1.074937
v 1.567080 -0.030741 1.070329
v 1.549872 -0.057460 1.069059
v 1.548769 -0.055943 1.074937
v 1.567080 -0.030741 1.074937
v 1.489516 -0.055943 1.070329
v 1.469421 -0.031320 1.069059
v 1.471205 -0.030741 1.074937
v 1.489516 -0.055943 1.074937
v 1.489516 0.025613 1.070329
v 1.489516 0.025613 1.074937
v 1.567080 0.000411 1.070329
v 1.567080 0.000411 1.074937
v 1.519142 -0.065569 1.070329
v 1.519142 -0.065569 1.074937
v 1.471205 0.000411 1.070329
v 1.471205 0.000411 1.074937
v 1.547676 -0.054438 1.044028
v 1.519142 -0.063709 1.044028
v 1.565310 -0.030166 1.044028
v 1.565310 -0.000164 1.044028
v 1.547676 0.024108 1.044028
v 1.519142 0.033379 1.044028
v 1.490609 0.024108 1.044028
v 1.472975 -0.000164 1.044028
v 1.472975 -0.030166 1.044028
v 1.490609 -0.054438 1.044028
v 1.538065 -0.041209 1.049592
v 1.519142 -0.047357 1.049592
v 1.549759 -0.025113 1.049592
v 1.549759 -0.005217 1.049592
v 1.538065 0.010879 1.049592
v 1.519142 0.017027 1.049592
v 1.500220 0.010879 1.049592
v 1.488526 -0.005217 1.049592
v 1.488526 -0.025113 1.049592
v 1.500220 -0.041209 1.049592
v 1.559888 -0.009820 1.049592
v 1.478397 -0.009820 1.049592
v 1.559888 -0.020509 1.049592
v 1.478397 -0.020509 1.049592
v 1.559888 -0.019275 1.046484
v 1.559888 -0.011055 1.046484
v 1.478397 -0.011055 1.046484
v 1.478397 -0.019275 1.046484
v 1.547676 -0.054438 1.237048
v 1.547676 -0.054438 1.198169
v 1.565310 -0.030166 1.198169
v 1.565310 -0.030166 1.237048
v 1.519142 -0.063709 1.198169
v 1.519142 -0.063709 1.237048
v 1.552648 -0.060243 1.237048
v 1.552648 -0.060243 1.198169
v 1.571380 -0.034462 1.198169
v 1.571380 -0.034462 1.237048
v 1.522340 -0.070091 1.198169
v 1.522340 -0.070091 1.237048
v 1.522340 -0.070091 1.230370
v 1.552648 -0.060243 1.230370
v 1.522340 -0.070091 1.204846
v 1.552648 -0.060243 1.204846
v 1.571380 -0.034462 1.230370
v 1.571380 -0.034462 1.204846
v 1.521933 -0.067518 1.228351
v 1.551058 -0.058055 1.228351
v 1.521933 -0.067518 1.206866
v 1.551058 -0.058055 1.206866
v 1.568807 -0.033626 1.228351
v 1.568807 -0.033626 1.206866
v 1.416327 0.141517 1.372491
v 1.387794 0.132246 1.372491
v 1.370159 0.107974 1.372491
v 1.370159 0.077972 1.372491
v 1.387794 0.053700 1.372491
v 1.416327 0.044429 1.372491
v 1.444860 0.053700 1.372491
v 1.462495 0.077972 1.372491
v 1.462495 0.107974 1.372491
v 1.444860 0.132246 1.372491
v 1.416327 0.129828 1.044028
v 1.394664 0.122789 1.044028
v 1.381275 0.104362 1.044028
v 1.381275 0.081584 1.044028
v 1.394664 0.063156 1.044028
v 1.416327 0.056117 1.044028
v 1.437990 0.063156 1.044028
v 1.451378 0.081584 1.044028
v 1.451378 0.104362 1.044028
v 1.437990 0.122789 1.044028
v 1.387794 0.053700 1.337230
v 1.387794 0.053700 1.097987
v 1.416327 0.044429 1.097987
v 1.416327 0.044429 1.337230
v 1.387794 0.132246 1.337230
v 1.387794 0.132246 1.097987
v 1.370159 0.107974 1.097987
v 1.370159 0.107974 1.337230
v 1.462495 0.107974 1.337230
v 1.462495 0.107974 1.097987
v 1.444860 0.132246 1.097987
v 1.444860 0.132246 1.337230
v 1.444860 0.053700 1.097987
v 1.444860 0.053700 1.337230
v 1.370159 0.077972 1.097987
v 1.370159 0.077972 1.337230
v 1.416327 0.141517 1.097987
v 1.416327 0.141517 1.337230
v 1.462495 0.077972 1.097987
v 1.462495 0.077972 1.337230
v 1.385598 0.135268 1.363240
v 1.416327 0.145253 1.363240
v 1.366606 0.109128 1.363240
v 1.366606 0.076817 1.363240
v 1.385598 0.050677 1.363240
v 1.416327 0.040693 1.363240
v 1.447056 0.050677 1.363240
v 1.466048 0.076817 1.363240
v 1.466048 0.109128 1.363240
v 1.447056 0.135268 1.363240
v 1.385598 0.135268 1.053279
v 1.416327 0.145253 1.053279
v 1.366606 0.109128 1.053279
v 1.366606 0.076817 1.053279
v 1.385598 0.050677 1.053279
v 1.416327 0.040693 1.053279
v 1.447056 0.050677 1.053279
v 1.466048 0.076817 1.053279
v 1.466048 0.109128 1.053279
v 1.447056 0.135268 1.053279
v 1.385598 0.050677 1.097987
v 1.416327 0.040693 1.337230
v 1.385598 0.135268 1.097987
v 1.366606 0.109128 1.337230
v 1.466048 0.109128 1.097987
v 1.447056 0.135268 1.337230
v 1.447056 0.050677 1.337230
v 1.366606 0.076817 1.337230
v 1.416327 0.145253 1.337230
v 1.466048 0.076817 1.337230
v 1.385598 0.050677 1.337230
v 1.416327 0.040693 1.097987
v 1.385598 0.135268 1.337230
v 1.366606 0.109128 1.097987
v 1.466048 0.109128 1.337230
v 1.447056 0.135268 1.097987
v 1.447056 0.050677 1.097987
v 1.366606 0.076817 1.097987
v 1.416327 0.145253 1.097987
v 1.466048 0.076817 1.097987
v 1.416327 0.092973 1.049592
v 1.466048 0.076817 1.076207
v 1.466048 0.076817 1.069059
v 1.416327 0.145253 1.076207
v 1.416327 0.145253 1.069059
v 1.366606 0.076817 1.076207
v 1.366606 0.076817 1.069059
v 1.447056 0.050677 1.076207
v 1.447056 0.050677 1.069059
v 1.447056 0.135268 1.076207
v 1.447056 0.135268 1.069059
v 1.366606 0.109128 1.076207
v 1.366606 0.109128 1.069059
v 1.416327 0.040693 1.076207
v 1.416327 0.040693 1.069059
v 1.464264 0.108549 1.070329
v 1.466048 0.109128 1.076207
v 1.386700 0.133751 1.070329
v 1.385598 0.135268 1.076207
v 1.386700 0.052195 1.070329
v 1.385598 0.050677 1.076207
v 1.416327 0.042568 1.070329
v 1.385598 0.050677 1.069059
v 1.386700 0.052195 1.074937
v 1.416327 0.042568 1.074937
v 1.368390 0.108549 1.070329
v 1.385598 0.135268 1.069059
v 1.386700 0.133751 1.074937
v 1.368390 0.108549 1.074937
v 1.445954 0.133751 1.070329
v 1.466048 0.109128 1.069059
v 1.464264 0.108549 1.074937
v 1.445954 0.133751 1.074937
v 1.445954 0.052195 1.070329
v 1.445954 0.052195 1.074937
v 1.368390 0.077397 1.070329
v 1.368390 0.077397 1.074937
v 1.416327 0.143377 1.070329
v 1.416327 0.143377 1.074937
v 1.464264 0.077397 1.070329
v 1.464264 0.077397 1.074937
v 1.387794 0.132246 1.044028
v 1.416327 0.141517 1.044028
v 1.370159 0.107974 1.044028
v 1.370159 0.077972 1.044028
v 1.387794 0.053700 1.044028
v 1.416327 0.044429 1.044028
v 1.444860 0.053700 1.044028
v 1.462495 0.077972 1.044028
v 1.462495 0.107974 1.044028
v 1.444860 0.132246 1.044028
v 1.397405 0.119017 1.049592
v 1.416327 0.125165 1.049592
v 1.385710 0.102921 1.049592
v 1.385710 0.083025 1.049592
v 1.397405 0.066929 1.049592
v 1.416327 0.060781 1.049592
v 1.435249 0.066929 1.049592
v 1.446944 0.083025 1.049592
v 1.446944 0.102921 1.049592
v 1.435249 0.119017 1.049592
v 1.375581 0.087628 1.049592
v 1.457073 0.087628 1.049592
v 1.375581 0.098317 1.049592
v 1.457073 0.098317 1.049592
v 1.375581 0.097083 1.046484
v 1.375581 0.088863 1.046484
v 1.457073 0.088863 1.046484
v 1.457073 0.097083 1.046484
v 1.387794 0.132246 1.237048
v 1.387794 0.132246 1.198169
v 1.370159 0.107974 1.198169
v 1.370159 0.107974 1.237048
v 1.416327 0.141517 1.198169
v 1.416327 0.141517 1.237048
v 1.382821 0.138051 1.237048
v 1.382821 0.138051 1.198169
v 1.364090 0.112270 1.198169
v 1.364090 0.112270 1.237048
v 1.413129 0.147899 1.198169
v 1.413129 0.147899 1.237048
v 1.413129 0.147899 1.230370
v 1.382821 0.138051 1.230370
v 1.413129 0.147899 1.204846
v 1.382821 0.138051 1.204846
v 1.364090 0.112270 1.230370
v 1.364090 0.112270 1.204846
v 1.413537 0.145326 1.228351
v 1.384411 0.135863 1.228351
v 1.413537 0.145326 1.206866
v 1.384411 0.135863 1.206866
v 1.366663 0.111434 1.228351
v 1.366663 0.111434 1.206866
v 1.519142 0.141517 1.372491
v 1.547676 0.132246 1.372491
v 1.565310 0.107974 1.372491
v 1.565310 0.077972 1.372491
v 1.547676 0.053700 1.372491
v 1.519142 0.044429 1.372491
v 1.490609 0.053700 1.372491
v 1.472975 0.077972 1.372491
v 1.472975 0.107974 1.372491
v 1.490609 0.132246 1.372491
v 1.519142 0.129828 1.044028
v 1.540805 0.122789 1.044028
v 1.554194 0.104362 1.044028
v 1.554194 0.081584 1.044028
v 1.540805 0.063156 1.044028
v 1.519142 0.056117 1.044028
v 1.497479 0.063156 1.044028
v 1.484091 0.081584 1.044028
v 1.484091 0.104362 1.044028
v 1.497479 0.122789 1.044028
v 1.547676 0.053700 1.337230
v 1.547676 0.053700 1.097987
v 1.519142 0.044429 1.097987
v 1.519142 0.044429 1.337230
v 1.547676 0.132246 1.337230
v 1.547676 0.132246 1.097987
v 1.565310 0.107974 1.097987
v 1.565310 0.107974 1.337230
v 1.472975 0.107974 1.337230
v 1.472975 0.107974 1.097987
v 1.490609 0.132246 1.097987
v 1.490609 0.132246 1.337230
v 1.490609 0.053700 1.097987
v 1.490609 0.053700 1.337230
v 1.565310 0.077972 1.097987
v 1.565310 0.077972 1.337230
v 1.519142 0.141517 1.097987
v 1.519142 0.141517 1.337230
v 1.472975 0.077972 1.097987
v 1.472975 0.077972 1.337230
v 1.549872 0.135268 1.363240
v 1.519142 0.145253 1.363240
v 1.568864 0.109128 1.363240
v 1.568864 0.076817 1.363240
v 1.549872 0.050677 1.363240
v 1.519142 0.040693 1.363240
v 1.488413 0.050677 1.363240
v 1.469421 0.076817 1.363240
v 1.469421 0.109128 1.363240
v 1.488413 0.135268 1.363240
v 1.549872 0.135268 1.053279
v 1.519142 0.145253 1.053279
v 1.568864 0.109128 1.053279
v 1.568864 0.076817 1.053279
v 1.549872 0.050677 1.053279
v 1.519142 0.040693 1.053279
v 1.488413 0.050677 1.053279
v 1.469421 0.076817 1.053279
v 1.469421 0.109128 1.053279
v 1.488413 0.135268 1.053279
v 1.549872 0.050677 1.097987
v 1.519142 0.040693 1.337230
v 1.549872 0.135268 1.097987
v 1.568864 0.109128 1.337230
v 1.469421 0.109128 1.097987
v 1.488413 0.135268 1.337230
v 1.488413 0.050677 1.337230
v 1.568864 0.076817 1.337230
v 1.519142 0.145253 1.337230
v 1.469421 0.076817 1.337230
v 1.549872 0.050677 1.337230
v 1.519142 0.040693 1.097987
v 1.549872 0.135268 1.337230
v 1.568864 0.109128 1.097987
v 1.469421 0.109128 1.337230
v 1.488413 0.135268 1.097987
v 1.488413 0.050677 1.097987
v 1.568864 0.076817 1.097987
v 1.519142 0.145253 1.097987
v 1.469421 0.076817 1.097987
v 1.519142 0.092973 1.049592
v 1.469421 0.076817 1.076207
v 1.469421 0.076817 1.069059
v 1.519142 0.145253 1.076207
v 1.519142 0.145253 1.069059
v 1.568864 0.076817 1.076207
v 1.568864 0.076817 1.069059
v 1.488413 0.050677 1.076207
v 1.488413 0.050677 1.069059
v 1.488413 0.135268 1.076207
v 1.488413 0.135268 1.069059
v 1.568864 0.109128 1.076207
v 1.568864 0.109128 1.069059
v 1.519142 0.040693 1.076207
v 1.519142 0.040693 1.069059
v 1.471205 0.108549 1.070329
v 1.469421 0.109128 1.076207
v 1.548769 0.133751 1.070329
v 1.549872 0.135268 1.076207
v 1.548769 0.052195 1.070329
v 1.549872 0.050677 1.076207
v 1.519142 0.042568 1.070329
v 1.549872 0.050677 1.069059
v 1.548769 0.052195 1.074937
v 1.519142 0.042568 1.074937
v 1.567080 0.108549 1.070329
v 1.549872 0.135268 1.069059
v 1.548769 0.133751 1.074937
v 1.567080 0.108549 1.074937
v 1.489516 0.133751 1.070329
v 1.469421 0.109128 1.069059
v 1.471205 0.108549 1.074937
v 1.489516 0.133751 1.074937
v 1.489516 0.052195 1.070329
v 1.489516 0.052195 1.074937
v 1.567080 0.077397 1.070329
v 1.567080 0.077397 1.074937
v 1.519142 0.143377 1.070329
v 1.519142 0.143377 1.074937
v 1.471205 0.077397 1.070329
v 1.471205 0.077397 1.074937
v 1.547676 0.132246 1.044028
v 1.519142 0.141517 1.044028
v 1.565310 0.107974 1.044028
v 1.565310 0.077972 1.044028
v 1.547676 0.053700 1.044028
v 1.519142 0.044429 1.044028
v 1.490609 0.053700 1.044028
v 1.472975 0.077972 1.044028
v 1.472975 0.107974 1.044028
v 1.490609 0.132246 1.044028
v 1.538065 0.119017 1.049592
v 1.519142 0.125165 1.049592
v 1.549759 0.102921 1.049592
v 1.549759 0.083025 1.049592
v 1.538065 0.066929 1.049592
v 1.519142 0.060781 1.049592
v 1.500220 0.066929 1.049592
v 1.488526 0.083025 1.049592
v 1.488526 0.102921 1.049592
v 1.500220 0.119017 1.049592
v 1.559888 0.087628 1.049592
v 1.478397 0.087628 1.049592
v 1.559888 0.098317 1.049592
v 1.478397 0.098317 1.049592
v 1.559888 0.097083 1.046484
v 1.559888 0.088863 1.046484
v 1.478397 0.088863 1.046484
v 1.478397 0.097083 1.046484
v 1.547676 0.132246 1.237048
v 1.547676 0.132246 1.198169
v 1.565310 0.107974 1.198169
v 1.565310 0.107974 1.237048
v 1.519142 0.141517 1.198169
v 1.519142 0.141517 1.237048
v 1.552648 0.138051 1.237048
v 1.552648 0.138051 1.198169
v 1.571380 0.112270 1.198169
v 1.571380 0.112270 1.237048
v 1.522340 0.147899 1.198169
v 1.522340 0.147899 1.237048
v 1.522340 0.147899 1.230370
v 1.552648 0.138051 1.230370
v 1.522340 0.147899 1.204846
v 1.552648 0.138051 1.204846
v 1.571380 0.112270 1.230370
v 1.571380 0.112270 1.204846
v 1.521933 0.145326 1.228351
v 1.551058 0.135863 1.228351
v 1.521933 0.145326 1.206866
v 1.551058 0.135863 1.206866
v 1.568807 0.111434 1.228351
v 1.568807 0.111434 1.206866
vn -0.0000 -0.0000 -1.0000
vn -0.0000 -0.0000 1.0000
vn -1.0000 -0.0000 -0.0000
vn -0.7071 -0.7071 -0.0000
vn 0.7071 -0.7071 -0.0000
vn 0.7071 0.7071 -0.0000
vn -0.7071 0.7071 -0.0000
vn -0.0000 -1.0000 -0.0000
vn 1.0000 -0.0000 -0.0000
vn -0.0000 1.0000 -0.0000
vn -0.4864 0.8737 -0.0000
vn -0.4864 -0.0000 -0.8737
vn -0.4864 -0.8737 -0.0000
vn -0.4864 -0.0000 0.8737
vn -0.9618 0.2739 -0.0000
vn -0.3439 -0.3439 -0.8737
vn 0.2739 -0.9618 -0.0000
vn -0.3439 -0.3439 0.8737
vn -0.2739 -0.9618 -0.0000
vn 0.3439 -0.3439 -0.8737
vn 0.9618 0.2739 -0.0000
vn 0.3439 -0.3439 0.8737
vn 0.9618 -0.2739 -0.0000
vn 0.3439 0.3439 -0.8737
vn -0.2739 0.9618 -0.0000
vn 0.3439 0.3439 0.8737
vn 0.2739 0.9618 -0.0000
vn -0.3439 0.3439 -0.8737
vn -0.9618 -0.2739 -0.0000
vn -0.3439 0.3439 0.8737
vn -0.8737 -0.4864 -0.0000
vn -0.0000 -0.4864 -0.8737
vn 0.8737 -0.4864 -0.0000
vn -0.0000 -0.4864 0.8737
vn 0.4864 -0.8737 -0.0000
vn 0.4864 -0.0000 -0.8737
vn 0.4864 0.8737 -0.0000
vn 0.4864 -0.0000 0.8737
vn 0.8737 0.4864 -0.0000
vn -0.0000 0.4864 -0.8737
vn -0.8737 0.4864 -0.0000
vn -0.0000 0.4864 0.8737
vn -0.2885 -0.8878 -0.3586
vn 0.2885 -0.8878 0.3586
vn 0.7552 -0.5487 0.3586
vn 0.9335 -0.0000 0.3586
vn 0.7552 0.5487 0.3586
vn 0.2885 -0.8878 -0.3586
vn -0.3090 -0.9511 -0.0000
vn -0.8090 0.5878 -0.0000
vn 0.2885 0.8878 0.3586
vn 0.8090 0.5878 -0.0000
vn 0.7552 -0.5487 -0.3586
vn 0.3090 -0.9511 -0.0000
vn -0.2885 0.8878 0.3586
vn 0.3090 0.9511 -0.0000
vn 0.9335 -0.0000 -0.3586
vn 0.8090 -0.5878 -0.0000
vn -0.8090 -0.5878 -0.0000
vn -0.7552 0.5487 0.3586
vn -0.3090 0.9511 -0.0000
vn -0.7552 -0.5487 -0.3586
vn -0.9335 -0.0000 -0.3586
vn -0.7552 0.5487 -0.3586
vn -0.2885 -0.8878 0.3586
vn -0.2885 0.8878 -0.3586
vn -0.7552 -0.5487 0.3586
vn 0.2885 0.8878 -0.3586
vn -0.9335 -0.0000 0.3586
vn 0.7552 0.5487 -0.3586
vn -0.1792 0.5516 0.8146
vn -0.1792 0.5516 -0.8146
vn -0.4692 -0.3409 0.8146
vn -0.4692 -0.3409 -0.8146
vn 0.4692 -0.3409 0.8146
vn 0.4692 -0.3409 -0.8146
vn 0.1792 0.5516 0.8146
vn 0.1792 0.5516 -0.8146
vn -0.5800 -0.0000 0.8146
vn -0.5800 -0.0000 -0.8146
vn 0.1792 -0.5516 0.8146
vn 0.1792 -0.5516 -0.8146
vn 0.4692 0.3409 0.8146
vn 0.4692 0.3409 -0.8146
vn -0.4692 0.3409 0.8146
vn -0.4692 0.3409 -0.8146
vn -0.1792 -0.5516 0.8146
vn -0.1792 -0.5516 -0.8146
vn 0.5800 -0.0000 0.8146
vn 0.5800 -0.0000 -0.8146
vn 0.2416 0.7437 -0.6234
vn 0.6326 0.4596 -0.6234
vn 0.7819 -0.0000 -0.6234
vn 0.6326 -0.4596 -0.6234
vn 0.2416 -0.7437 -0.6234
vn -0.2416 -0.7437 -0.6234
vn -0.6326 -0.4596 -0.6234
vn -0.7819 -0.0000 -0.6233
vn -0.6326 0.4596 -0.6234
vn -0.2416 0.7437 -0.6234
vn -0.0000 -0.9293 -0.3692
vn -0.0000 0.9293 -0.3692
vn -0.6175 -0.0000 0.7866
vn -0.1908 -0.5872 -0.7866
vn -0.1908 -0.5872 0.7866
vn -0.0000 -0.6175 -0.7866
vn -0.6175 -0.0000 -0.7866
vn -0.4995 -0.3629 -0.7866
vn -0.4995 -0.3629 0.7866
vn -0.0000 -0.6175 0.7866
vn -0.7819 -0.0000 -0.6234
vn 0.6175 -0.0000 0.7866
vn 0.1908 -0.5872 -0.7866
vn 0.1908 -0.5872 0.7866
vn 0.6175 -0.0000 -0.7866
vn 0.4995 -0.3629 -0.7866
vn 0.4995 -0.3629 0.7866
vn -0.0000 0.6175 -0.7866
vn -0.1908 0.5872 -0.7866
vn -0.1908 0.5872 0.7866
vn -0.4995 0.3629 -0.7866
vn -0.4995 0.3629 0.7866
vn -0.0000 0.6175 0.7866
vn 0.7819 -0.0000 -0.6233
vn 0.1908 0.5872 -0.7866
vn 0.1908 0.5872 0.7866
vn 0.4995 0.3629 -0.7866
vn 0.4995 0.3629 0.7866
vt 0.841547 0.974858
vt 0.841547 0.025142
vt 0.974858 0.158453
vt 0.974858 0.841547
vt 0.851962 0.000000
vt 0.851962 1.000000
vt 1.000000 0.851962
vt 1.000000 0.148038
vt 0.000000 0.819917
vt 0.000000 0.819917
vt 0.000000 0.180083
vt 0.000000 0.180083
vt 0.125380 0.977341
vt 0.125380 0.977341
vt 0.022659 0.874620
vt 0.022659 0.874620
vt 0.977341 0.874620
vt 0.977341 0.874620
vt 0.874620 0.977341
vt 0.874620 0.977341
vt 0.874620 0.022659
vt 0.874620 0.022659
vt 0.977341 0.125380
vt 0.977341 0.125380
vt 0.022659 0.125380
vt 0.022659 0.125380
vt 0.125380 0.022659
vt 0.125380 0.022659
vt 0.819917 1.000000
vt 0.819917 1.000000
vt 0.180083 1.000000
vt 0.180083 1.000000
vt 1.000000 0.180083
vt 1.000000 0.180083
vt 1.000000 0.819917
vt 1.000000 0.819917
vt 0.180083 0.000000
vt 0.180083 0.000000
vt 0.819917 0.000000
vt 0.819917 0.000000
vt 0.000000 0.851962
vt 0.000000 0.829651
vt 0.000000 0.148038
vt 0.000000 0.170349
vt 0.148038 1.000000
vt 0.132262 0.984224
vt 0.132262 0.984224
vt 0.015776 0.867738
vt 0.015776 0.867738
vt 0.984224 0.867738
vt 0.984224 0.867738
vt 0.867738 0.984224
vt 0.867738 0.015776
vt 0.867738 0.015776
vt 0.984224 0.132262
vt 0.015776 0.132262
vt 0.015776 0.132262
vt 0.148038 0.000000
vt 0.132262 0.015776
vt 0.132262 0.015776
vt 0.829651 1.000000
vt 0.170349 1.000000
vt 1.000000 0.170349
vt 1.000000 0.829651
vt 1.000000 0.829651
vt 0.170349 0.000000
vt 0.829651 0.000000
vt 0.829651 0.000000
vt 0.025142 0.158453
vt 0.025142 0.841547
vt 0.158453 0.025142
vt 0.158453 0.974858
vt 0.000000 0.000000
vt 1.000000 0.000000
vt 1.000000 1.000000
vt 0.000000 1.000000
s 0
usemtl VCol.005
f 1087/344/529 1084/345/529 1083/346/529 1088/347/529
f 1092/348/530 1095/349/530 1096/350/530 1091/351/530
f 1129/352/531 1130/353/531 1131/354/531 1132/355/531
f 1133/356/532 1134/357/532 1135/358/532 1136/359/532
f 1137/360/533 1138/361/533 1139/362/533 1140/363/533
f 1141/364/534 1142/365/534 1143/366/534 1144/367/534
f 1145/368/535 1146/369/535 1147/370/535 1148/371/535
f 1149/372/536 1150/373/536 1151/374/536 1152/375/536
f 1153/376/537 1154/377/537 1155/378/537 1156/379/537
f 1157/380/538 1158/381/538 1159/382/538 1160/383/538
f 1161/384/531 1094/384/531 1098/385/531 1097/385/531
f 1094/384/531 1090/386/531 1099/387/531 1098/385/531
f 1090/386/531 1162/386/531 1100/387/531 1099/387/531
f 1162/386/531 1161/384/531 1097/385/531 1100/387/531
f 1168/388/532 1093/388/532 1102/389/532 1101/390/532
f 1093/388/532 1094/384/532 1103/391/532 1102/389/532
f 1094/384/532 1161/384/532 1104/392/532 1103/391/532
f 1161/384/532 1168/388/532 1101/390/532 1104/392/532
f 1166/350/533 1096/350/533 1106/393/533 1105/394/533
f 1096/350/533 1095/349/533 1107/395/533 1106/393/533
f 1095/349/533 1167/349/533 1108/395/533 1107/395/533
f 1167/349/533 1166/350/533 1105/394/533 1108/395/533
f 1164/348/534 1092/348/534 1110/396/534 1109/397/534
f 1092/348/534 1091/351/534 1111/398/534 1110/396/534
f 1091/351/534 1165/351/534 1112/398/534 1111/398/534
f 1165/351/534 1164/348/534 1109/397/534 1112/398/534
f 1162/386/535 1090/386/535 1114/399/535 1113/400/535
f 1090/386/535 1089/401/535 1115/402/535 1114/399/535
f 1089/401/535 1163/401/535 1116/403/535 1115/402/535
f 1163/401/535 1162/386/535 1113/400/535 1116/403/535
f 1167/349/536 1095/349/536 1118/404/536 1117/404/536
f 1095/349/536 1093/388/536 1119/405/536 1118/404/536
f 1093/388/536 1168/388/536 1120/405/536 1119/405/536
f 1168/388/536 1167/349/536 1117/404/536 1120/405/536
f 1165/351/537 1091/351/537 1122/406/537 1121/406/537
f 1091/351/537 1096/350/537 1123/407/537 1122/406/537
f 1096/350/537 1166/350/537 1124/408/537 1123/407/537
f 1166/350/537 1165/351/537 1121/406/537 1124/408/537
f 1163/401/538 1089/401/538 1126/409/538 1125/409/538
f 1089/401/538 1092/348/538 1127/410/538 1126/409/538
f 1092/348/538 1164/348/538 1128/411/538 1127/410/538
f 1164/348/538 1163/401/538 1125/409/538 1128/411/538
f 1097/385/539 1098/385/539 1130/353/539 1129/352/539
f 1098/385/540 1099/387/540 1131/354/540 1130/353/540
f 1099/387/541 1100/387/541 1132/355/541 1131/354/541
f 1100/387/542 1097/385/542 1129/352/542 1132/355/542
f 1101/390/543 1102/389/543 1134/357/543 1133/356/543
f 1102/389/544 1103/391/544 1135/358/544 1134/357/544
f 1103/391/545 1104/392/545 1136/359/545 1135/358/545
f 1104/392/546 1101/390/546 1133/356/546 1136/359/546
f 1105/394/547 1106/393/547 1138/361/547 1137/360/547
f 1106/393/548 1107/395/548 1139/362/548 1138/361/548
f 1107/395/549 1108/395/549 1140/363/549 1139/362/549
f 1108/395/550 1105/394/550 1137/360/550 1140/363/550
f 1109/397/551 1110/396/551 1142/365/551 1141/364/551
f 1110/396/552 1111/398/552 1143/366/552 1142/365/552
f 1111/398/553 1112/398/553 1144/367/553 1143/366/553
f 1112/398/554 1109/397/554 1141/364/554 1144/367/554
f 1113/400/555 1114/399/555 1146/369/555 1145/368/555
f 1114/399/556 1115/402/556 1147/370/556 1146/369/556
f 1115/402/557 1116/403/557 1148/371/557 1147/370/557
f 1116/403/558 1113/400/558 1145/368/558 1148/371/558
f 1117/404/559 1118/404/559 1150/373/559 1149/372/559
f 1118/404/560 1119/405/560 1151/374/560 1150/373/560
f 1119/405/561 1120/405/561 1152/375/561 1151/374/561
f 1120/405/562 1117/404/562 1149/372/562 1152/375/562
f 1121/406/563 1122/406/563 1154/377/563 1153/376/563
f 1122/406/564 1123/407/564 1155/378/564 1154/377/564
f 1123/407/565 1124/408/565 1156/379/565 1155/378/565
f 1124/408/566 1121/406/566 1153/376/566 1156/379/566
f 1125/409/567 1126/409/567 1158/381/567 1157/380/567
f 1126/409/568 1127/410/568 1159/382/568 1158/381/568
f 1127/410/569 1128/411/569 1160/383/569 1159/382/569
f 1128/411/570 1125/409/570 1157/380/570 1160/383/570
f 1090/386/530 1094/384/530 1093/388/530 1089/401/530
f 1089/401/530 1093/388/530 1095/349/530 1092/348/530
f 1082/412/529 1086/413/529 1161/384/529 1162/386/529
f 1081/414/529 1082/412/529 1162/386/529 1163/401/529
f 1084/345/529 1081/414/529 1163/401/529 1164/348/529
f 1083/346/529 1084/345/529 1164/348/529 1165/351/529
f 1088/347/529 1083/346/529 1165/351/529 1166/350/529
f 1087/344/529 1088/347/529 1166/350/529 1167/349/529
f 1085/415/529 1087/344/529 1167/349/529 1168/388/529
f 1086/413/529 1085/415/529 1168/388/529 1161/384/529
f 1081/414/529 1084/345/529 1087/344/529 1085/415/529
f 1082/412/529 1081/414/529 1085/415/529 1086/413/529
f 1197/416/529 1243/416/529 1234/416/529 1200/416/529
f 1291/416/571 1220/416/571 1219/416/571 1290/416/571
f 1208/416/529 1238/416/529 1243/416/529 1197/416/529
f 1201/416/530 1245/416/530 1240/416/530 1191/416/530
f 1169/416/572 1210/416/572 1218/416/572 1178/416/572
f 1192/416/529 1230/416/529 1235/416/529 1202/416/529
f 1178/416/573 1218/416/573 1217/416/573 1177/416/573
f 1203/416/530 1246/416/530 1242/416/530 1195/416/530
f 1177/416/574 1217/416/574 1216/416/574 1176/416/574
f 1196/416/529 1232/416/529 1236/416/529 1204/416/529
f 1176/416/575 1216/416/575 1215/416/575 1175/416/575
f 1197/416/537 1198/416/537 1207/416/537 1208/416/537
f 1299/416/576 1228/416/576 1220/416/576 1291/416/576
f 1193/416/577 1194/416/577 1205/416/577 1206/416/577
f 1205/416/530 1247/416/530 1244/416/530 1199/416/530
f 1189/416/578 1190/416/578 1203/416/578 1204/416/578
f 1175/416/579 1215/416/579 1214/416/579 1174/416/579
f 1208/416/580 1207/416/580 1201/416/580 1202/416/580
f 1298/416/581 1227/416/581 1228/416/581 1299/416/581
f 1206/416/582 1205/416/582 1199/416/582 1200/416/582
f 1200/416/529 1234/416/529 1237/416/529 1206/416/529
f 1204/416/531 1203/416/531 1195/416/531 1196/416/531
f 1174/416/583 1214/416/583 1213/416/583 1173/416/583
f 1202/416/584 1201/416/584 1191/416/584 1192/416/584
f 1297/416/585 1226/416/585 1227/416/585 1298/416/585
f 1200/416/586 1199/416/586 1198/416/586 1197/416/586
f 1207/416/530 1248/416/530 1245/416/530 1201/416/530
f 1196/416/587 1195/416/587 1194/416/587 1193/416/587
f 1173/416/588 1213/416/588 1212/416/588 1172/416/588
f 1192/416/589 1191/416/589 1190/416/589 1189/416/589
f 1240/416/589 1262/416/589 1269/416/589 1229/416/589
f 1242/416/587 1260/416/587 1267/416/587 1231/416/587
f 1244/416/586 1258/416/586 1265/416/586 1233/416/586
f 1245/416/584 1256/416/584 1262/416/584 1240/416/584
f 1229/416/578 1269/416/578 1254/416/578 1246/416/578
f 1231/416/577 1267/416/577 1252/416/577 1247/416/577
f 1255/416/531 1222/416/531 1221/416/531 1261/416/531
f 1253/416/582 1220/416/582 1228/416/582 1259/416/582
f 1251/416/580 1226/416/580 1225/416/580 1257/416/580
f 1217/416/537 1243/416/537 1238/416/537 1216/416/537
f 1209/416/577 1241/416/577 1237/416/577 1210/416/577
f 1213/416/578 1239/416/578 1236/416/578 1212/416/578
f 1216/416/580 1238/416/580 1235/416/580 1215/416/580
f 1210/416/582 1237/416/582 1234/416/582 1218/416/582
f 1212/416/531 1236/416/531 1232/416/531 1211/416/531
f 1215/416/584 1235/416/584 1230/416/584 1214/416/584
f 1218/416/586 1234/416/586 1243/416/586 1217/416/586
f 1211/416/587 1232/416/587 1241/416/587 1209/416/587
f 1214/416/589 1230/416/589 1239/416/589 1213/416/589
f 1198/416/530 1233/416/530 1248/416/530 1207/416/530
f 1290/416/590 1219/416/590 1221/416/590 1292/416/590
f 1199/416/530 1244/416/530 1233/416/530 1198/416/530
f 1206/416/529 1237/416/529 1241/416/529 1193/416/529
f 1292/416/591 1221/416/591 1222/416/591 1293/416/591
f 1193/416/529 1241/416/529 1232/416/529 1196/416/529
f 1194/416/530 1231/416/530 1247/416/530 1205/416/530
f 1293/416/592 1222/416/592 1223/416/592 1294/416/592
f 1195/416/530 1242/416/530 1231/416/530 1194/416/530
f 1170/416/593 1209/416/593 1210/416/593 1169/416/593
f 1204/416/529 1236/416/529 1239/416/529 1189/416/529
f 1294/416/594 1223/416/594 1224/416/594 1295/416/594
f 1189/416/529 1239/416/529 1230/416/529 1192/416/529
f 1171/416/595 1211/416/595 1209/416/595 1170/416/595
f 1190/416/530 1229/416/530 1246/416/530 1203/416/530
f 1295/416/596 1224/416/596 1225/416/596 1296/416/596
f 1191/416/530 1240/416/530 1229/416/530 1190/416/530
f 1172/416/597 1212/416/597 1211/416/597 1171/416/597
f 1202/416/529 1235/416/529 1238/416/529 1208/416/529
f 1296/416/598 1225/416/598 1226/416/598 1297/416/598
f 1300/416/529 1249/416/529 1301/416/529
f 1301/416/529 1249/416/529 1309/416/529
f 1309/416/529 1249/416/529 1308/416/529
f 1308/416/529 1249/416/529 1307/416/529
f 1307/416/529 1249/416/529 1306/416/529
f 1306/416/529 1249/416/529 1305/416/529
f 1305/416/529 1249/416/529 1304/416/529
f 1304/416/529 1249/416/529 1303/416/529
f 1303/416/529 1249/416/529 1302/416/529
f 1302/416/529 1249/416/529 1300/416/529
f 1263/416/589 1224/416/589 1223/416/589 1271/416/589
f 1261/416/587 1221/416/587 1219/416/587 1275/416/587
f 1259/416/586 1228/416/586 1227/416/586 1279/416/586
f 1257/416/584 1225/416/584 1224/416/584 1263/416/584
f 1271/416/578 1223/416/578 1222/416/578 1255/416/578
f 1275/416/577 1219/416/577 1220/416/577 1253/416/577
f 1279/416/537 1227/416/537 1226/416/537 1251/416/537
f 1246/416/531 1254/416/531 1260/416/531 1242/416/531
f 1247/416/582 1252/416/582 1258/416/582 1244/416/582
f 1248/416/580 1250/416/580 1256/416/580 1245/416/580
f 1270/416/589 1268/416/589 1272/416/589 1273/416/589
f 1274/416/587 1266/416/587 1276/416/587 1277/416/587
f 1278/416/586 1264/416/586 1280/416/586 1281/416/586
f 1282/416/584 1270/416/584 1273/416/584 1283/416/584
f 1284/416/531 1274/416/531 1277/416/531 1285/416/531
f 1286/416/582 1278/416/582 1281/416/582 1287/416/582
f 1288/416/580 1282/416/580 1283/416/580 1289/416/580
f 1268/416/578 1284/416/578 1285/416/578 1272/416/578
f 1266/416/577 1286/416/577 1287/416/577 1276/416/577
f 1264/416/537 1288/416/537 1289/416/537 1280/416/537
f 1233/416/537 1265/416/537 1250/416/537 1248/416/537
f 1268/416/599 1270/416/599 1263/416/599 1271/416/599
f 1273/416/600 1272/416/600 1269/416/600 1262/416/600
f 1266/416/601 1274/416/601 1261/416/601 1275/416/601
f 1277/416/602 1276/416/602 1267/416/602 1260/416/602
f 1264/416/603 1278/416/603 1259/416/603 1279/416/603
f 1281/416/604 1280/416/604 1265/416/604 1258/416/604
f 1270/416/605 1282/416/605 1257/416/605 1263/416/605
f 1283/416/606 1273/416/606 1262/416/606 1256/416/606
f 1274/416/607 1284/416/607 1255/416/607 1261/416/607
f 1285/416/608 1277/416/608 1260/416/608 1254/416/608
f 1278/416/609 1286/416/609 1253/416/609 1259/416/609
f 1287/416/610 1281/416/610 1258/416/610 1252/416/610
f 1282/416/611 1288/416/611 1251/416/611 1257/416/611
f 1289/416/612 1283/416/612 1256/416/612 1250/416/612
f 1284/416/613 1268/416/613 1271/416/613 1255/416/613
f 1272/416/614 1285/416/614 1254/416/614 1269/416/614
f 1286/416/615 1266/416/615 1275/416/615 1253/416/615
f 1276/416/616 1287/416/616 1252/416/616 1267/416/616
f 1288/416/617 1264/416/617 1279/416/617 1251/416/617
f 1280/416/618 1289/416/618 1250/416/618 1265/416/618
f 1180/416/529 1179/416/529 1291/416/529 1290/416/529
f 1181/416/529 1180/416/529 1290/416/529 1292/416/529
f 1182/416/529 1181/416/529 1292/416/529 1293/416/529
f 1183/416/529 1182/416/529 1293/416/529 1294/416/529
f 1184/416/529 1183/416/529 1294/416/529 1295/416/529
f 1185/416/529 1184/416/529 1295/416/529 1296/416/529
f 1186/416/529 1185/416/529 1296/416/529 1297/416/529
f 1187/416/529 1186/416/529 1297/416/529 1298/416/529
f 1188/416/529 1187/416/529 1298/416/529 1299/416/529
f 1179/416/529 1188/416/529 1299/416/529 1291/416/529
f 1300/416/619 1301/416/619 1179/416/619 1180/416/619
f 1302/416/620 1300/416/620 1180/416/620 1181/416/620
f 1303/416/621 1302/416/621 1181/416/621 1182/416/621
f 1304/416/622 1303/416/622 1182/416/622 1183/416/622
f 1305/416/623 1304/416/623 1183/416/623 1184/416/623
f 1306/416/624 1305/416/624 1184/416/624 1185/416/624
f 1307/416/625 1306/416/625 1185/416/625 1186/416/625
f 1308/416/626 1307/416/626 1186/416/626 1187/416/626
f 1309/416/627 1308/416/627 1187/416/627 1188/416/627
f 1301/416/628 1309/416/628 1188/416/628 1179/416/628
f 1315/416/529 1316/417/529 1317/418/529 1314/419/529
f 1313/418/629 1312/419/629 1314/419/629 1317/418/629
f 1310/416/630 1311/417/630 1316/417/630 1315/416/630
f 1318/416/584 1323/416/584 1322/416/584 1319/416/584
f 1496/416/538 1495/416/538 1322/416/538 1323/416/538
f 1321/416/580 1318/416/580 1319/416/580 1320/416/580
f 1340/416/531 1686/416/531 1687/416/531 1341/416/531
f 1337/416/577 1339/416/577 1338/416/577 1336/416/577
f 1509/416/536 1336/416/536 1338/416/536 1511/416/536
f 1340/416/587 1341/416/587 1339/416/587 1337/416/587
f 1329/416/530 1502/416/530 1496/416/530 1323/416/530
f 1323/416/530 1318/416/530 1324/416/530 1329/416/530
f 1495/416/529 1501/416/529 1328/416/529 1322/416/529
f 1318/416/530 1321/416/530 1327/416/530 1324/416/530
f 1319/416/529 1322/416/529 1328/416/529 1325/416/529
f 1326/416/529 1672/416/529 1666/416/529 1320/416/529
f 1320/416/529 1319/416/529 1325/416/529 1326/416/529
f 1681/416/531 1672/416/531 1326/416/531 1335/416/531
f 1667/416/530 1673/416/530 1327/416/530 1321/416/530
f 1331/416/577 1330/416/577 1329/416/577 1324/416/577
f 1332/416/577 1333/416/577 1325/416/577 1328/416/577
f 1503/416/536 1502/416/536 1329/416/536 1330/416/536
f 1327/416/531 1673/416/531 1680/416/531 1334/416/531
f 1334/416/587 1331/416/587 1324/416/587 1327/416/587
f 1333/416/587 1335/416/587 1326/416/587 1325/416/587
f 1328/416/536 1501/416/536 1505/416/536 1332/416/536
f 1687/416/631 1681/416/631 1335/416/631 1341/416/631
f 1337/416/632 1336/416/632 1330/416/632 1331/416/632
f 1338/416/633 1339/416/633 1333/416/633 1332/416/633
f 1509/416/634 1503/416/634 1330/416/634 1336/416/634
f 1334/416/635 1680/416/635 1686/416/635 1340/416/635
f 1340/416/636 1337/416/636 1331/416/636 1334/416/636
f 1339/416/637 1341/416/637 1335/416/637 1333/416/637
f 1332/416/638 1505/416/638 1511/416/638 1338/416/638
f 1494/416/531 1840/416/531 1839/416/531 1493/416/531
f 1370/416/529 1373/416/529 1407/416/529 1416/416/529
f 1464/416/576 1463/416/576 1392/416/576 1393/416/576
f 1381/416/529 1370/416/529 1416/416/529 1411/416/529
f 1374/416/530 1364/416/530 1413/416/530 1418/416/530
f 1342/416/593 1351/416/593 1391/416/593 1383/416/593
f 1365/416/529 1375/416/529 1408/416/529 1403/416/529
f 1351/416/595 1350/416/595 1390/416/595 1391/416/595
f 1376/416/530 1368/416/530 1415/416/530 1419/416/530
f 1350/416/597 1349/416/597 1389/416/597 1390/416/597
f 1369/416/529 1377/416/529 1409/416/529 1405/416/529
f 1349/416/588 1348/416/588 1388/416/588 1389/416/588
f 1370/416/531 1381/416/531 1380/416/531 1371/416/531
f 1472/416/571 1464/416/571 1393/416/571 1401/416/571
f 1366/416/582 1379/416/582 1378/416/582 1367/416/582
f 1378/416/530 1372/416/530 1417/416/530 1420/416/530
f 1362/416/580 1377/416/580 1376/416/580 1363/416/580
f 1348/416/583 1347/416/583 1387/416/583 1388/416/583
f 1381/416/578 1375/416/578 1374/416/578 1380/416/578
f 1471/416/590 1472/416/590 1401/416/590 1400/416/590
f 1379/416/577 1373/416/577 1372/416/577 1378/416/577
f 1373/416/529 1379/416/529 1410/416/529 1407/416/529
f 1377/416/537 1369/416/537 1368/416/537 1376/416/537
f 1347/416/579 1346/416/579 1386/416/579 1387/416/579
f 1375/416/589 1365/416/589 1364/416/589 1374/416/589
f 1470/416/591 1471/416/591 1400/416/591 1399/416/591
f 1373/416/587 1370/416/587 1371/416/587 1372/416/587
f 1380/416/530 1374/416/530 1418/416/530 1421/416/530
f 1369/416/586 1366/416/586 1367/416/586 1368/416/586
f 1346/416/575 1345/416/575 1385/416/575 1386/416/575
f 1365/416/584 1362/416/584 1363/416/584 1364/416/584
f 1413/416/584 1402/416/584 1442/416/584 1435/416/584
f 1415/416/586 1404/416/586 1440/416/586 1433/416/586
f 1417/416/587 1406/416/587 1438/416/587 1431/416/587
f 1418/416/589 1413/416/589 1435/416/589 1429/416/589
f 1402/416/580 1419/416/580 1427/416/580 1442/416/580
f 1404/416/582 1420/416/582 1425/416/582 1440/416/582
f 1428/416/537 1434/416/537 1394/416/537 1395/416/537
f 1426/416/577 1432/416/577 1401/416/577 1393/416/577
f 1424/416/578 1430/416/578 1398/416/578 1399/416/578
f 1390/416/531 1389/416/531 1411/416/531 1416/416/531
f 1382/416/582 1383/416/582 1410/416/582 1414/416/582
f 1386/416/580 1385/416/580 1409/416/580 1412/416/580
f 1389/416/578 1388/416/578 1408/416/578 1411/416/578
f 1383/416/577 1391/416/577 1407/416/577 1410/416/577
f 1385/416/537 1384/416/537 1405/416/537 1409/416/537
f 1388/416/589 1387/416/589 1403/416/589 1408/416/589
f 1391/416/587 1390/416/587 1416/416/587 1407/416/587
f 1384/416/586 1382/416/586 1414/416/586 1405/416/586
f 1387/416/584 1386/416/584 1412/416/584 1403/416/584
f 1371/416/530 1380/416/530 1421/416/530 1406/416/530
f 1463/416/581 1465/416/581 1394/416/581 1392/416/581
f 1372/416/530 1371/416/530 1406/416/530 1417/416/530
f 1379/416/529 1366/416/529 1414/416/529 1410/416/529
f 1465/416/585 1466/416/585 1395/416/585 1394/416/585
f 1366/416/529 1369/416/529 1405/416/529 1414/416/529
f 1367/416/530 1378/416/530 1420/416/530 1404/416/530
f 1466/416/598 1467/416/598 1396/416/598 1395/416/598
f 1368/416/530 1367/416/530 1404/416/530 1415/416/530
f 1343/416/572 1342/416/572 1383/416/572 1382/416/572
f 1377/416/529 1362/416/529 1412/416/529 1409/416/529
f 1467/416/596 1468/416/596 1397/416/596 1396/416/596
f 1362/416/529 1365/416/529 1403/416/529 1412/416/529
f 1344/416/573 1343/416/573 1382/416/573 1384/416/573
f 1363/416/530 1376/416/530 1419/416/530 1402/416/530
f 1468/416/594 1469/416/594 1398/416/594 1397/416/594
f 1364/416/530 1363/416/530 1402/416/530 1413/416/530
f 1345/416/574 1344/416/574 1384/416/574 1385/416/574
f 1375/416/529 1381/416/529 1411/416/529 1408/416/529
f 1469/416/592 1470/416/592 1399/416/592 1398/416/592
f 1473/416/529 1474/416/529 1422/416/529
f 1474/416/529 1482/416/529 1422/416/529
f 1482/416/529 1481/416/529 1422/416/529
f 1481/416/529 1480/416/529 1422/416/529
f 1480/416/529 1479/416/529 1422/416/529
f 1479/416/529 1478/416/529 1422/416/529
f 1478/416/529 1477/416/529 1422/416/529
f 1477/416/529 1476/416/529 1422/416/529
f 1476/416/529 1475/416/529 1422/416/529
f 1475/416/529 1473/416/529 1422/416/529
f 1436/416/584 1444/416/584 1396/416/584 1397/416/584
f 1434/416/586 1448/416/586 1392/416/586 1394/416/586
f 1432/416/587 1452/416/587 1400/416/587 1401/416/587
f 1430/416/589 1436/416/589 1397/416/589 1398/416/589
f 1444/416/580 1428/416/580 1395/416/580 1396/416/580
f 1448/416/582 1426/416/582 1393/416/582 1392/416/582
f 1452/416/531 1424/416/531 1399/416/531 1400/416/531
f 1419/416/537 1415/416/537 1433/416/537 1427/416/537
f 1420/416/577 1417/416/577 1431/416/577 1425/416/577
f 1421/416/578 1418/416/578 1429/416/578 1423/416/578
f 1443/416/584 1446/416/584 1445/416/584 1441/416/584
f 1447/416/586 1450/416/586 1449/416/586 1439/416/586
f 1451/416/587 1454/416/587 1453/416/587 1437/416/587
f 1455/416/589 1456/416/589 1446/416/589 1443/416/589
f 1457/416/537 1458/416/537 1450/416/537 1447/416/537
f 1459/416/577 1460/416/577 1454/416/577 1451/416/577
f 1461/416/578 1462/416/578 1456/416/578 1455/416/578
f 1441/416/580 1445/416/580 1458/416/580 1457/416/580
f 1439/416/582 1449/416/582 1460/416/582 1459/416/582
f 1437/416/531 1453/416/531 1462/416/531 1461/416/531
f 1406/416/531 1421/416/531 1423/416/531 1438/416/531
f 1441/416/605 1444/416/605 1436/416/605 1443/416/605
f 1446/416/606 1435/416/606 1442/416/606 1445/416/606
f 1439/416/603 1448/416/603 1434/416/603 1447/416/603
f 1450/416/604 1433/416/604 1440/416/604 1449/416/604
f 1437/416/601 1452/416/601 1432/416/601 1451/416/601
f 1454/416/602 1431/416/602 1438/416/602 1453/416/602
f 1443/416/599 1436/416/599 1430/416/599 1455/416/599
f 1456/416/600 1429/416/600 1435/416/600 1446/416/600
f 1447/416/617 1434/416/617 1428/416/617 1457/416/617
f 1458/416/618 1427/416/618 1433/416/618 1450/416/618
f 1451/416/615 1432/416/615 1426/416/615 1459/416/615
f 1460/416/616 1425/416/616 1431/416/616 1454/416/616
f 1455/416/613 1430/416/613 1424/416/613 1461/416/613
f 1462/416/614 1423/416/614 1429/416/614 1456/416/614
f 1457/416/611 1428/416/611 1444/416/611 1441/416/611
f 1445/416/612 1442/416/612 1427/416/612 1458/416/612
f 1459/416/609 1426/416/609 1448/416/609 1439/416/609
f 1449/416/610 1440/416/610 1425/416/610 1460/416/610
f 1461/416/607 1424/416/607 1452/416/607 1437/416/607
f 1453/416/608 1438/416/608 1423/416/608 1462/416/608
f 1353/416/529 1463/416/529 1464/416/529 1352/416/529
f 1354/416/529 1465/416/529 1463/416/529 1353/416/529
f 1355/416/529 1466/416/529 1465/416/529 1354/416/529
f 1356/416/529 1467/416/529 1466/416/529 1355/416/529
f 1357/416/529 1468/416/529 1467/416/529 1356/416/529
f 1358/416/529 1469/416/529 1468/416/529 1357/416/529
f 1359/416/529 1470/416/529 1469/416/529 1358/416/529
f 1360/416/529 1471/416/529 1470/416/529 1359/416/529
f 1361/416/529 1472/416/529 1471/416/529 1360/416/529
f 1352/416/529 1464/416/529 1472/416/529 1361/416/529
f 1473/416/628 1353/416/628 1352/416/628 1474/416/628
f 1475/416/627 1354/416/627 1353/416/627 1473/416/627
f 1476/416/639 1355/416/639 1354/416/639 1475/416/639
f 1477/416/625 1356/416/625 1355/416/625 1476/416/625
f 1478/416/624 1357/416/624 1356/416/624 1477/416/624
f 1479/416/623 1358/416/623 1357/416/623 1478/416/623
f 1480/416/622 1359/416/622 1358/416/622 1479/416/622
f 1481/416/621 1360/416/621 1359/416/621 1480/416/621
f 1482/416/620 1361/416/620 1360/416/620 1481/416/620
f 1474/416/619 1352/416/619 1361/416/619 1482/416/619
f 1488/416/529 1487/419/529 1490/418/529 1489/417/529
f 1486/418/629 1490/418/629 1487/419/629 1485/419/629
f 1483/416/630 1488/416/630 1489/417/630 1484/417/630
f 1491/416/589 1492/416/589 1495/416/589 1496/416/589
f 1514/416/537 1860/416/537 1859/416/537 1513/416/537
f 1494/416/578 1493/416/578 1492/416/578 1491/416/578
f 1510/416/582 1509/416/582 1511/416/582 1512/416/582
f 1493/416/529 1839/416/529 1845/416/529 1499/416/529
f 1513/416/586 1510/416/586 1512/416/586 1514/416/586
f 1496/416/530 1502/416/530 1497/416/530 1491/416/530
f 1491/416/530 1497/416/530 1500/416/530 1494/416/530
f 1492/416/529 1498/416/529 1501/416/529 1495/416/529
f 1493/416/529 1499/416/529 1498/416/529 1492/416/529
f 1854/416/537 1508/416/537 1499/416/537 1845/416/537
f 1840/416/530 1494/416/530 1500/416/530 1846/416/530
f 1504/416/582 1497/416/582 1502/416/582 1503/416/582
f 1505/416/582 1501/416/582 1498/416/582 1506/416/582
f 1860/416/640 1514/416/640 1508/416/640 1854/416/640
f 1507/416/537 1853/416/537 1846/416/537 1500/416/537
f 1507/416/586 1500/416/586 1497/416/586 1504/416/586
f 1506/416/586 1498/416/586 1499/416/586 1508/416/586
f 1510/416/641 1504/416/641 1503/416/641 1509/416/641
f 1511/416/642 1505/416/642 1506/416/642 1512/416/642
f 1842/416/536 1669/416/536 1668/416/536 1841/416/536
f 1513/416/643 1859/416/643 1853/416/643 1507/416/643
f 1513/416/644 1507/416/644 1504/416/644 1510/416/644
f 1512/416/645 1506/416/645 1508/416/645 1514/416/645
f 1543/416/529 1546/416/529 1580/416/529 1589/416/529
f 1637/416/594 1636/416/594 1565/416/594 1566/416/594
f 1554/416/529 1543/416/529 1589/416/529 1584/416/529
f 1547/416/530 1537/416/530 1586/416/530 1591/416/530
f 1515/416/579 1524/416/579 1564/416/579 1556/416/579
f 1538/416/529 1548/416/529 1581/416/529 1576/416/529
f 1524/416/575 1523/416/575 1563/416/575 1564/416/575
f 1549/416/530 1541/416/530 1588/416/530 1592/416/530
f 1523/416/574 1522/416/574 1562/416/574 1563/416/574
f 1542/416/529 1550/416/529 1582/416/529 1578/416/529
f 1522/416/573 1521/416/573 1561/416/573 1562/416/573
f 1543/416/537 1554/416/537 1553/416/537 1544/416/537
f 1645/416/596 1637/416/596 1566/416/596 1574/416/596
f 1539/416/589 1552/416/589 1551/416/589 1540/416/589
f 1551/416/530 1545/416/530 1590/416/530 1593/416/530
f 1535/416/587 1550/416/587 1549/416/587 1536/416/587
f 1521/416/572 1520/416/572 1560/416/572 1561/416/572
f 1554/416/586 1548/416/586 1547/416/586 1553/416/586
f 1644/416/598 1645/416/598 1574/416/598 1573/416/598
f 1552/416/584 1546/416/584 1545/416/584 1551/416/584
f 1546/416/529 1552/416/529 1583/416/529 1580/416/529
f 1550/416/531 1542/416/531 1541/416/531 1549/416/531
f 1520/416/593 1519/416/593 1559/416/593 1560/416/593
f 1548/416/582 1538/416/582 1537/416/582 1547/416/582
f 1643/416/585 1644/416/585 1573/416/585 1572/416/585
f 1546/416/580 1543/416/580 1544/416/580 1545/416/580
f 1553/416/530 1547/416/530 1591/416/530 1594/416/530
f 1542/416/578 1539/416/578 1540/416/578 1541/416/578
f 1519/416/595 1518/416/595 1558/416/595 1559/416/595
f 1538/416/577 1535/416/577 1536/416/577 1537/416/577
f 1586/416/577 1575/416/577 1615/416/577 1608/416/577
f 1588/416/578 1577/416/578 1613/416/578 1606/416/578
f 1590/416/580 1579/416/580 1611/416/580 1604/416/580
f 1591/416/582 1586/416/582 1608/416/582 1602/416/582
f 1575/416/587 1592/416/587 1600/416/587 1615/416/587
f 1577/416/589 1593/416/589 1598/416/589 1613/416/589
f 1601/416/531 1607/416/531 1567/416/531 1568/416/531
f 1599/416/584 1605/416/584 1574/416/584 1566/416/584
f 1597/416/586 1603/416/586 1571/416/586 1572/416/586
f 1563/416/537 1562/416/537 1584/416/537 1589/416/537
f 1555/416/589 1556/416/589 1583/416/589 1587/416/589
f 1559/416/587 1558/416/587 1582/416/587 1585/416/587
f 1562/416/586 1561/416/586 1581/416/586 1584/416/586
f 1556/416/584 1564/416/584 1580/416/584 1583/416/584
f 1558/416/531 1557/416/531 1578/416/531 1582/416/531
f 1561/416/582 1560/416/582 1576/416/582 1581/416/582
f 1564/416/580 1563/416/580 1589/416/580 1580/416/580
f 1557/416/578 1555/416/578 1587/416/578 1578/416/578
f 1560/416/577 1559/416/577 1585/416/577 1576/416/577
f 1544/416/530 1553/416/530 1594/416/530 1579/416/530
f 1636/416/592 1638/416/592 1567/416/592 1565/416/592
f 1545/416/530 1544/416/530 1579/416/530 1590/416/530
f 1552/416/529 1539/416/529 1587/416/529 1583/416/529
f 1638/416/591 1639/416/591 1568/416/591 1567/416/591
f 1539/416/529 1542/416/529 1578/416/529 1587/416/529
f 1540/416/530 1551/416/530 1593/416/530 1577/416/530
f 1639/416/590 1640/416/590 1569/416/590 1568/416/590
f 1541/416/530 1540/416/530 1577/416/530 1588/416/530
f 1516/416/583 1515/416/583 1556/416/583 1555/416/583
f 1550/416/529 1535/416/529 1585/416/529 1582/416/529
f 1640/416/571 1641/416/571 1570/416/571 1569/416/571
f 1535/416/529 1538/416/529 1576/416/529 1585/416/529
f 1517/416/588 1516/416/588 1555/416/588 1557/416/588
f 1536/416/530 1549/416/530 1592/416/530 1575/416/530
f 1641/416/576 1642/416/576 1571/416/576 1570/416/576
f 1537/416/530 1536/416/530 1575/416/530 1586/416/530
f 1518/416/597 1517/416/597 1557/416/597 1558/416/597
f 1548/416/529 1554/416/529 1584/416/529 1581/416/529
f 1642/416/581 1643/416/581 1572/416/581 1571/416/581
f 1646/416/529 1647/416/529 1595/416/529
f 1647/416/529 1655/416/529 1595/416/529
f 1655/416/529 1654/416/529 1595/416/529
f 1654/416/529 1653/416/529 1595/416/529
f 1653/416/529 1652/416/529 1595/416/529
f 1652/416/529 1651/416/529 1595/416/529
f 1651/416/529 1650/416/529 1595/416/529
f 1650/416/529 1649/416/529 1595/416/529
f 1649/416/529 1648/416/529 1595/416/529
f 1648/416/529 1646/416/529 1595/416/529
f 1609/416/577 1617/416/577 1569/416/577 1570/416/577
f 1607/416/578 1621/416/578 1565/416/578 1567/416/578
f 1605/416/580 1625/416/580 1573/416/580 1574/416/580
f 1603/416/582 1609/416/582 1570/416/582 1571/416/582
f 1617/416/587 1601/416/587 1568/416/587 1569/416/587
f 1621/416/589 1599/416/589 1566/416/589 1565/416/589
f 1625/416/537 1597/416/537 1572/416/537 1573/416/537
f 1592/416/531 1588/416/531 1606/416/531 1600/416/531
f 1593/416/584 1590/416/584 1604/416/584 1598/416/584
f 1594/416/586 1591/416/586 1602/416/586 1596/416/586
f 1616/416/577 1619/416/577 1618/416/577 1614/416/577
f 1620/416/578 1623/416/578 1622/416/578 1612/416/578
f 1624/416/580 1627/416/580 1626/416/580 1610/416/580
f 1628/416/582 1629/416/582 1619/416/582 1616/416/582
f 1630/416/531 1631/416/531 1623/416/531 1620/416/531
f 1632/416/584 1633/416/584 1627/416/584 1624/416/584
f 1634/416/586 1635/416/586 1629/416/586 1628/416/586
f 1614/416/587 1618/416/587 1631/416/587 1630/416/587
f 1612/416/589 1622/416/589 1633/416/589 1632/416/589
f 1610/416/537 1626/416/537 1635/416/537 1634/416/537
f 1579/416/537 1594/416/537 1596/416/537 1611/416/537
f 1614/416/615 1617/416/615 1609/416/615 1616/416/615
f 1619/416/616 1608/416/616 1615/416/616 1618/416/616
f 1612/416/613 1621/416/613 1607/416/613 1620/416/613
f 1623/416/614 1606/416/614 1613/416/614 1622/416/614
f 1610/416/611 1625/416/611 1605/416/611 1624/416/611
f 1627/416/612 1604/416/612 1611/416/612 1626/416/612
f 1616/416/609 1609/416/609 1603/416/609 1628/416/609
f 1629/416/610 1602/416/610 1608/416/610 1619/416/610
f 1620/416/607 1607/416/607 1601/416/607 1630/416/607
f 1631/416/608 1600/416/608 1606/416/608 1623/416/608
f 1624/416/605 1605/416/605 1599/416/605 1632/416/605
f 1633/416/606 1598/416/606 1604/416/606 1627/416/606
f 1628/416/603 1603/416/603 1597/416/603 1634/416/603
f 1635/416/604 1596/416/604 1602/416/604 1629/416/604
f 1630/416/601 1601/416/601 1617/416/601 1614/416/601
f 1618/416/602 1615/416/602 1600/416/602 1631/416/602
f 1632/416/599 1599/416/599 1621/416/599 1612/416/599
f 1622/416/600 1613/416/600 1598/416/600 1633/416/600
f 1634/416/617 1597/416/617 1625/416/617 1610/416/617
f 1626/416/618 1611/416/618 1596/416/618 1635/416/618
f 1526/416/529 1636/416/529 1637/416/529 1525/416/529
f 1527/416/529 1638/416/529 1636/416/529 1526/416/529
f 1528/416/529 1639/416/529 1638/416/529 1527/416/529
f 1529/416/529 1640/416/529 1639/416/529 1528/416/529
f 1530/416/529 1641/416/529 1640/416/529 1529/416/529
f 1531/416/529 1642/416/529 1641/416/529 1530/416/529
f 1532/416/529 1643/416/529 1642/416/529 1531/416/529
f 1533/416/529 1644/416/529 1643/416/529 1532/416/529
f 1534/416/529 1645/416/529 1644/416/529 1533/416/529
f 1525/416/529 1637/416/529 1645/416/529 1534/416/529
f 1646/416/623 1526/416/623 1525/416/623 1647/416/623
f 1648/416/622 1527/416/622 1526/416/622 1646/416/622
f 1649/416/621 1528/416/621 1527/416/621 1648/416/621
f 1650/416/620 1529/416/620 1528/416/620 1649/416/620
f 1651/416/619 1530/416/619 1529/416/619 1650/416/619
f 1652/416/628 1531/416/628 1530/416/628 1651/416/628
f 1653/416/627 1532/416/627 1531/416/627 1652/416/627
f 1654/416/639 1533/416/639 1532/416/639 1653/416/639
f 1655/416/625 1534/416/625 1533/416/625 1654/416/625
f 1647/416/624 1525/416/624 1534/416/624 1655/416/624
f 1661/416/529 1660/419/529 1663/418/529 1662/417/529
f 1659/418/630 1663/418/630 1660/419/630 1658/419/630
f 1656/416/629 1661/416/629 1662/417/629 1657/417/629
f 1664/416/582 1665/416/582 1668/416/582 1669/416/582
f 1667/416/586 1666/416/586 1665/416/586 1664/416/586
f 1855/416/538 1857/416/538 1684/416/538 1682/416/538
f 1683/416/589 1682/416/589 1684/416/589 1685/416/589
f 1686/416/578 1683/416/578 1685/416/578 1687/416/578
f 1669/416/530 1842/416/530 1848/416/530 1675/416/530
f 1669/416/530 1675/416/530 1670/416/530 1664/416/530
f 1841/416/529 1668/416/529 1674/416/529 1847/416/529
f 1664/416/530 1670/416/530 1673/416/530 1667/416/530
f 1665/416/529 1671/416/529 1674/416/529 1668/416/529
f 1849/416/538 1676/416/538 1675/416/538 1848/416/538
f 1666/416/529 1672/416/529 1671/416/529 1665/416/529
f 1677/416/589 1670/416/589 1675/416/589 1676/416/589
f 1678/416/589 1674/416/589 1671/416/589 1679/416/589
f 1680/416/578 1673/416/578 1670/416/578 1677/416/578
f 1679/416/578 1671/416/578 1672/416/578 1681/416/578
f 1678/416/538 1851/416/538 1847/416/538 1674/416/538
f 1855/416/646 1682/416/646 1676/416/646 1849/416/646
f 1683/416/647 1677/416/647 1676/416/647 1682/416/647
f 1684/416/648 1678/416/648 1679/416/648 1685/416/648
f 1686/416/649 1680/416/649 1677/416/649 1683/416/649
f 1685/416/650 1679/416/650 1681/416/650 1687/416/650
f 1684/416/651 1857/416/651 1851/416/651 1678/416/651
f 1716/416/529 1762/416/529 1753/416/529 1719/416/529
f 1810/416/596 1739/416/596 1738/416/596 1809/416/596
f 1727/416/529 1757/416/529 1762/416/529 1716/416/529
f 1720/416/530 1764/416/530 1759/416/530 1710/416/530
f 1688/416/583 1729/416/583 1737/416/583 1697/416/583
f 1711/416/529 1749/416/529 1754/416/529 1721/416/529
f 1697/416/588 1737/416/588 1736/416/588 1696/416/588
f 1722/416/530 1765/416/530 1761/416/530 1714/416/530
f 1696/416/597 1736/416/597 1735/416/597 1695/416/597
f 1715/416/529 1751/416/529 1755/416/529 1723/416/529
f 1695/416/595 1735/416/595 1734/416/595 1694/416/595
f 1716/416/531 1717/416/531 1726/416/531 1727/416/531
f 1818/416/594 1747/416/594 1739/416/594 1810/416/594
f 1712/416/584 1713/416/584 1724/416/584 1725/416/584
f 1724/416/530 1766/416/530 1763/416/530 1718/416/530
f 1708/416/586 1709/416/586 1722/416/586 1723/416/586
f 1694/416/593 1734/416/593 1733/416/593 1693/416/593
f 1727/416/587 1726/416/587 1720/416/587 1721/416/587
f 1817/416/592 1746/416/592 1747/416/592 1818/416/592
f 1725/416/589 1724/416/589 1718/416/589 1719/416/589
f 1719/416/529 1753/416/529 1756/416/529 1725/416/529
f 1723/416/537 1722/416/537 1714/416/537 1715/416/537
f 1693/416/572 1733/416/572 1732/416/572 1692/416/572
f 1721/416/577 1720/416/577 1710/416/577 1711/416/577
f 1816/416/591 1745/416/591 1746/416/591 1817/416/591
f 1719/416/578 1718/416/578 1717/416/578 1716/416/578
f 1726/416/530 1767/416/530 1764/416/530 1720/416/530
f 1715/416/580 1714/416/580 1713/416/580 1712/416/580
f 1692/416/573 1732/416/573 1731/416/573 1691/416/573
f 1711/416/582 1710/416/582 1709/416/582 1708/416/582
f 1759/416/582 1781/416/582 1788/416/582 1748/416/582
f 1761/416/580 1779/416/580 1786/416/580 1750/416/580
f 1763/416/578 1777/416/578 1784/416/578 1752/416/578
f 1764/416/577 1775/416/577 1781/416/577 1759/416/577
f 1748/416/586 1788/416/586 1773/416/586 1765/416/586
f 1750/416/584 1786/416/584 1771/416/584 1766/416/584
f 1774/416/537 1741/416/537 1740/416/537 1780/416/537
f 1772/416/589 1739/416/589 1747/416/589 1778/416/589
f 1770/416/587 1745/416/587 1744/416/587 1776/416/587
f 1736/416/531 1762/416/531 1757/416/531 1735/416/531
f 1728/416/584 1760/416/584 1756/416/584 1729/416/584
f 1732/416/586 1758/416/586 1755/416/586 1731/416/586
f 1735/416/587 1757/416/587 1754/416/587 1734/416/587
f 1729/416/589 1756/416/589 1753/416/589 1737/416/589
f 1731/416/537 1755/416/537 1751/416/537 1730/416/537
f 1734/416/577 1754/416/577 1749/416/577 1733/416/577
f 1737/416/578 1753/416/578 1762/416/578 1736/416/578
f 1730/416/580 1751/416/580 1760/416/580 1728/416/580
f 1733/416/582 1749/416/582 1758/416/582 1732/416/582
f 1717/416/530 1752/416/530 1767/416/530 1726/416/530
f 1809/416/598 1738/416/598 1740/416/598 1811/416/598
f 1718/416/530 1763/416/530 1752/416/530 1717/416/530
f 1725/416/529 1756/416/529 1760/416/529 1712/416/529
f 1811/416/585 1740/416/585 1741/416/585 1812/416/585
f 1712/416/529 1760/416/529 1751/416/529 1715/416/529
f 1713/416/530 1750/416/530 1766/416/530 1724/416/530
f 1812/416/581 1741/416/581 1742/416/581 1813/416/581
f 1714/416/530 1761/416/530 1750/416/530 1713/416/530
f 1689/416/579 1728/416/579 1729/416/579 1688/416/579
f 1723/416/529 1755/416/529 1758/416/529 1708/416/529
f 1813/416/576 1742/416/576 1743/416/576 1814/416/576
f 1708/416/529 1758/416/529 1749/416/529 1711/416/529
f 1690/416/575 1730/416/575 1728/416/575 1689/416/575
f 1709/416/530 1748/416/530 1765/416/530 1722/416/530
f 1814/416/571 1743/416/571 1744/416/571 1815/416/571
f 1710/416/530 1759/416/530 1748/416/530 1709/416/530
f 1691/416/574 1731/416/574 1730/416/574 1690/416/574
f 1721/416/529 1754/416/529 1757/416/529 1727/416/529
f 1815/416/590 1744/416/590 1745/416/590 1816/416/590
f 1819/416/529 1768/416/529 1820/416/529
f 1820/416/529 1768/416/529 1828/416/529
f 1828/416/529 1768/416/529 1827/416/529
f 1827/416/529 1768/416/529 1826/416/529
f 1826/416/529 1768/416/529 1825/416/529
f 1825/416/529 1768/416/529 1824/416/529
f 1824/416/529 1768/416/529 1823/416/529
f 1823/416/529 1768/416/529 1822/416/529
f 1822/416/529 1768/416/529 1821/416/529
f 1821/416/529 1768/416/529 1819/416/529
f 1782/416/582 1743/416/582 1742/416/582 1790/416/582
f 1780/416/580 1740/416/580 1738/416/580 1794/416/580
f 1778/416/578 1747/416/578 1746/416/578 1798/416/578
f 1776/416/577 1744/416/577 1743/416/577 1782/416/577
f 1790/416/586 1742/416/586 1741/416/586 1774/416/586
f 1794/416/584 1738/416/584 1739/416/584 1772/416/584
f 1798/416/531 1746/416/531 1745/416/531 1770/416/531
f 1765/416/537 1773/416/537 1779/416/537 1761/416/537
f 1766/416/589 1771/416/589 1777/416/589 1763/416/589
f 1767/416/587 1769/416/587 1775/416/587 1764/416/587
f 1789/416/582 1787/416/582 1791/416/582 1792/416/582
f 1793/416/580 1785/416/580 1795/416/580 1796/416/580
f 1797/416/578 1783/416/578 1799/416/578 1800/416/578
f 1801/416/577 1789/416/577 1792/416/577 1802/416/577
f 1803/416/537 1793/416/537 1796/416/537 1804/416/537
f 1805/416/589 1797/416/589 1800/416/589 1806/416/589
f 1807/416/587 1801/416/587 1802/416/587 1808/416/587
f 1787/416/586 1803/416/586 1804/416/586 1791/416/586
f 1785/416/584 1805/416/584 1806/416/584 1795/416/584
f 1783/416/531 1807/416/531 1808/416/531 1799/416/531
f 1752/416/531 1784/416/531 1769/416/531 1767/416/531
f 1787/416/609 1789/416/609 1782/416/609 1790/416/609
f 1792/416/610 1791/416/610 1788/416/610 1781/416/610
f 1785/416/611 1793/416/611 1780/416/611 1794/416/611
f 1796/416/612 1795/416/612 1786/416/612 1779/416/612
f 1783/416/613 1797/416/613 1778/416/613 1798/416/613
f 1800/416/614 1799/416/614 1784/416/614 1777/416/614
f 1789/416/615 1801/416/615 1776/416/615 1782/416/615
f 1802/416/616 1792/416/616 1781/416/616 1775/416/616
f 1793/416/617 1803/416/617 1774/416/617 1780/416/617
f 1804/416/618 1796/416/618 1779/416/618 1773/416/618
f 1797/416/599 1805/416/599 1772/416/599 1778/416/599
f 1806/416/600 1800/416/600 1777/416/600 1771/416/600
f 1801/416/601 1807/416/601 1770/416/601 1776/416/601
f 1808/416/602 1802/416/602 1775/416/602 1769/416/602
f 1803/416/603 1787/416/603 1790/416/603 1774/416/603
f 1791/416/604 1804/416/604 1773/416/604 1788/416/604
f 1805/416/605 1785/416/605 1794/416/605 1772/416/605
f 1795/416/606 1806/416/606 1771/416/606 1786/416/606
f 1807/416/607 1783/416/607 1798/416/607 1770/416/607
f 1799/416/608 1808/416/608 1769/416/608 1784/416/608
f 1699/416/529 1698/416/529 1810/416/529 1809/416/529
f 1700/416/529 1699/416/529 1809/416/529 1811/416/529
f 1701/416/529 1700/416/529 1811/416/529 1812/416/529
f 1702/416/529 1701/416/529 1812/416/529 1813/416/529
f 1703/416/529 1702/416/529 1813/416/529 1814/416/529
f 1704/416/529 1703/416/529 1814/416/529 1815/416/529
f 1705/416/529 1704/416/529 1815/416/529 1816/416/529
f 1706/416/529 1705/416/529 1816/416/529 1817/416/529
f 1707/416/529 1706/416/529 1817/416/529 1818/416/529
f 1698/416/529 1707/416/529 1818/416/529 1810/416/529
f 1819/416/624 1820/416/624 1698/416/624 1699/416/624
f 1821/416/625 1819/416/625 1699/416/625 1700/416/625
f 1822/416/639 1821/416/639 1700/416/639 1701/416/639
f 1823/416/627 1822/416/627 1701/416/627 1702/416/627
f 1824/416/628 1823/416/628 1702/416/628 1703/416/628
f 1825/416/619 1824/416/619 1703/416/619 1704/416/619
f 1826/416/620 1825/416/620 1704/416/620 1705/416/620
f 1827/416/652 1826/416/652 1705/416/652 1706/416/652
f 1828/416/622 1827/416/622 1706/416/622 1707/416/622
f 1820/416/623 1828/416/623 1707/416/623 1698/416/623
f 1834/416/529 1835/417/529 1836/418/529 1833/419/529
f 1832/418/630 1831/419/630 1833/419/630 1836/418/630
f 1829/416/629 1830/417/629 1835/417/629 1834/416/629
f 1837/416/577 1842/416/577 1841/416/577 1838/416/577
f 1840/416/587 1837/416/587 1838/416/587 1839/416/587
f 1856/416/584 1858/416/584 1857/416/584 1855/416/584
f 1859/416/580 1860/416/580 1858/416/580 1856/416/580
f 1842/416/530 1837/416/530 1843/416/530 1848/416/530
f 1837/416/530 1840/416/530 1846/416/530 1843/416/530
f 1838/416/529 1841/416/529 1847/416/529 1844/416/529
f 1839/416/529 1838/416/529 1844/416/529 1845/416/529
f 1850/416/584 1849/416/584 1848/416/584 1843/416/584
f 1851/416/584 1852/416/584 1844/416/584 1847/416/584
f 1853/416/580 1850/416/580 1843/416/580 1846/416/580
f 1852/416/580 1854/416/580 1845/416/580 1844/416/580
f 1856/416/653 1855/416/653 1849/416/653 1850/416/653
f 1857/416/654 1858/416/654 1852/416/654 1851/416/654
f 1859/416/655 1856/416/655 1850/416/655 1853/416/655
f 1858/416/656 1860/416/656 1854/416/656 1852/416/656
f 1320/416/537 1666/416/537 1667/416/537 1321/416/537
o Shelf00
v 0.315649 -0.051434 1.126757
v 0.315649 -0.051434 1.421191
v 0.315649 1.015890 1.126757
v 0.315649 1.015890 1.421191
v 0.315649 0.647847 1.126757
v 0.315649 0.647847 1.421191
v 0.315649 0.279804 1.126757
v 0.315649 0.279804 1.421191
v 1.051735 -0.051434 1.126757
v 1.051735 -0.051434 1.421191
v 1.051735 1.015890 1.126757
v 1.051735 1.015890 1.421191
v 1.051735 0.647847 1.126757
v 1.051735 0.647847 1.421191
v 1.051735 0.279804 1.126757
v 1.051735 0.279804 1.421191
v 0.315649 -0.058795 1.126757
v 0.315649 -0.058795 1.421191
v 0.315649 1.008529 1.126757
v 0.315649 1.008529 1.421191
v 0.315649 0.640486 1.126757
v 0.315649 0.640486 1.421191
v 0.315649 0.272444 1.126757
v 0.315649 0.272444 1.421191
v 1.051735 -0.058795 1.126757
v 1.051735 -0.058795 1.421191
v 1.051735 1.008529 1.126757
v 1.051735 1.008529 1.421191
v 1.051735 0.640486 1.126757
v 1.051735 0.640486 1.421191
v 1.051735 0.272444 1.126757
v 1.051735 0.272444 1.421191
v 0.315649 -0.088239 1.126757
v 0.168432 -0.088239 1.273974
v 0.315649 1.023251 1.126757
v 0.168432 1.023251 1.273974
v 0.315649 -0.088239 1.421191
v 0.168432 1.023251 1.421191
v 0.315649 1.023251 1.421191
v 0.168432 -0.088239 1.421191
v 0.168432 -0.088239 1.207356
v 0.249030 -0.088239 1.126757
v 0.179230 -0.088239 1.167056
v 0.208731 -0.088239 1.137555
v 0.249030 1.023251 1.126757
v 0.168432 1.023251 1.207356
v 0.208731 1.023251 1.137555
v 0.179230 1.023251 1.167056
v 0.315649 -0.088239 1.126757
v 0.315649 1.023251 1.126757
v 0.315649 -0.088239 1.421191
v 0.315649 1.023251 1.421191
v 0.315649 0.282258 1.126757
v 0.315649 0.652755 1.126757
v 0.315649 0.282258 1.421191
v 0.315649 0.652755 1.421191
v 0.315649 -0.033220 1.338956
v 0.315649 -0.033220 1.208992
v 0.315649 0.227239 1.208992
v 0.315649 0.227239 1.338956
v 0.315649 0.707773 1.338956
v 0.315649 0.707773 1.208992
v 0.315649 0.968233 1.208992
v 0.315649 0.968233 1.338956
v 0.315649 0.337277 1.338956
v 0.315649 0.337277 1.208992
v 0.315649 0.597736 1.208992
v 0.315649 0.597736 1.338956
v 1.051735 -0.088239 1.126757
v 1.198952 -0.088239 1.273974
v 1.051735 1.023251 1.126757
v 1.198952 1.023251 1.273974
v 1.051735 -0.088239 1.421191
v 1.198952 1.023251 1.421191
v 1.051735 1.023251 1.421191
v 1.198952 -0.088239 1.421191
v 1.198952 -0.088239 1.207356
v 1.118353 -0.088239 1.126757
v 1.188154 -0.088239 1.167056
v 1.158653 -0.088239 1.137555
v 1.118353 1.023251 1.126757
v 1.198952 1.023251 1.207356
v 1.158653 1.023251 1.137555
v 1.188154 1.023251 1.167056
v 1.051735 -0.088239 1.126757
v 1.051735 1.023251 1.126757
v 1.051735 -0.088239 1.421191
v 1.051735 1.023251 1.421191
v 1.051735 0.282258 1.126757
v 1.051735 0.652755 1.126757
v 1.051735 0.282258 1.421191
v 1.051735 0.652755 1.421191
v 1.051735 -0.033220 1.338956
v 1.051735 -0.033220 1.208992
v 1.051735 0.227239 1.208992
v 1.051735 0.227239 1.338956
v 1.051735 0.707773 1.338956
v 1.051735 0.707773 1.208992
v 1.051735 0.968233 1.208992
v 1.051735 0.968233 1.338956
v 1.051735 0.337277 1.338956
v 1.051735 0.337277 1.208992
v 1.051735 0.597736 1.208992
v 1.051735 0.597736 1.338956
vn -0.0000 1.0000 -0.0000
vn -0.0000 -1.0000 -0.0000
vn -0.0000 -0.0000 -1.0000
vn -0.0000 -0.0000 1.0000
vn -1.0000 -0.0000 -0.0000
vn 1.0000 -0.0000 -0.0000
vn -0.9659 -0.0000 -0.2588
vn -0.7071 -0.0000 -0.7071
vn -0.2588 -0.0000 -0.9659
vn 0.9659 -0.0000 -0.2588
vn 0.7071 -0.0000 -0.7071
vn 0.2588 -0.0000 -0.9659
vt 0.000000 0.000000
vt 1.000000 0.000000
vt 0.257914 0.000000
vt 0.333333 0.000000
vt 0.075420 0.000000
vt 0.271046 0.000000
vt 0.062287 0.000000
vt 0.062287 0.000000
vt 0.271046 0.000000
vt 0.257914 0.000000
vt 0.212290 0.000000
vt 0.212290 0.000000
vt 0.121043 0.000000
vt 0.121043 0.000000
vt 0.062287 0.000000
vt 0.062287 0.000000
vt 0.062287 0.000000
vt 0.271046 0.000000
vt 0.333333 0.000000
s 0
usemtl VCol.006
f 1871/420/657 1863/420/657 1864/421/657 1872/421/657
f 1873/420/657 1865/420/657 1866/421/657 1874/421/657
f 1875/420/657 1867/420/657 1868/421/657 1876/421/657
f 1869/420/657 1861/420/657 1862/421/657 1870/421/657
f 1887/420/658 1888/421/658 1880/421/658 1879/420/658
f 1889/420/658 1890/421/658 1882/421/658 1881/420/658
f 1891/420/658 1892/421/658 1884/421/658 1883/420/658
f 1885/420/658 1886/421/658 1878/421/658 1877/420/658
f 1861/420/659 1869/420/659 1885/420/659 1877/420/659
f 1870/421/660 1862/421/660 1878/421/660 1886/421/660
f 1863/420/659 1871/420/659 1887/420/659 1879/420/659
f 1872/421/660 1864/421/660 1880/421/660 1888/421/660
f 1865/420/659 1873/420/659 1889/420/659 1881/420/659
f 1874/421/660 1866/421/660 1882/421/660 1890/421/660
f 1867/420/659 1875/420/659 1891/420/659 1883/420/659
f 1876/421/660 1868/421/660 1884/421/660 1892/421/660
f 1906/422/657 1896/423/657 1905/424/657
f 1900/423/661 1898/423/661 1896/423/661 1894/423/661
f 1917/425/662 1918/426/662 1919/427/662 1920/428/662
f 1897/423/660 1899/423/660 1898/423/660 1900/423/660
f 1906/422/661 1901/429/661 1894/423/661 1896/423/661
f 1901/429/663 1906/422/663 1908/430/663 1903/431/663
f 1903/431/664 1908/430/664 1907/432/664 1904/433/664
f 1904/433/665 1907/432/665 1905/424/665 1902/424/665
f 1895/420/659 1893/420/659 1902/424/659 1905/424/659
f 1896/423/657 1898/423/657 1899/423/657
f 1899/423/657 1895/420/657 1896/423/657
f 1895/420/657 1905/424/657 1896/423/657
f 1905/424/657 1907/432/657 1908/430/657
f 1908/430/657 1906/422/657 1905/424/657
f 1921/428/662 1922/426/662 1923/434/662 1924/428/662
f 1925/428/662 1926/435/662 1927/436/662 1928/437/662
f 1911/423/662 1909/420/662 1918/426/662 1917/425/662
f 1909/420/662 1913/420/662 1919/427/662 1918/426/662
f 1913/420/662 1915/438/662 1920/428/662 1919/427/662
f 1915/438/662 1911/423/662 1917/425/662 1920/428/662
f 1916/438/662 1914/420/662 1922/426/662 1921/428/662
f 1914/420/662 1910/420/662 1923/434/662 1922/426/662
f 1910/420/662 1912/423/662 1924/428/662 1923/434/662
f 1912/423/662 1916/438/662 1921/428/662 1924/428/662
f 1915/438/662 1913/420/662 1926/435/662 1925/428/662
f 1913/420/662 1914/420/662 1927/436/662 1926/435/662
f 1914/420/662 1916/438/662 1928/437/662 1927/436/662
f 1916/438/662 1915/438/662 1925/428/662 1928/437/662
f 1942/422/657 1941/424/657 1932/423/657
f 1936/423/662 1930/423/662 1932/423/662 1934/423/662
f 1953/425/661 1956/428/661 1955/427/661 1954/426/661
f 1933/423/660 1936/423/660 1934/423/660 1935/423/660
f 1942/422/662 1932/423/662 1930/423/662 1937/429/662
f 1937/429/666 1939/431/666 1944/430/666 1942/422/666
f 1939/431/667 1940/433/667 1943/432/667 1944/430/667
f 1940/433/668 1938/424/668 1941/424/668 1943/432/668
f 1931/420/659 1941/424/659 1938/424/659 1929/420/659
f 1932/423/657 1935/423/657 1934/423/657
f 1935/423/657 1932/423/657 1931/420/657
f 1931/420/657 1932/423/657 1941/424/657
f 1941/424/657 1944/430/657 1943/432/657
f 1944/430/657 1941/424/657 1942/422/657
f 1957/428/661 1960/428/661 1959/434/661 1958/426/661
f 1961/428/661 1964/437/661 1963/436/661 1962/435/661
f 1947/423/661 1953/425/661 1954/426/661 1945/420/661
f 1945/420/661 1954/426/661 1955/427/661 1949/420/661
f 1949/420/661 1955/427/661 1956/428/661 1951/438/661
f 1951/438/661 1956/428/661 1953/425/661 1947/423/661
f 1952/438/661 1957/428/661 1958/426/661 1950/420/661
f 1950/420/661 1958/426/661 1959/434/661 1946/420/661
f 1946/420/661 1959/434/661 1960/428/661 1948/423/661
f 1948/423/661 1960/428/661 1957/428/661 1952/438/661
f 1951/438/661 1961/428/661 1962/435/661 1949/420/661
f 1949/420/661 1962/435/661 1963/436/661 1950/420/661
f 1950/420/661 1963/436/661 1964/437/661 1952/438/661
f 1952/438/661 1964/437/661 1961/428/661 1951/438/661
o ToolCrate03
v 0.368996 0.376912 1.320459
v 0.368996 0.376912 1.164050
v 0.525406 0.376912 1.164050
v 0.525406 0.376912 1.320459
v 0.368996 0.376912 1.320459
v 0.525406 0.376912 1.164050
v 0.525406 0.376912 1.320459
v 0.368996 0.384113 1.320459
v 0.374416 0.390410 1.315039
v 0.368996 0.392142 1.164050
v 0.368996 0.384113 1.164050
v 0.519985 0.390410 1.169470
v 0.519985 0.385845 1.169470
v 0.519985 0.390410 1.315039
v 0.519985 0.385845 1.315039
v 0.525406 0.384113 1.320459
v 0.374416 0.385845 1.315039
v 0.525406 0.392142 1.320459
v 0.368996 0.392142 1.320459
v 0.525406 0.384113 1.164050
v 0.525406 0.392142 1.164050
v 0.374416 0.385845 1.169470
v 0.374416 0.390410 1.169470
v 0.407991 0.426637 1.278155
v 0.375055 0.426637 1.292828
v 0.373663 0.410696 1.315792
v 0.375055 0.426637 1.191681
v 0.407991 0.426637 1.206354
v 0.373663 0.410696 1.168717
v 0.519346 0.426637 1.292828
v 0.486411 0.426637 1.278155
v 0.520738 0.410696 1.315792
v 0.486411 0.426637 1.206354
v 0.519346 0.426637 1.191681
v 0.520738 0.410696 1.168717
v 0.507052 0.424381 1.168717
v 0.507052 0.424381 1.315792
v 0.387349 0.424381 1.168717
v 0.387349 0.424381 1.315792
v 0.495729 0.426637 1.203905
v 0.495729 0.426637 1.280605
v 0.398673 0.426637 1.203905
v 0.398673 0.426637 1.280605
v 0.373663 0.424381 1.302106
v 0.373663 0.424381 1.182403
v 0.520738 0.424381 1.302106
v 0.520738 0.424381 1.182403
v 0.489669 0.429049 1.203096
v 0.489669 0.429049 1.281414
v 0.404732 0.429049 1.203096
v 0.404732 0.429049 1.281414
v 0.373513 0.429049 1.293467
v 0.373513 0.429049 1.191043
v 0.520888 0.429049 1.293467
v 0.520888 0.429049 1.191043
v 0.494187 0.429049 1.203699
v 0.494187 0.429049 1.280810
v 0.400215 0.429049 1.203699
v 0.400215 0.429049 1.280810
v 0.368996 0.403928 1.320459
v 0.394117 0.429049 1.320459
v 0.368996 0.429049 1.295338
v 0.368996 0.403928 1.164050
v 0.368996 0.429049 1.189171
v 0.394117 0.429049 1.164050
v 0.525406 0.403928 1.320459
v 0.525406 0.429049 1.295338
v 0.500284 0.429049 1.320459
v 0.525406 0.403928 1.164050
v 0.500284 0.429049 1.164050
v 0.525406 0.429049 1.189171
v 0.372067 0.410070 1.317388
v 0.387975 0.425978 1.317388
v 0.372067 0.425978 1.301480
v 0.372067 0.410070 1.167121
v 0.372067 0.425978 1.183029
v 0.387975 0.425978 1.167121
v 0.522334 0.410070 1.317388
v 0.522334 0.425978 1.301480
v 0.506426 0.425978 1.317388
v 0.522334 0.410070 1.167121
v 0.506426 0.425978 1.167121
v 0.522334 0.425978 1.183029
v 0.372067 0.275710 1.183029
v 0.373663 0.277307 1.182403
v 0.368996 0.272639 1.189171
v 0.372067 0.291619 1.167121
v 0.387975 0.275710 1.167121
v 0.387349 0.277307 1.168717
v 0.394117 0.272639 1.164050
v 0.400215 0.272639 1.203699
v 0.404732 0.272639 1.203096
v 0.500284 0.272639 1.164050
v 0.368996 0.297761 1.164050
v 0.368996 0.309547 1.164050
v 0.368996 0.297761 1.320459
v 0.525406 0.297761 1.164050
v 0.522334 0.291619 1.167121
v 0.525406 0.309547 1.164050
v 0.525406 0.272639 1.189171
v 0.525406 0.297761 1.320459
v 0.522334 0.291619 1.317388
v 0.525406 0.309547 1.320459
v 0.525406 0.272639 1.295338
v 0.500284 0.272639 1.320459
v 0.506426 0.275710 1.317388
v 0.494187 0.272639 1.280810
v 0.489669 0.272639 1.281414
v 0.394117 0.272639 1.320459
v 0.387975 0.275710 1.317388
v 0.400215 0.272639 1.280810
v 0.404732 0.272639 1.281414
v 0.368996 0.272639 1.295338
v 0.372067 0.275710 1.301480
v 0.373513 0.272639 1.293467
v 0.375055 0.275052 1.292828
v 0.373513 0.272639 1.191043
v 0.375055 0.275052 1.191681
v 0.398673 0.275052 1.203905
v 0.398673 0.275052 1.280605
v 0.373663 0.277307 1.302106
v 0.372067 0.291619 1.317388
v 0.373663 0.290993 1.315792
v 0.387349 0.277307 1.315792
v 0.407991 0.275052 1.278155
v 0.486411 0.275052 1.278155
v 0.407991 0.275052 1.206354
v 0.486411 0.275052 1.206354
v 0.489669 0.272639 1.203096
v 0.494187 0.272639 1.203699
v 0.520888 0.272639 1.191043
v 0.495729 0.275052 1.203905
v 0.519346 0.275052 1.191681
v 0.495729 0.275052 1.280605
v 0.519346 0.275052 1.292828
v 0.520888 0.272639 1.293467
v 0.507052 0.277307 1.315792
v 0.522334 0.275710 1.301480
v 0.520738 0.277307 1.302106
v 0.520738 0.290992 1.315792
v 0.519985 0.311278 1.315039
v 0.368996 0.309547 1.320459
v 0.374416 0.311278 1.315039
v 0.374416 0.311278 1.169470
v 0.374416 0.315843 1.315039
v 0.368996 0.317575 1.320459
v 0.374416 0.315843 1.169470
v 0.519985 0.315843 1.315039
v 0.525406 0.317575 1.320459
v 0.519985 0.315843 1.169470
v 0.525406 0.317575 1.164050
v 0.519985 0.311278 1.169470
v 0.368996 0.317575 1.164050
v 0.525406 0.324776 1.164050
v 0.525406 0.324776 1.320459
v 0.368996 0.324776 1.164050
v 0.368996 0.324776 1.164050
v 0.368996 0.324776 1.320459
v 0.525406 0.324776 1.320459
v 0.368996 0.324776 1.320459
v 0.522334 0.275710 1.183029
v 0.520738 0.277307 1.182403
v 0.506426 0.275710 1.167121
v 0.507052 0.277307 1.168717
v 0.520738 0.290992 1.168717
v 0.373663 0.290993 1.168717
v 0.525406 0.376912 1.164050
v 0.368996 0.376912 1.164050
v 0.525406 0.376912 1.320459
v 0.525406 0.376912 1.164050
v 0.520018 0.369808 1.164050
v 0.525406 0.369808 1.169437
v 0.525406 0.331880 1.169437
v 0.525406 0.369808 1.315072
v 0.525406 0.363413 1.175832
v 0.525406 0.338275 1.175832
v 0.525406 0.363413 1.308677
v 0.522763 0.361886 1.177360
v 0.522763 0.339803 1.177360
v 0.522763 0.361886 1.307150
v 0.522763 0.339803 1.307150
v 0.525406 0.338275 1.308677
v 0.525406 0.331880 1.315072
v 0.520018 0.331880 1.320459
v 0.525406 0.324776 1.320459
v 0.525406 0.324776 1.320459
v 0.368996 0.324776 1.320459
v 0.525406 0.324776 1.164050
v 0.368996 0.324776 1.164050
v 0.520018 0.331880 1.164050
v 0.374383 0.331880 1.164050
v 0.513623 0.338275 1.164050
v 0.513623 0.363413 1.164050
v 0.380778 0.338275 1.164050
v 0.512096 0.339803 1.166692
v 0.512096 0.361886 1.166692
v 0.382306 0.339803 1.166692
v 0.382306 0.361886 1.166692
v 0.380778 0.363413 1.164050
v 0.374383 0.369808 1.164050
v 0.368996 0.369808 1.169437
v 0.368996 0.331880 1.169437
v 0.368996 0.369808 1.315072
v 0.368996 0.363413 1.175832
v 0.368996 0.338275 1.175832
v 0.368996 0.363413 1.308677
v 0.371638 0.361886 1.177360
v 0.371638 0.339803 1.177360
v 0.371638 0.361886 1.307150
v 0.371638 0.339803 1.307150
v 0.368996 0.338275 1.308677
v 0.368996 0.331880 1.315072
v 0.374383 0.331880 1.320459
v 0.374383 0.369808 1.320459
v 0.380778 0.338275 1.320459
v 0.380778 0.363413 1.320459
v 0.513623 0.338275 1.320459
v 0.382306 0.339803 1.317817
v 0.382306 0.361886 1.317817
v 0.512096 0.339803 1.317817
v 0.512096 0.361886 1.317817
v 0.513623 0.363413 1.320459
v 0.520018 0.369808 1.320459
v 0.368996 0.376912 1.320459
v 0.368996 0.324776 1.164050
vn -0.0000 1.0000 -0.0000
vn 1.0000 -0.0000 -0.0000
vn -0.0000 -0.0000 1.0000
vn -1.0000 -0.0000 -0.0000
vn -0.0000 -0.0000 -1.0000
vn -0.0000 0.9526 0.3044
vn -0.0000 -0.9526 0.3044
vn 0.3044 0.9526 -0.0000
vn 0.3044 -0.9526 -0.0000
vn -0.0000 0.9526 -0.3044
vn -0.0000 -0.9526 -0.3044
vn -0.3044 0.9526 -0.0000
vn -0.3044 -0.9526 -0.0000
vn -0.0000 -1.0000 -0.0000
vn -0.5774 0.5774 0.5774
vn -0.5774 0.5774 -0.5774
vn 0.5774 0.5774 0.5774
vn 0.5774 0.5774 -0.5774
vn -0.5950 0.8037 -0.0000
vn 0.5950 0.8037 -0.0000
vn -0.0000 0.8037 -0.5950
vn -0.0000 0.8037 0.5950
vn -0.4379 0.1550 -0.8856
vn -0.4379 0.1550 0.8856
vn 0.4379 0.1550 -0.8856
vn 0.4379 0.1550 0.8856
vn 0.8426 0.5386 -0.0000
vn -0.8426 0.5386 -0.0000
vn -0.5774 0.5774 0.5773
vn -0.5774 0.5773 0.5774
vn -0.5773 0.5774 0.5774
vn -0.5773 0.5774 -0.5774
vn -0.5774 0.5773 -0.5774
vn -0.5774 0.5774 -0.5773
vn 0.5773 0.5774 0.5774
vn 0.5774 0.5773 0.5774
vn 0.5774 0.5774 0.5773
vn 0.5774 0.5774 -0.5773
vn 0.5774 0.5773 -0.5774
vn 0.5773 0.5774 -0.5774
vn -0.6497 0.6497 -0.3948
vn -0.6497 -0.3948 0.6497
vn 0.3948 0.6497 0.6497
vn 0.3948 0.6497 -0.6497
vn -0.6497 -0.3948 -0.6497
vn -0.6497 0.6497 0.3948
vn -0.3948 0.6497 0.6497
vn 0.6497 -0.3948 0.6497
vn 0.6497 0.6497 -0.3948
vn 0.6497 0.6497 0.3948
vn 0.6497 -0.3948 -0.6497
vn -0.3948 0.6497 -0.6497
vn -0.6497 0.3948 -0.6497
vn 0.3948 -0.6497 -0.6497
vn -0.5773 -0.5774 -0.5773
vn -0.5773 -0.5774 -0.5774
vn -0.6497 -0.6497 0.3948
vn -0.5774 -0.5774 -0.5773
vn 0.5774 -0.5773 -0.5773
vn 0.5774 -0.5774 -0.5774
vn 0.5774 -0.5774 0.5774
vn 0.5774 -0.5773 0.5773
vn 0.5774 -0.5773 0.5774
vn -0.5773 -0.5774 0.5773
vn -0.5774 -0.5774 0.5773
vn -0.5773 -0.5774 0.5774
vn -0.4379 -0.1550 -0.8856
vn 0.8426 -0.5386 -0.0000
vn -0.4379 -0.1550 0.8856
vn -0.8426 -0.5386 -0.0000
vn 0.3948 -0.6497 0.6497
vn -0.6497 0.3948 0.6497
vn -0.6497 -0.6497 -0.3948
vn -0.5774 -0.5774 0.5774
vn 0.5950 -0.8037 -0.0000
vn -0.0000 -0.8037 -0.5950
vn -0.0000 -0.8037 0.5950
vn -0.5950 -0.8037 -0.0000
vn 0.4379 -0.1550 0.8856
vn 0.4379 -0.1550 -0.8856
vn 0.6497 -0.6497 -0.3948
vn 0.6497 0.3948 0.6497
vn -0.3948 -0.6497 0.6497
vn 0.5773 -0.5774 0.5774
vn 0.5774 -0.5773 -0.5774
vn -0.3948 -0.6497 -0.6497
vn 0.6497 0.3948 -0.6497
vn 0.6497 -0.6497 0.3948
vn 0.5773 -0.5774 -0.5774
vn -0.5774 -0.5774 -0.5774
vn 0.6232 -0.4726 -0.6232
vn 0.7071 -0.0000 -0.7071
vn 0.5005 -0.0000 0.8657
vn 0.5005 -0.8657 -0.0000
vn 0.5005 -0.0000 -0.8657
vn 0.5005 0.8657 -0.0000
vn 0.7071 -0.0000 0.7071
vn 0.6232 0.4726 0.6232
vn 0.6232 0.4726 -0.6232
vn -0.8657 -0.0000 -0.5005
vn -0.0000 0.8657 -0.5005
vn 0.8657 -0.0000 -0.5005
vn -0.0000 -0.8657 -0.5005
vn -0.7071 -0.0000 -0.7071
vn -0.6232 -0.4726 -0.6232
vn -0.5005 -0.0000 0.8657
vn -0.5005 -0.8657 -0.0000
vn -0.5005 -0.0000 -0.8657
vn -0.5005 0.8657 -0.0000
vn -0.6232 0.4726 0.6232
vn -0.7071 -0.0000 0.7071
vn 0.8657 -0.0000 0.5005
vn -0.0000 0.8657 0.5005
vn -0.8657 -0.0000 0.5005
vn -0.0000 -0.8657 0.5005
vn 0.6232 -0.4726 0.6232
vn -0.6232 -0.4726 0.6232
vn -0.6232 0.4726 -0.6232
vt 0.839810 0.530520
vt 0.865315 0.544783
vt 0.865315 0.705217
vt 0.839810 0.719480
vt 0.606093 0.500000
vt 0.625000 0.540153
vt 0.625000 0.709847
vt 0.606093 0.750000
vt 0.597222 0.750000
vt 0.606093 0.750000
vt 0.606093 1.000000
vt 0.597222 1.000000
vt 0.606093 0.000000
vt 0.625000 0.040153
vt 0.625000 0.209847
vt 0.606093 0.250000
vt 0.625000 0.290153
vt 0.625000 0.459847
vt 0.575437 0.500000
vt 0.591230 0.500000
vt 0.591230 0.750000
vt 0.575437 0.750000
vt 0.541667 0.500000
vt 0.569444 0.500000
vt 0.569444 0.750000
vt 0.541667 0.750000
vt 0.591230 1.000000
vt 0.575437 1.000000
vt 0.569444 1.000000
vt 0.541667 1.000000
vt 0.534953 0.750000
vt 0.534953 1.000000
vt 0.541667 0.250000
vt 0.569444 0.250000
vt 0.575437 0.250000
vt 0.591230 0.250000
vt 0.541667 0.000000
vt 0.569444 0.000000
vt 0.575437 0.000000
vt 0.591230 0.000000
vt 0.597222 0.500000
vt 0.597222 0.250000
vt 0.597222 0.000000
vt 0.622131 0.972032
vt 0.622131 0.993907
vt 0.611831 0.993907
vt 0.622131 0.222033
vt 0.622131 0.243907
vt 0.611831 0.243907
vt 0.622131 0.722032
vt 0.622131 0.743907
vt 0.611831 0.743907
vt 0.622131 0.472032
vt 0.622131 0.493907
vt 0.611831 0.493907
vt 0.625000 0.790153
vt 0.625000 0.959847
vt 0.634685 0.544783
vt 0.660190 0.530520
vt 0.660190 0.719480
vt 0.634685 0.705217
vt 0.687328 0.525956
vt 0.812672 0.525956
vt 0.812672 0.724044
vt 0.687328 0.724044
vt 0.682120 0.733033
vt 0.817880 0.733033
vt 0.834847 0.750000
vt 0.665153 0.750000
vt 0.817880 0.516967
vt 0.682120 0.516967
vt 0.665153 0.500000
vt 0.834847 0.500000
vt 0.838547 0.726550
vt 0.867779 0.706856
vt 0.875000 0.709847
vt 0.867779 0.543144
vt 0.838547 0.523450
vt 0.875000 0.540153
vt 0.632221 0.706856
vt 0.661453 0.726550
vt 0.625000 0.709847
vt 0.661453 0.523450
vt 0.632221 0.543144
vt 0.625000 0.540153
vt 0.674899 0.711129
vt 0.674899 0.538870
vt 0.825101 0.538870
vt 0.825101 0.711129
vt 0.672435 0.704855
vt 0.672434 0.545145
vt 0.827565 0.545145
vt 0.827565 0.704855
vt 0.534953 0.500000
vt 0.622689 0.969664
vt 0.610715 0.995091
vt 0.622689 0.995091
vt 0.625000 1.000000
vt 0.622689 0.219664
vt 0.610715 0.245091
vt 0.622689 0.245091
vt 0.625000 0.250000
vt 0.622689 0.719664
vt 0.610715 0.745091
vt 0.622689 0.745091
vt 0.625000 0.750000
vt 0.622689 0.469664
vt 0.610715 0.495091
vt 0.622689 0.495091
vt 0.625000 0.500000
vt 0.534953 0.250000
vt 0.513889 0.508611
vt 0.513889 0.741389
vt 0.513889 0.258611
vt 0.513889 0.491389
vt 0.513889 0.508611
vt 0.513889 0.500000
vt 0.486111 0.508611
vt 0.486111 0.491389
vt 0.513889 0.491389
vt 0.509205 0.518832
vt 0.490795 0.518832
vt 0.509205 0.731168
vt 0.513889 0.741389
vt 0.508087 0.521274
vt 0.491913 0.521274
vt 0.508087 0.728726
vt 0.491913 0.728726
vt 0.490795 0.731168
vt 0.486111 0.741389
vt 0.513889 0.758611
vt 0.486111 0.758611
vt 0.486111 0.750000
vt 0.465047 0.750000
vt 0.465047 0.500000
vt 0.486111 0.508611
vt 0.486111 0.741389
vt 0.458333 0.750000
vt 0.486111 0.758611
vt 0.486111 0.991389
vt 0.458333 1.000000
vt 0.465047 0.000000
vt 0.458333 0.250000
vt 0.486111 0.258611
vt 0.486111 0.491389
vt 0.458333 0.500000
vt 0.486111 0.500000
vt 0.490795 0.481168
vt 0.509205 0.481168
vt 0.490795 0.268832
vt 0.486111 0.258611
vt 0.491913 0.478726
vt 0.508087 0.478726
vt 0.491913 0.271274
vt 0.508087 0.271274
vt 0.509205 0.268832
vt 0.513889 0.258611
vt 0.486111 0.241389
vt 0.513889 0.241389
vt 0.513889 0.250000
vt 0.513889 0.008611
vt 0.513889 0.241389
vt 0.490795 0.231168
vt 0.509205 0.231168
vt 0.509205 0.018832
vt 0.513889 0.008611
vt 0.491913 0.228726
vt 0.508087 0.228726
vt 0.508087 0.021274
vt 0.491913 0.021274
vt 0.490795 0.018832
vt 0.486111 0.008611
vt 0.486111 1.000000
vt 0.465047 1.000000
vt 0.486111 0.008611
vt 0.486111 0.241389
vt 0.486111 0.991389
vt 0.513889 0.991389
vt 0.513889 1.000000
vt 0.490795 0.981168
vt 0.509205 0.981167
vt 0.490795 0.768833
vt 0.491913 0.978726
vt 0.508087 0.978726
vt 0.491913 0.771274
vt 0.508087 0.771274
vt 0.509205 0.768833
vt 0.513889 0.750000
vt 0.513889 0.000000
vt 0.534953 0.000000
vt 0.486111 0.250000
vt 0.465047 0.250000
s 0
usemtl VCol.007
f 2006/439/669 1991/440/669 1989/441/669 2007/442/669
f 2033/443/670 2035/444/670 2031/445/670 2030/446/670
f 1982/447/671 2030/448/671 2024/449/671 1983/450/671
f 2024/451/672 2026/452/672 2028/453/672 2027/454/672
f 2027/454/673 2029/455/673 2034/456/673 2033/443/673
f 1977/457/670 1976/458/670 1978/459/670 1979/460/670
f 1967/461/670 1984/462/670 1980/463/670 1968/464/670
f 1979/460/671 1978/459/671 1973/465/671 1981/466/671
f 1968/464/671 1980/463/671 1972/467/671 1965/468/671
f 1968/469/669 1971/464/669 1969/470/669
f 1966/471/673 1975/472/673 1984/462/673 1967/461/673
f 1986/473/673 1987/474/673 1976/458/673 1977/457/673
f 1965/475/672 1972/476/672 1975/472/672 1966/471/672
f 1981/477/672 1973/478/672 1987/474/672 1986/473/672
f 1979/460/674 1981/466/674 1972/467/674 1980/463/674
f 1973/465/675 1978/459/675 1982/447/675 1983/450/675
f 1977/457/676 1979/460/676 1980/463/676 1984/462/676
f 1978/459/677 1976/458/677 1985/479/677 1982/447/677
f 1986/473/678 1977/457/678 1984/462/678 1975/472/678
f 1976/458/679 1987/474/679 1974/480/679 1985/479/679
f 1981/477/680 1986/473/680 1975/472/680 1972/476/680
f 1987/474/681 1973/478/681 1983/481/681 1974/480/681
f 1968/464/682 1965/475/682 1966/471/682 1967/461/682
f 2003/482/683 2008/483/683 1990/484/683
f 2009/485/684 2002/486/684 1993/487/684
f 2010/488/685 2001/489/685 1996/490/685
f 2000/491/686 2011/492/686 1999/493/686
f 2030/448/671 2032/494/671 2025/495/671 2024/449/671
f 1983/481/672 2024/451/672 2027/454/672 1974/480/672
f 1974/480/673 2027/454/673 2033/443/673 1985/479/673
f 1985/479/670 2033/443/670 2030/446/670 1982/447/670
f 1998/496/669 2004/497/669 2005/498/669 1994/499/669
f 1997/500/669 1992/501/669 1988/502/669 1995/503/669
f 2013/504/669 2015/505/669 2025/506/669 2032/507/669
f 2014/508/669 2012/509/669 2034/510/669 2029/511/669
f 1997/500/687 1995/503/687 2013/504/687 2012/509/687
f 1988/502/688 1992/501/688 2014/508/688 2015/505/688
f 1995/503/689 1988/502/689 2015/505/689 2013/504/689
f 1992/501/690 1997/500/690 2012/509/690 2014/508/690
f 2023/512/669 2016/513/669 2026/514/669 2025/506/669
f 2017/515/669 2022/516/669 2029/511/669 2028/517/669
f 2018/518/669 2021/519/669 2032/507/669 2031/520/669
f 2020/521/669 2019/522/669 2035/523/669 2034/510/669
f 2016/513/669 2017/515/669 2028/517/669 2026/514/669
f 2019/522/669 2018/518/669 2031/520/669 2035/523/669
f 2021/524/669 2020/525/669 2012/509/669 2013/504/669
f 2022/526/669 2023/527/669 2015/505/669 2014/508/669
f 2020/521/669 2034/510/669 2012/509/669
f 2021/524/669 2013/504/669 2032/507/669
f 2023/512/669 2025/506/669 2015/505/669
f 2022/526/669 2014/508/669 2029/511/669
f 2007/442/691 1989/441/691 2016/513/691 2023/512/691
f 1991/440/692 2006/439/692 2022/516/692 2017/515/692
f 1994/499/693 2005/498/693 2021/519/693 2018/518/693
f 2004/497/694 1998/496/694 2019/522/694 2020/521/694
f 1989/441/695 1991/440/695 2017/515/695 2016/513/695
f 1998/496/696 1994/499/696 2018/518/696 2019/522/696
f 2005/528/695 2004/529/695 2020/525/695 2021/524/695
f 2006/530/696 2007/531/696 2023/527/696 2022/526/696
f 1967/532/669 1970/461/669 1971/464/669 1968/469/669
f 2037/533/697 2036/534/697 2024/449/697 2025/495/697
f 2038/535/698 2037/533/698 2025/495/698 2026/536/698
f 2036/534/699 2038/535/699 2026/536/699 2024/449/699
f 2040/537/700 2039/538/700 2027/454/700 2028/453/700
f 2041/539/701 2040/537/701 2028/453/701 2029/540/701
f 2039/538/702 2041/539/702 2029/540/702 2027/454/702
f 2043/541/703 2042/542/703 2030/446/703 2031/445/703
f 2044/543/704 2043/541/704 2031/445/704 2032/544/704
f 2042/542/705 2044/543/705 2032/544/705 2030/446/705
f 2046/545/706 2045/546/706 2033/443/706 2034/456/706
f 2047/547/707 2046/545/707 2034/456/707 2035/548/707
f 2045/546/708 2047/547/708 2035/548/708 2033/443/708
f 2003/482/709 1990/484/709 2036/534/709 2037/533/709
f 2008/483/710 2003/482/710 2037/533/710 2038/535/710
f 1990/484/711 2008/483/711 2038/535/711 2036/534/711
f 2009/485/712 1993/487/712 2039/538/712 2040/537/712
f 2002/486/713 2009/485/713 2040/537/713 2041/539/713
f 1993/487/714 2002/486/714 2041/539/714 2039/538/714
f 2010/488/715 1996/490/715 2042/542/715 2043/541/715
f 2001/489/716 2010/488/716 2043/541/716 2044/543/716
f 1996/490/717 2001/489/717 2044/543/717 2042/542/717
f 2000/491/718 1999/493/718 2045/546/718 2046/545/718
f 2011/492/719 2000/491/719 2046/545/719 2047/547/719
f 1999/493/720 2011/492/720 2047/547/720 2045/546/720
f 2049/492/721 2053/491/721 2052/545/721 2048/547/721
f 2130/493/722 2049/492/722 2048/547/722 2051/546/722
f 2048/547/723 2052/545/723 2054/456/723 2050/548/723
f 2051/546/724 2048/547/724 2050/548/724 2058/443/724
f 2053/491/725 2130/493/725 2051/546/725 2052/545/725
f 2052/545/726 2051/546/726 2058/443/726 2054/456/726
f 2055/521/682 2081/522/682 2050/523/682 2054/510/682
f 2055/521/682 2054/510/682 2056/509/682
f 2093/508/682 2056/509/682 2054/510/682 2057/511/682
f 2061/454/673 2057/455/673 2054/456/673 2058/443/673
f 2063/480/673 2061/454/673 2058/443/673 2059/479/673
f 2059/479/672 2058/443/672 2060/446/672 2106/447/672
f 2058/443/672 2050/444/672 2077/445/672 2060/446/672
f 2125/537/727 2062/538/727 2061/454/727 2064/453/727
f 2062/538/728 2127/539/728 2057/540/728 2061/454/728
f 2067/481/670 2065/451/670 2061/454/670 2063/480/670
f 2065/451/670 2068/452/670 2064/453/670 2061/454/670
f 2070/533/729 2066/534/729 2065/449/729 2069/495/729
f 2066/534/730 2102/535/730 2068/536/730 2065/449/730
f 2106/447/671 2060/448/671 2065/449/671 2067/450/671
f 2060/448/671 2073/494/671 2069/495/671 2065/449/671
f 2102/535/731 2070/533/731 2069/495/731 2068/536/731
f 2071/512/682 2100/513/682 2068/514/682 2069/506/682
f 2071/512/682 2069/506/682 2072/505/682
f 2076/504/682 2072/505/682 2069/506/682 2073/507/682
f 2074/543/732 2078/541/732 2077/445/732 2073/544/732
f 2086/542/733 2074/543/733 2073/544/733 2060/446/733
f 2079/518/682 2075/519/682 2073/507/682 2077/520/682
f 2075/524/682 2076/504/682 2073/507/682
f 2078/541/734 2086/542/734 2060/446/734 2077/445/734
f 2081/522/682 2079/518/682 2077/520/682 2050/523/682
f 2080/499/735 2084/498/735 2075/519/735 2079/518/735
f 2082/496/736 2080/499/736 2079/518/736 2081/522/736
f 2083/497/737 2082/496/737 2081/522/737 2055/521/737
f 2082/496/682 2083/497/682 2084/498/682 2080/499/682
f 2084/528/738 2083/529/738 2055/525/738 2075/524/738
f 2085/488/739 2087/490/739 2086/542/739 2078/541/739
f 2088/489/740 2085/488/740 2078/541/740 2074/543/740
f 2087/490/741 2088/489/741 2074/543/741 2086/542/741
f 2085/488/742 2088/489/742 2087/490/742
f 2075/524/682 2055/525/682 2056/509/682 2076/504/682
f 2091/500/743 2089/503/743 2076/504/743 2056/509/743
f 2089/503/744 2090/502/744 2072/505/744 2076/504/744
f 2091/500/682 2092/501/682 2090/502/682 2089/503/682
f 2092/501/745 2091/500/745 2056/509/745 2093/508/745
f 2090/502/746 2092/501/746 2093/508/746 2072/505/746
f 2094/526/682 2071/527/682 2072/505/682 2093/508/682
f 2094/526/682 2093/508/682 2057/511/682
f 2095/515/682 2094/516/682 2057/511/682 2064/517/682
f 2097/440/747 2096/439/747 2094/516/747 2095/515/747
f 2096/530/736 2098/531/736 2071/527/736 2094/526/736
f 2096/439/682 2097/440/682 2099/441/682 2098/442/682
f 2098/442/748 2099/441/748 2100/513/748 2071/512/748
f 2099/441/738 2097/440/738 2095/515/738 2100/513/738
f 2100/513/682 2095/515/682 2064/517/682 2068/514/682
f 2101/482/749 2104/484/749 2066/534/749 2070/533/749
f 2103/483/750 2101/482/750 2070/533/750 2102/535/750
f 2104/484/751 2103/483/751 2102/535/751 2066/534/751
f 2101/482/752 2103/483/752 2104/484/752
f 2105/465/674 2107/459/674 2106/447/674 2067/450/674
f 2116/474/676 2105/478/676 2067/481/676 2063/480/676
f 2107/459/680 2108/458/680 2059/479/680 2106/447/680
f 2111/457/672 2108/458/672 2107/459/672 2109/460/672
f 2109/460/671 2107/459/671 2105/465/671 2112/466/671
f 2109/460/675 2112/466/675 2113/467/675 2110/463/675
f 2111/457/681 2109/460/681 2110/463/681 2117/462/681
f 2112/477/677 2114/473/677 2115/472/677 2113/476/677
f 2112/477/670 2105/478/670 2116/474/670 2114/473/670
f 2114/473/679 2111/457/679 2117/462/679 2115/472/679
f 2114/473/673 2116/474/673 2108/458/673 2111/457/673
f 2108/458/678 2116/474/678 2063/480/678 2059/479/678
f 2119/475/670 2113/476/670 2115/472/670 2118/471/670
f 2118/471/673 2115/472/673 2117/462/673 2120/461/673
f 2122/464/669 2119/475/669 2118/471/669 2120/461/669
f 2120/532/669 2121/461/669 2124/464/669 2122/469/669
f 2120/461/672 2117/462/672 2110/463/672 2122/464/672
f 2122/469/669 2124/464/669 2123/470/669
f 2122/464/671 2110/463/671 2113/467/671 2119/468/671
f 2127/539/753 2125/537/753 2064/453/753 2057/540/753
f 2126/485/754 2129/487/754 2062/538/754 2125/537/754
f 2128/486/755 2126/485/755 2125/537/755 2127/539/755
f 2129/487/756 2128/486/756 2127/539/756 2062/538/756
f 2126/485/757 2128/486/757 2129/487/757
f 2053/491/758 2049/492/758 2130/493/758
f 2132/549/669 2188/475/669 2133/469/669 2131/532/669
f 2136/550/670 2131/532/670 2133/469/670 2138/551/670
f 2164/552/673 2132/471/673 2134/461/673 2131/461/673 2135/553/673
f 2136/554/759 2135/555/759 2131/532/759
f 2136/554/760 2137/556/760 2154/557/760 2135/558/760
f 2139/559/670 2140/560/670 2137/556/670 2136/554/670
f 2141/561/670 2139/559/670 2136/554/670 2138/562/670
f 2142/563/761 2143/564/761 2140/560/761 2139/559/761
f 2144/565/762 2142/563/762 2139/559/762 2141/561/762
f 2143/564/670 2142/563/670 2144/565/670 2145/566/670
f 2145/566/763 2144/565/763 2141/561/763 2146/567/763
f 2143/564/764 2145/566/764 2146/567/764 2140/560/764
f 2146/567/670 2141/561/670 2138/562/670 2147/568/670
f 2140/560/670 2146/567/670 2147/568/670 2137/556/670
f 2187/569/765 2148/570/765 2147/568/765 2138/562/765
f 2147/568/766 2148/571/766 2149/572/766
f 2152/573/670 2137/574/670 2147/575/670 2149/576/670 2150/576/670
f 2150/576/671 2149/576/671 2148/577/671 2177/578/671 2151/579/671
f 2150/576/682 2151/580/682 2153/581/682 2152/573/682
f 2153/581/673 2189/581/673 2155/582/673 2154/583/673 2152/584/673
f 2154/557/767 2137/585/767 2152/573/767
f 2156/586/673 2157/587/673 2135/558/673 2154/557/673
f 2158/588/673 2156/586/673 2154/557/673 2155/589/673
f 2159/590/768 2160/591/768 2157/587/768 2156/586/768
f 2161/592/769 2159/590/769 2156/586/769 2158/588/769
f 2161/592/673 2162/593/673 2160/591/673 2159/590/673
f 2162/593/770 2161/592/770 2158/588/770 2163/594/770
f 2160/591/771 2162/593/771 2163/594/771 2157/587/771
f 2163/594/673 2158/588/673 2155/589/673 2164/595/673
f 2157/587/673 2163/594/673 2164/595/673 2135/558/673
f 2164/595/772 2155/589/772 2166/596/772 2165/597/772
f 2164/595/773 2165/598/773 2132/549/773
f 2167/599/672 2188/475/672 2132/549/672 2165/600/672
f 2169/601/672 2168/602/672 2165/597/672 2166/596/672
f 2168/602/672 2170/603/672 2167/604/672 2165/597/672
f 2172/605/774 2171/606/774 2168/602/774 2169/601/774
f 2171/606/775 2173/607/775 2170/603/775 2168/602/775
f 2174/608/672 2173/607/672 2171/606/672 2172/605/672
f 2173/607/776 2174/608/776 2175/609/776 2170/603/776
f 2174/608/777 2172/605/777 2169/601/777 2175/609/777
f 2170/603/672 2175/609/672 2176/610/672 2167/604/672
f 2175/609/672 2169/601/672 2166/596/672 2176/610/672
f 2177/578/778 2176/611/778 2151/612/778
f 2151/580/672 2176/613/672 2166/614/672 2189/581/672 2153/581/672
f 2177/615/779 2178/616/779 2167/617/779 2176/611/779
f 2179/618/671 2180/619/671 2178/616/671 2177/615/671
f 2181/620/671 2179/618/671 2177/615/671 2148/570/671
f 2182/621/780 2183/622/780 2180/619/780 2179/618/780
f 2184/623/781 2182/621/781 2179/618/781 2181/620/781
f 2184/623/671 2185/624/671 2183/622/671 2182/621/671
f 2185/624/782 2184/623/782 2181/620/782 2186/625/782
f 2183/622/783 2185/624/783 2186/625/783 2180/619/783
f 2186/625/671 2181/620/671 2148/570/671 2187/569/671
f 2180/619/671 2186/625/671 2187/569/671 2178/616/671
f 2187/569/784 2138/626/784 2133/469/784
f 2187/569/671 2133/469/671 2188/470/671 2178/616/671
f 2167/599/785 2178/627/785 2188/628/785
f 2166/596/786 2155/629/786 2189/630/786
o ToolCrate00
v 0.850612 0.080380 1.385301
v 0.863080 0.084323 1.366129
v 0.843908 0.080380 1.378598
v 0.843908 0.080380 1.243688
v 0.863080 0.084323 1.256157
v 0.850612 0.080380 1.236985
v 0.992224 0.080380 1.378598
v 0.973052 0.084323 1.366129
v 0.985521 0.080380 1.385301
v 0.985521 0.080380 1.236985
v 0.973052 0.084323 1.256157
v 0.992224 0.080380 1.243688
v 0.992224 0.037645 1.378598
v 0.985521 0.037645 1.385301
v 0.850612 0.037645 1.385301
v 0.843908 0.037645 1.378598
v 0.985521 0.037645 1.236985
v 0.992224 0.037645 1.243688
v 0.843908 0.037645 1.243688
v 0.850612 0.037645 1.236985
v 0.850612 0.087084 1.378598
v 0.850612 0.087084 1.243688
v 0.985521 0.087084 1.243688
v 0.985521 0.087084 1.378598
v 0.860313 0.087084 1.368896
v 0.860313 0.087084 1.253390
v 0.975819 0.087084 1.253390
v 0.975819 0.087084 1.368896
v 0.852281 0.037645 1.370628
v 0.858581 0.037645 1.376929
v 0.852281 -0.011794 1.370628
v 0.852281 0.037645 1.251658
v 0.852281 0.030479 1.363462
v 0.977551 0.037645 1.376929
v 0.858581 0.037645 1.245358
v 0.983852 0.037645 1.251658
v 0.977551 0.037645 1.245358
v 0.983852 -0.011794 1.251658
v 0.983852 0.037645 1.370628
v 0.983852 0.030479 1.258824
v 0.983852 0.030479 1.363462
v 0.983852 -0.004628 1.258824
v 0.988246 0.028490 1.260813
v 0.988246 0.028490 1.361473
v 0.988246 -0.002639 1.260813
v 0.988246 -0.002639 1.361473
v 0.983852 -0.004628 1.363462
v 0.983852 -0.011794 1.370628
v 0.977551 -0.011794 1.376929
v 0.977551 -0.011794 1.245358
v 0.858581 -0.011794 1.376929
v 0.865747 -0.004628 1.376929
v 0.852281 -0.011794 1.251658
v 0.858581 -0.011794 1.245358
v 0.852281 -0.004628 1.258824
v 0.852281 -0.004628 1.363462
v 0.852281 0.030479 1.258824
v 0.847887 -0.002639 1.260813
v 0.847887 -0.002639 1.361473
v 0.847887 0.028490 1.260813
v 0.847887 0.028490 1.361473
v 0.865747 -0.004628 1.245358
v 0.970385 -0.004628 1.245358
v 0.865747 0.030479 1.245358
v 0.867736 -0.002639 1.240964
v 0.968396 -0.002639 1.240964
v 0.867736 0.028490 1.240964
v 0.968396 0.028490 1.240964
v 0.970385 0.030479 1.245358
v 0.970385 -0.004628 1.376929
v 0.865747 0.030479 1.376929
v 0.867736 -0.002639 1.381322
v 0.968396 -0.002639 1.381322
v 0.867736 0.028490 1.381322
v 0.968396 0.028490 1.381322
v 0.970385 0.030479 1.376929
v 0.850612 -0.054529 1.236985
v 0.843908 -0.054529 1.243688
v 0.850612 -0.061233 1.243688
v 0.850612 -0.011794 1.236985
v 0.985521 -0.054529 1.236985
v 0.992224 -0.054529 1.243688
v 0.985521 -0.061233 1.243688
v 0.985521 -0.011794 1.236985
v 0.992224 -0.011794 1.243688
v 0.992224 -0.011794 1.378598
v 0.843908 -0.011794 1.243688
v 0.843908 -0.011794 1.378598
v 0.850612 -0.011794 1.385301
v 0.850612 -0.054529 1.385301
v 0.985521 -0.011794 1.385301
v 0.985521 -0.054529 1.385301
v 0.992224 -0.054529 1.378598
v 0.985521 -0.061233 1.378598
v 0.850612 -0.061233 1.378598
v 0.975819 -0.061233 1.368896
v 0.860313 -0.061233 1.368896
v 0.975819 -0.061233 1.253390
v 0.973052 -0.058472 1.366129
v 0.863080 -0.058472 1.366129
v 0.973052 -0.058472 1.256157
v 0.863080 -0.058472 1.256157
v 0.860313 -0.061233 1.253390
v 0.843908 -0.054529 1.378598
vn -0.0000 1.0000 -0.0000
vn -1.0000 -0.0000 -0.0000
vn -0.0000 -0.0000 1.0000
vn 1.0000 -0.0000 -0.0000
vn -0.0000 -0.0000 -1.0000
vn -0.0000 -1.0000 -0.0000
vn -0.5774 0.5774 0.5774
vn -0.5774 0.5774 -0.5774
vn 0.5774 0.5774 0.5774
vn 0.5774 0.5774 -0.5774
vn -0.7071 -0.0000 0.7071
vn -0.7071 0.7071 -0.0000
vn -0.0000 0.7071 -0.7071
vn 0.7071 0.7071 -0.0000
vn -0.0000 0.7071 0.7071
vn -0.7071 -0.0000 -0.7071
vn 0.7071 -0.0000 -0.7071
vn 0.7071 -0.0000 0.7071
vn 0.7063 0.7079 -0.0000
vn -0.0000 0.7079 0.7063
vn -0.7063 0.7079 -0.0000
vn -0.0000 0.7079 -0.7063
vn 0.4124 0.9110 -0.0000
vn 0.4124 -0.0000 -0.9110
vn 0.4124 -0.9110 -0.0000
vn 0.4124 -0.0000 0.9110
vn -0.4124 -0.9110 -0.0000
vn -0.4124 -0.0000 -0.9110
vn -0.4124 0.9110 -0.0000
vn -0.4124 -0.0000 0.9110
vn -0.0000 -0.9110 -0.4124
vn -0.9110 -0.0000 -0.4124
vn -0.0000 0.9110 -0.4124
vn 0.9110 -0.0000 -0.4124
vn -0.0000 -0.9110 0.4124
vn -0.9110 -0.0000 0.4124
vn -0.0000 0.9110 0.4124
vn 0.9110 -0.0000 0.4124
vn -0.5774 -0.5774 -0.5774
vn -0.0000 -0.7071 -0.7071
vn 0.5774 -0.5774 -0.5774
vn 0.5773 -0.5774 0.5773
vn -0.0000 -0.7071 0.7071
vn 0.7071 -0.7071 -0.0000
vn -0.0000 -0.7079 -0.7063
vn -0.7063 -0.7079 -0.0000
vn -0.0000 -0.7079 0.7063
vn 0.7063 -0.7079 -0.0000
vn -0.7071 -0.7071 -0.0000
vn -0.5774 -0.5774 0.5773
vt 0.657317 0.532316
vt 0.842684 0.532316
vt 0.842684 0.717684
vt 0.657316 0.717684
vt 0.541667 0.011299
vt 0.613701 0.011299
vt 0.613701 0.238701
vt 0.541667 0.238701
vt 0.541667 0.761299
vt 0.613701 0.761299
vt 0.613701 0.988701
vt 0.541667 0.988701
vt 0.541667 0.511299
vt 0.613701 0.511299
vt 0.613701 0.738701
vt 0.541667 0.738701
vt 0.541667 0.261299
vt 0.613701 0.261299
vt 0.613701 0.488701
vt 0.541667 0.488701
vt 0.541667 0.011299
vt 0.625000 0.988701
vt 0.613701 1.000000
vt 0.625000 0.238701
vt 0.613701 0.250000
vt 0.625000 0.738701
vt 0.613701 0.750000
vt 0.625000 0.488701
vt 0.613701 0.500000
vt 0.541667 1.000000
vt 0.863701 0.738701
vt 0.863701 0.511299
vt 0.875000 0.511299
vt 0.875000 0.738701
vt 0.636299 0.511299
vt 0.636299 0.500000
vt 0.863701 0.500000
vt 0.636299 0.738701
vt 0.863701 0.750000
vt 0.636299 0.750000
vt 0.847347 0.722347
vt 0.847347 0.527653
vt 0.652653 0.527653
vt 0.652653 0.722347
vt 0.541667 0.716102
vt 0.541667 0.033898
vt 0.541667 0.011972
vt 0.541667 0.988028
vt 0.541667 0.761972
vt 0.458333 0.988028
vt 0.458333 1.000000
vt 0.529588 0.025588
vt 0.470412 0.025588
vt 0.458333 0.011972
vt 0.541667 0.261972
vt 0.541667 0.238028
vt 0.529588 0.224412
vt 0.541667 0.511972
vt 0.541667 0.488028
vt 0.458333 0.511972
vt 0.458333 0.488028
vt 0.529588 0.525588
vt 0.470412 0.525588
vt 0.541667 0.738028
vt 0.529588 0.724412
vt 0.526235 0.720633
vt 0.526235 0.529367
vt 0.473765 0.529367
vt 0.473765 0.720633
vt 0.470412 0.724412
vt 0.458333 0.738028
vt 0.458333 0.761972
vt 0.458333 0.238028
vt 0.470412 0.974412
vt 0.529588 0.974412
vt 0.470412 0.775588
vt 0.458333 0.261972
vt 0.470412 0.224412
vt 0.473765 0.029367
vt 0.473765 0.220633
vt 0.526235 0.220633
vt 0.526235 0.029367
vt 0.529588 0.275588
vt 0.470412 0.275588
vt 0.470412 0.474412
vt 0.473765 0.279367
vt 0.473765 0.470633
vt 0.526235 0.279367
vt 0.526235 0.470633
vt 0.529588 0.474412
vt 0.473765 0.779367
vt 0.473765 0.970633
vt 0.526235 0.970633
vt 0.526235 0.779367
vt 0.529588 0.775588
s 0
usemtl VCol.008
f 2200/631/787 2194/632/787 2191/633/787 2197/634/787
f 2205/635/788 2192/636/788 2193/637/788 2208/638/788
f 2203/639/789 2198/640/789 2190/641/789 2204/642/789
f 2207/643/790 2201/644/790 2196/645/790 2202/646/790
f 2209/647/791 2195/648/791 2199/649/791 2206/650/791
f 2205/651/792 2209/647/792 2207/643/792
f 2190/641/793 2210/652/793 2192/653/793
f 2193/637/794 2211/654/794 2195/655/794
f 2196/645/795 2213/656/795 2198/657/795
f 2199/649/796 2212/658/796 2201/659/796
f 2204/642/797 2190/641/797 2192/653/797 2205/660/797
f 2210/661/798 2211/662/798 2193/663/798 2192/664/798
f 2211/662/799 2212/665/799 2199/666/799 2195/667/799
f 2212/665/800 2213/668/800 2196/645/800 2201/644/800
f 2213/668/801 2210/661/801 2190/669/801 2198/670/801
f 2195/648/802 2209/647/802 2208/638/802 2193/637/802
f 2201/644/803 2207/643/803 2206/650/803 2199/649/803
f 2198/640/804 2203/639/804 2202/646/804 2196/645/804
f 2214/671/787 2215/672/787 2211/662/787 2210/661/787
f 2215/672/787 2216/673/787 2212/665/787 2211/662/787
f 2216/673/787 2217/674/787 2213/668/787 2212/665/787
f 2217/674/787 2214/671/787 2210/661/787 2213/668/787
f 2191/633/805 2194/632/805 2215/672/805 2214/671/805
f 2194/632/806 2200/631/806 2216/673/806 2215/672/806
f 2200/631/807 2197/634/807 2217/674/807 2216/673/807
f 2197/634/808 2191/633/808 2214/671/808 2217/674/808
f 2207/643/792 2202/646/792 2203/675/792
f 2203/675/792 2204/676/792 2205/651/792
f 2205/651/792 2208/638/792 2209/647/792
f 2209/647/792 2206/650/792 2207/643/792
f 2207/643/792 2203/675/792 2205/651/792
f 2218/677/787 2219/678/787 2223/679/787
f 2240/680/797 2219/678/797 2218/660/797 2220/681/797
f 2222/682/788 2245/683/788 2220/684/788 2218/677/788
f 2224/685/787 2221/686/787 2218/677/787
f 2246/687/788 2222/682/788 2218/677/788 2221/686/788
f 2218/677/787 2223/679/787 2225/688/787
f 2225/688/787 2224/685/787 2218/677/787
f 2225/688/787 2226/689/787 2224/685/787
f 2225/688/803 2227/690/803 2239/691/803 2226/689/803
f 2229/692/790 2231/693/790 2227/690/790 2225/688/790
f 2223/679/787 2228/694/787 2225/688/787
f 2230/695/790 2229/692/790 2225/688/790 2228/694/790
f 2233/696/809 2232/697/809 2229/692/809 2230/695/809
f 2232/697/810 2234/698/810 2231/693/810 2229/692/810
f 2234/698/790 2232/697/790 2233/696/790 2235/699/790
f 2234/698/811 2235/699/811 2236/700/811 2231/693/811
f 2235/699/812 2233/696/812 2230/695/812 2236/700/812
f 2231/693/790 2236/700/790 2237/701/790 2227/690/790
f 2236/700/790 2230/695/790 2228/694/790 2237/701/790
f 2237/701/792 2238/702/792 2240/680/792
f 2223/679/804 2238/702/804 2237/701/804 2228/694/804
f 2239/691/792 2227/690/792 2237/701/792
f 2239/691/792 2237/701/792 2240/680/792
f 2240/680/792 2220/684/792 2242/703/792
f 2241/704/789 2260/705/789 2219/678/789 2240/680/789
f 2259/706/789 2241/704/789 2240/680/789 2238/702/789
f 2240/680/792 2242/703/792 2239/691/792
f 2242/703/792 2243/707/792 2239/691/792
f 2224/685/802 2243/707/802 2242/703/802 2221/686/802
f 2244/708/788 2246/687/788 2221/686/788 2242/703/788
f 2245/683/788 2244/708/788 2242/703/788 2220/684/788
f 2248/709/813 2247/710/813 2244/708/813 2245/683/813
f 2247/710/814 2249/711/814 2246/687/814 2244/708/814
f 2248/709/788 2250/712/788 2249/711/788 2247/710/788
f 2249/711/815 2250/712/815 2222/682/815 2246/687/815
f 2250/712/816 2248/709/816 2245/683/816 2222/682/816
f 2253/713/791 2251/714/791 2243/707/791 2224/685/791
f 2251/714/791 2252/715/791 2239/691/791 2243/707/791
f 2254/716/817 2255/717/817 2252/715/817 2251/714/817
f 2256/718/818 2254/716/818 2251/714/818 2253/713/818
f 2254/716/791 2256/718/791 2257/719/791 2255/717/791
f 2257/719/819 2256/718/819 2253/713/819 2258/720/819
f 2255/717/820 2257/719/820 2258/720/820 2252/715/820
f 2258/720/791 2253/713/791 2224/685/791 2226/689/791
f 2252/715/791 2258/720/791 2226/689/791 2239/691/791
f 2262/721/821 2261/722/821 2241/704/821 2259/706/821
f 2261/722/822 2263/723/822 2260/705/822 2241/704/822
f 2262/721/789 2264/724/789 2263/723/789 2261/722/789
f 2263/723/823 2264/724/823 2265/725/823 2260/705/823
f 2264/724/824 2262/721/824 2259/706/824 2265/725/824
f 2260/705/789 2265/725/789 2223/679/789 2219/678/789
f 2265/725/789 2259/706/789 2238/702/789 2223/679/789
f 2269/642/802 2266/641/802 2267/653/802 2276/660/802
f 2266/641/825 2268/652/825 2267/653/825
f 2272/668/826 2268/661/826 2266/669/826 2270/670/826
f 2273/639/791 2270/640/791 2266/641/791 2269/642/791
f 2270/640/803 2273/639/803 2274/646/803 2271/645/803
f 2271/645/827 2272/656/827 2270/657/827
f 2275/643/787 2274/646/787 2273/675/787
f 2273/675/787 2269/676/787 2276/651/787
f 2275/643/787 2273/675/787 2276/651/787
f 2276/635/788 2267/636/788 2293/637/788 2277/638/788
f 2276/651/787 2277/638/787 2278/647/787
f 2276/651/787 2278/647/787 2275/643/787
f 2279/648/797 2278/647/797 2277/638/797 2293/637/797
f 2278/647/789 2279/648/789 2281/649/789 2280/650/789
f 2278/647/787 2280/650/787 2275/643/787
f 2282/644/804 2275/643/804 2280/650/804 2281/649/804
f 2281/649/828 2283/658/828 2282/659/828
f 2284/662/829 2283/665/829 2281/666/829 2279/667/829
f 2283/665/830 2272/668/830 2271/645/830 2282/644/830
f 2286/672/792 2285/673/792 2283/665/792 2284/662/792
f 2285/673/792 2287/674/792 2272/668/792 2283/665/792
f 2289/632/831 2288/631/831 2285/673/831 2286/672/831
f 2288/631/832 2290/634/832 2287/674/832 2285/673/832
f 2288/631/792 2289/632/792 2291/633/792 2290/634/792
f 2290/634/833 2291/633/833 2292/671/833 2287/674/833
f 2291/633/834 2289/632/834 2286/672/834 2292/671/834
f 2292/671/792 2286/672/792 2284/662/792 2268/661/792
f 2287/674/792 2292/671/792 2268/661/792 2272/668/792
f 2268/661/835 2284/662/835 2293/663/835 2267/664/835
f 2293/637/836 2284/654/836 2279/655/836
f 2275/643/790 2282/644/790 2271/645/790 2274/646/790
o ToolCrate05
v 0.778018 0.326270 1.271687
v 0.766924 0.326270 1.260593
v 0.772471 0.326270 1.270201
v 0.768411 0.326270 1.266140
v 0.766924 0.375709 1.260593
v 0.778018 0.375709 1.271687
v 0.768411 0.375709 1.266140
v 0.772471 0.375709 1.270201
v 0.778018 0.375709 1.139110
v 0.766924 0.375709 1.150204
v 0.772471 0.375709 1.140596
v 0.768411 0.375709 1.144657
v 0.766924 0.326270 1.150204
v 0.778018 0.326270 1.139110
v 0.768411 0.326270 1.144657
v 0.772471 0.326270 1.140596
v 0.899502 0.375709 1.150204
v 0.888408 0.375709 1.139110
v 0.898015 0.375709 1.144657
v 0.893955 0.375709 1.140596
v 0.888408 0.326270 1.139110
v 0.899502 0.326270 1.150204
v 0.893955 0.326270 1.140596
v 0.898015 0.326270 1.144657
v 0.888408 0.375709 1.271687
v 0.899502 0.375709 1.260593
v 0.893955 0.375709 1.270201
v 0.898015 0.375709 1.266140
v 0.899502 0.326270 1.260593
v 0.888408 0.326270 1.271687
v 0.898015 0.326270 1.266140
v 0.893955 0.326270 1.270201
v 0.771092 0.344932 1.272590
v 0.772773 0.344932 1.273040
v 0.771092 0.357047 1.272590
v 0.772773 0.357047 1.273040
v 0.766022 0.344932 1.267519
v 0.766022 0.357047 1.267519
v 0.765571 0.344932 1.265839
v 0.765571 0.357047 1.265839
v 0.771092 0.357047 1.138207
v 0.772773 0.357047 1.137757
v 0.771092 0.344932 1.138207
v 0.772773 0.344932 1.137757
v 0.766022 0.357047 1.143278
v 0.766022 0.344932 1.143278
v 0.765571 0.357047 1.144958
v 0.765571 0.344932 1.144958
v 0.900404 0.357047 1.143278
v 0.900855 0.357047 1.144958
v 0.900404 0.344932 1.143278
v 0.900855 0.344932 1.144958
v 0.895334 0.357047 1.138207
v 0.895334 0.344932 1.138207
v 0.893653 0.357047 1.137757
v 0.893653 0.344932 1.137757
v 0.895334 0.357047 1.272590
v 0.893653 0.357047 1.273040
v 0.895334 0.344932 1.272590
v 0.893653 0.344932 1.273040
v 0.900404 0.357047 1.267519
v 0.900404 0.344932 1.267519
v 0.900855 0.357047 1.265839
v 0.900855 0.344932 1.265839
v 0.772471 0.343263 1.270201
v 0.775075 0.343263 1.270899
v 0.775075 0.358717 1.270899
v 0.772471 0.358717 1.270201
v 0.768411 0.343263 1.266140
v 0.768411 0.358717 1.266140
v 0.767713 0.343263 1.263536
v 0.767713 0.358717 1.263536
v 0.772471 0.358717 1.140596
v 0.775075 0.358717 1.139898
v 0.775075 0.343263 1.139898
v 0.772471 0.343263 1.140596
v 0.768411 0.358717 1.144657
v 0.768411 0.343263 1.144657
v 0.767713 0.358717 1.147261
v 0.767713 0.343263 1.147261
v 0.898015 0.358717 1.144657
v 0.898713 0.358717 1.147261
v 0.898713 0.343263 1.147261
v 0.898015 0.343263 1.144657
v 0.893955 0.358717 1.140596
v 0.893955 0.343263 1.140596
v 0.891351 0.358717 1.139898
v 0.891351 0.343263 1.139898
v 0.893955 0.358717 1.270201
v 0.891351 0.358717 1.270899
v 0.891351 0.343263 1.270899
v 0.893955 0.343263 1.270201
v 0.898015 0.358717 1.266140
v 0.898015 0.343263 1.266140
v 0.898713 0.358717 1.263536
v 0.898713 0.343263 1.263536
v 0.778018 0.343500 1.271687
v 0.766924 0.343500 1.260593
v 0.766924 0.358479 1.260593
v 0.778018 0.358479 1.271687
v 0.778018 0.358479 1.139110
v 0.766924 0.358479 1.150204
v 0.766924 0.343500 1.150204
v 0.778018 0.343500 1.139110
v 0.899502 0.358479 1.150204
v 0.888408 0.358479 1.139110
v 0.888408 0.343500 1.139110
v 0.899502 0.343500 1.150204
v 0.888408 0.358479 1.271687
v 0.899502 0.358479 1.260593
v 0.899502 0.343500 1.260593
v 0.888408 0.343500 1.271687
v 0.779399 0.344881 1.273705
v 0.779399 0.357099 1.273705
v 0.764906 0.357099 1.259213
v 0.764906 0.344881 1.259213
v 0.779399 0.357099 1.137092
v 0.779399 0.344881 1.137092
v 0.764906 0.344881 1.151584
v 0.764906 0.357099 1.151584
v 0.901520 0.357099 1.151584
v 0.901520 0.344881 1.151584
v 0.887027 0.344881 1.137092
v 0.887027 0.357099 1.137092
v 0.887027 0.357099 1.273705
v 0.887027 0.344881 1.273705
v 0.901520 0.344881 1.259213
v 0.901520 0.357099 1.259213
v 0.857932 0.375709 1.131240
v 0.808494 0.375709 1.131240
v 0.808494 0.375709 1.279557
v 0.857932 0.375709 1.279557
v 0.759055 0.375709 1.279557
v 0.759055 0.375709 1.131240
v 0.907371 0.375709 1.131240
v 0.907371 0.375709 1.279557
v 0.759055 0.415303 1.279557
v 0.759055 0.415303 1.131240
v 0.907371 0.415303 1.279557
v 0.907371 0.415303 1.131240
v 0.815546 0.416962 1.142535
v 0.850880 0.416962 1.142535
v 0.857932 0.415303 1.131240
v 0.808494 0.415303 1.131240
v 0.850880 0.416962 1.268262
v 0.815546 0.416962 1.268262
v 0.813257 0.412089 1.273134
v 0.853169 0.412089 1.273134
v 0.907371 0.375709 1.180679
v 0.907371 0.375709 1.230118
v 0.759055 0.375709 1.230118
v 0.759055 0.375709 1.180679
v 0.770350 0.416962 1.223065
v 0.770350 0.416962 1.187732
v 0.765477 0.412089 1.185442
v 0.765477 0.412089 1.225355
v 0.896076 0.416962 1.187732
v 0.896076 0.416962 1.223065
v 0.900949 0.412089 1.225355
v 0.900949 0.412089 1.185442
v 0.811775 0.425148 1.147660
v 0.854651 0.425148 1.147660
v 0.853169 0.380472 1.138054
v 0.813257 0.380472 1.138054
v 0.813257 0.380472 1.272743
v 0.853169 0.380472 1.272743
v 0.854651 0.425148 1.263137
v 0.811775 0.425148 1.263137
v 0.857932 0.415303 1.279557
v 0.808494 0.415303 1.279557
v 0.813257 0.412089 1.137663
v 0.853169 0.412089 1.137663
v 0.775474 0.425148 1.226836
v 0.900557 0.380472 1.185442
v 0.900557 0.380472 1.225355
v 0.765869 0.380472 1.225355
v 0.765869 0.380472 1.185442
v 0.775474 0.425148 1.183961
v 0.890952 0.425148 1.183961
v 0.890952 0.425148 1.226836
v 0.907371 0.415303 1.180679
v 0.907371 0.415303 1.230118
v 0.759055 0.415303 1.230118
v 0.759055 0.415303 1.180679
v 0.768900 0.425148 1.141085
v 0.811775 0.425148 1.141085
v 0.854651 0.425148 1.141085
v 0.768900 0.425148 1.183961
v 0.897526 0.425148 1.141085
v 0.897526 0.425148 1.226836
v 0.897526 0.425148 1.269711
v 0.811775 0.425148 1.269711
v 0.768900 0.425148 1.269711
v 0.854651 0.425148 1.269711
v 0.768900 0.425148 1.226836
v 0.897526 0.425148 1.183961
v 0.811775 0.422486 1.150202
v 0.854651 0.422486 1.150202
v 0.778016 0.422486 1.183961
v 0.888410 0.422486 1.226836
v 0.811775 0.422486 1.260595
v 0.854651 0.422486 1.260595
v 0.778016 0.422486 1.226836
v 0.888410 0.422486 1.183961
v 0.778016 0.279493 1.183961
v 0.888410 0.279493 1.226836
v 0.811775 0.279493 1.260595
v 0.854651 0.279493 1.260595
v 0.778016 0.279493 1.226836
v 0.888410 0.279493 1.183961
v 0.811775 0.279493 1.150202
v 0.854651 0.279493 1.150202
v 0.768900 0.276832 1.183961
v 0.897526 0.276832 1.226836
v 0.811775 0.276832 1.269711
v 0.897526 0.276832 1.269711
v 0.854651 0.276832 1.269711
v 0.768900 0.276832 1.269711
v 0.768900 0.276832 1.226836
v 0.768900 0.276832 1.141085
v 0.897526 0.276832 1.183961
v 0.811775 0.276832 1.141085
v 0.854651 0.276832 1.141085
v 0.897526 0.276832 1.141085
v 0.907371 0.286677 1.180679
v 0.907371 0.286677 1.230118
v 0.759055 0.286677 1.230118
v 0.759055 0.286677 1.180679
v 0.775474 0.276832 1.226836
v 0.775474 0.276832 1.183961
v 0.890952 0.276832 1.183961
v 0.900557 0.321507 1.185442
v 0.900557 0.321507 1.225355
v 0.765869 0.321507 1.225355
v 0.765869 0.321507 1.185442
v 0.890952 0.276832 1.226836
v 0.813257 0.289891 1.137663
v 0.853169 0.289891 1.137663
v 0.857932 0.286677 1.279557
v 0.808494 0.286677 1.279557
v 0.854651 0.276832 1.263137
v 0.811775 0.276832 1.263137
v 0.813257 0.321507 1.272743
v 0.853169 0.321507 1.272743
v 0.853169 0.321507 1.138054
v 0.813257 0.321507 1.138054
v 0.811775 0.276832 1.147660
v 0.854651 0.276832 1.147660
v 0.765477 0.289891 1.185442
v 0.765477 0.289891 1.225355
v 0.770350 0.285018 1.223065
v 0.770350 0.285018 1.187732
v 0.900949 0.289891 1.225355
v 0.900949 0.289891 1.185442
v 0.896076 0.285018 1.187732
v 0.896076 0.285018 1.223065
v 0.907371 0.326270 1.180679
v 0.907371 0.326270 1.230118
v 0.759055 0.326270 1.230118
v 0.759055 0.326270 1.180679
v 0.813257 0.289891 1.273134
v 0.853169 0.289891 1.273134
v 0.850880 0.285018 1.268262
v 0.815546 0.285018 1.268262
v 0.857932 0.286677 1.131240
v 0.808494 0.286677 1.131240
v 0.815546 0.285018 1.142535
v 0.850880 0.285018 1.142535
v 0.759055 0.286677 1.131240
v 0.759055 0.286677 1.279557
v 0.907371 0.286677 1.131240
v 0.907371 0.286677 1.279557
v 0.759055 0.326270 1.279557
v 0.759055 0.326270 1.131240
v 0.907371 0.326270 1.131240
v 0.907371 0.326270 1.279557
v 0.808494 0.326270 1.279557
v 0.857932 0.326270 1.279557
v 0.857932 0.326270 1.131240
v 0.808494 0.326270 1.131240
vn -0.0000 -0.0000 -1.0000
vn 1.0000 -0.0000 -0.0000
vn -0.0000 -0.0000 1.0000
vn -0.2588 -0.0000 0.9659
vn -0.7071 -0.0000 0.7071
vn -0.9659 -0.0000 0.2588
vn -0.2588 -0.0000 -0.9659
vn -0.7071 -0.0000 -0.7071
vn -0.9659 -0.0000 -0.2588
vn 0.9659 -0.0000 -0.2588
vn 0.7071 -0.0000 -0.7071
vn 0.2588 -0.0000 -0.9659
vn 0.2588 -0.0000 0.9659
vn 0.7071 -0.0000 0.7071
vn 0.9659 -0.0000 0.2588
vn -1.0000 -0.0000 -0.0000
vn -0.1374 -0.8474 0.5129
vn -0.1374 0.8474 0.5129
vn -0.3755 -0.8474 0.3755
vn -0.3755 0.8474 0.3755
vn -0.5129 -0.8474 0.1374
vn -0.5129 0.8474 0.1374
vn -0.1374 0.8474 -0.5129
vn -0.1374 -0.8474 -0.5129
vn -0.3755 0.8474 -0.3755
vn -0.3755 -0.8474 -0.3755
vn -0.5129 0.8474 -0.1374
vn -0.5129 -0.8474 -0.1374
vn 0.5129 0.8474 -0.1374
vn 0.5129 -0.8474 -0.1374
vn 0.3755 0.8474 -0.3755
vn 0.3755 -0.8474 -0.3755
vn 0.1374 0.8474 -0.5129
vn 0.1374 -0.8474 -0.5129
vn 0.1374 0.8474 0.5129
vn 0.1374 -0.8474 0.5129
vn 0.3755 0.8474 0.3755
vn 0.3755 -0.8474 0.3755
vn 0.5129 0.8474 0.1374
vn 0.5129 -0.8474 0.1374
vn 0.6811 -0.0000 0.7322
vn -0.7322 -0.0000 -0.6811
vn 0.6811 -0.0000 -0.7322
vn -0.7322 -0.0000 0.6811
vn 0.7322 -0.0000 0.6811
vn -0.6811 -0.0000 -0.7322
vn -0.6811 -0.0000 0.7322
vn 0.7322 -0.0000 -0.6811
vn -0.8254 -0.0000 0.5645
vn -0.5645 -0.0000 0.8254
vn -0.8254 -0.0000 -0.5645
vn -0.5645 -0.0000 -0.8254
vn 0.5645 -0.0000 -0.8254
vn 0.8254 -0.0000 -0.5645
vn 0.8254 -0.0000 0.5645
vn 0.5645 -0.0000 0.8254
vn -0.5645 -0.8254 -0.0000
vn -0.5645 0.8254 -0.0000
vn -0.0000 -0.8254 0.5645
vn -0.0000 0.8254 0.5645
vn -0.0000 -0.8254 -0.5645
vn -0.0000 0.8254 -0.5645
vn 0.5645 -0.8254 -0.0000
vn 0.5645 0.8254 -0.0000
vn -0.0000 1.0000 -0.0000
vn -0.0000 -1.0000 -0.0000
vn -0.7071 0.7071 -0.0000
vn -0.0000 0.7071 -0.7071
vn 0.7071 0.7071 -0.0000
vn -0.0000 0.7071 0.7071
vn -0.0000 -0.0124 0.9999
vn -0.0000 -0.0124 -0.9999
vn -0.9999 -0.0124 -0.0000
vn 0.9999 -0.0124 -0.0000
vn -0.0000 -0.1744 -0.9847
vn -0.0000 0.8196 -0.5729
vn -0.0000 0.8196 0.5729
vn -0.0000 -0.1744 0.9847
vn -0.8118 -0.0032 0.5839
vn 0.8118 -0.0032 0.5839
vn -0.8091 0.2332 0.5395
vn 0.8091 0.2332 0.5395
vn 0.8091 0.2332 -0.5395
vn -0.8091 0.2332 -0.5395
vn 0.8118 -0.0032 -0.5839
vn -0.8118 -0.0032 -0.5839
vn 0.5729 0.8196 -0.0000
vn -0.5729 0.8196 -0.0000
vn -0.9847 -0.1744 -0.0000
vn 0.9847 -0.1744 -0.0000
vn 0.5395 0.2332 0.8091
vn 0.5395 0.2332 -0.8091
vn -0.5395 0.2332 -0.8091
vn -0.5395 0.2332 0.8091
vn -0.5839 -0.0032 -0.8118
vn -0.5839 -0.0032 0.8118
vn 0.5839 -0.0032 0.8118
vn 0.5839 -0.0032 -0.8118
vn 0.5860 0.5597 0.5860
vn -0.0000 0.6907 0.7232
vn -0.5860 0.5597 0.5860
vn 0.5860 0.5597 -0.5860
vn -0.5860 0.5597 -0.5860
vn -0.0000 0.6907 -0.7232
vn 0.7232 0.6907 -0.0000
vn -0.7232 0.6907 -0.0000
vn 0.7232 -0.6907 -0.0000
vn -0.7232 -0.6907 -0.0000
vn -0.0000 -0.6907 -0.7232
vn 0.5860 -0.5597 -0.5860
vn -0.5860 -0.5597 -0.5860
vn 0.5860 -0.5597 0.5860
vn -0.0000 -0.6907 0.7232
vn -0.5860 -0.5597 0.5860
vn -0.5839 0.0032 -0.8118
vn -0.5839 0.0032 0.8118
vn 0.5839 0.0032 0.8118
vn 0.5839 0.0032 -0.8118
vn 0.5395 -0.2332 0.8091
vn 0.5395 -0.2332 -0.8091
vn -0.5395 -0.2332 -0.8091
vn -0.5395 -0.2332 0.8091
vn -0.9847 0.1744 -0.0000
vn 0.9847 0.1744 -0.0000
vn 0.5729 -0.8196 -0.0000
vn -0.5729 -0.8196 -0.0000
vn 0.8118 0.0032 -0.5839
vn -0.8118 0.0032 -0.5839
vn 0.8091 -0.2332 -0.5395
vn -0.8091 -0.2332 -0.5395
vn -0.8091 -0.2332 0.5395
vn 0.8091 -0.2332 0.5395
vn -0.8118 0.0032 0.5839
vn 0.8118 0.0032 0.5839
vn -0.0000 0.1744 0.9847
vn -0.0000 -0.8196 0.5729
vn -0.0000 -0.8196 -0.5729
vn -0.0000 0.1744 -0.9847
vn -0.9999 0.0124 -0.0000
vn 0.9999 0.0124 -0.0000
vn 0.7071 -0.7071 -0.0000
vn -0.7071 -0.7071 -0.0000
vn -0.0000 0.0124 -0.9999
vn -0.0000 -0.7071 -0.7071
vn -0.0000 -0.7071 0.7071
vn -0.0000 0.0124 0.9999
vt 0.458333 0.270920
vt 0.541667 0.270920
vt 0.541667 0.479080
vt 0.458333 0.479080
vt 0.458333 0.520920
vt 0.541667 0.520920
vt 0.541667 0.729080
vt 0.458333 0.729080
vt 0.458333 0.770920
vt 0.541667 0.770920
vt 0.541667 0.979080
vt 0.458333 0.979080
vt 0.471362 0.987671
vt 0.528638 0.987671
vt 0.528638 0.989540
vt 0.471362 0.989540
vt 0.528638 1.000000
vt 0.471362 1.000000
vt 0.471362 0.010460
vt 0.528638 0.010460
vt 0.528638 0.012329
vt 0.471362 0.012329
vt 0.528638 0.262329
vt 0.471362 0.262329
vt 0.471362 0.260460
vt 0.528638 0.260460
vt 0.471362 0.239540
vt 0.528638 0.239540
vt 0.471362 0.237671
vt 0.528638 0.237671
vt 0.528638 0.512329
vt 0.471362 0.512329
vt 0.471362 0.510460
vt 0.528638 0.510460
vt 0.471362 0.489540
vt 0.528638 0.489540
vt 0.471362 0.487671
vt 0.528638 0.487671
vt 0.528638 0.762329
vt 0.471362 0.762329
vt 0.471362 0.760460
vt 0.528638 0.760460
vt 0.471362 0.739540
vt 0.528638 0.739540
vt 0.471362 0.737671
vt 0.528638 0.737671
vt 0.458333 0.020920
vt 0.541667 0.020920
vt 0.541667 0.229080
vt 0.458333 0.229080
vt 0.463469 0.984630
vt 0.463469 0.989540
vt 0.458333 0.989540
vt 0.536531 0.984630
vt 0.536531 0.989540
vt 0.541667 0.989540
vt 0.463469 1.000000
vt 0.458333 1.000000
vt 0.536531 1.000000
vt 0.541667 1.000000
vt 0.463469 0.010460
vt 0.463469 0.015370
vt 0.458333 0.010460
vt 0.536531 0.015370
vt 0.536531 0.010460
vt 0.541667 0.010460
vt 0.536531 0.265370
vt 0.536531 0.260460
vt 0.541667 0.260460
vt 0.463469 0.265370
vt 0.463469 0.260460
vt 0.458333 0.260460
vt 0.536531 0.239540
vt 0.541667 0.239540
vt 0.463469 0.239540
vt 0.458333 0.239540
vt 0.536531 0.234630
vt 0.463469 0.234630
vt 0.536531 0.515370
vt 0.536531 0.510460
vt 0.541667 0.510460
vt 0.463469 0.515370
vt 0.463469 0.510460
vt 0.458333 0.510460
vt 0.536531 0.489540
vt 0.541667 0.489540
vt 0.463469 0.489540
vt 0.458333 0.489540
vt 0.536531 0.484630
vt 0.463469 0.484630
vt 0.536531 0.765370
vt 0.536531 0.760460
vt 0.541667 0.760460
vt 0.463469 0.765370
vt 0.463469 0.760460
vt 0.458333 0.760460
vt 0.536531 0.739540
vt 0.541667 0.739540
vt 0.463469 0.739540
vt 0.458333 0.739540
vt 0.536531 0.734630
vt 0.463469 0.734630
vt 0.466013 0.273523
vt 0.533987 0.273523
vt 0.533987 0.476478
vt 0.466013 0.476477
vt 0.466013 0.523523
vt 0.533987 0.523523
vt 0.533987 0.726478
vt 0.466013 0.726478
vt 0.466013 0.773523
vt 0.533987 0.773523
vt 0.533987 0.976477
vt 0.466013 0.976477
vt 0.466013 0.023523
vt 0.533987 0.023523
vt 0.533987 0.226477
vt 0.466013 0.226477
vt 0.541667 0.666667
vt 0.608405 0.666667
vt 0.608405 0.750000
vt 0.541667 0.750000
vt 0.608405 0.833333
vt 0.541667 0.833333
vt 0.541667 0.166667
vt 0.608405 0.166667
vt 0.608405 0.250000
vt 0.541667 0.250000
vt 0.541667 0.416667
vt 0.608405 0.416667
vt 0.608405 0.500000
vt 0.541667 0.500000
vt 0.858405 0.588865
vt 0.858405 0.516595
vt 0.875000 0.500000
vt 0.875000 0.583333
vt 0.713865 0.516595
vt 0.641595 0.516595
vt 0.625000 0.500000
vt 0.708333 0.500000
vt 0.641595 0.661135
vt 0.641595 0.733405
vt 0.786135 0.733405
vt 0.858405 0.733405
vt 0.875000 0.750000
vt 0.791667 0.750000
vt 0.541667 0.916667
vt 0.608405 0.916667
vt 0.608405 1.000000
vt 0.549696 0.841362
vt 0.607745 0.841362
vt 0.607745 0.908638
vt 0.549696 0.908638
vt 0.713865 0.733405
vt 0.708333 0.750000
vt 0.625000 0.750000
vt 0.720221 0.739082
vt 0.779779 0.739082
vt 0.783638 0.750660
vt 0.716362 0.750660
vt 0.786135 0.516595
vt 0.791667 0.500000
vt 0.779779 0.510918
vt 0.720221 0.510918
vt 0.716362 0.499340
vt 0.783638 0.499340
vt 0.608405 0.333333
vt 0.541667 0.333333
vt 0.549696 0.341362
vt 0.607745 0.341362
vt 0.607745 0.408638
vt 0.549696 0.408638
vt 0.718987 0.661135
vt 0.781013 0.661135
vt 0.778241 0.718039
vt 0.721759 0.718039
vt 0.713865 0.531961
vt 0.778125 0.531961
vt 0.781013 0.588865
vt 0.718987 0.588865
vt 0.641595 0.588865
vt 0.608405 0.583333
vt 0.630240 0.595221
vt 0.630240 0.654779
vt 0.607745 0.658638
vt 0.607745 0.591362
vt 0.858405 0.661135
vt 0.875000 0.666667
vt 0.864083 0.654779
vt 0.864082 0.595221
vt 0.875660 0.591362
vt 0.875660 0.658638
vt 0.541667 0.000000
vt 0.608405 0.000000
vt 0.608405 0.083333
vt 0.541667 0.083333
vt 0.549696 0.091362
vt 0.607745 0.091362
vt 0.607745 0.158638
vt 0.549696 0.158638
vt 0.541667 0.583333
vt 0.549696 0.591362
vt 0.549696 0.658638
vt 0.836242 0.527676
vt 0.780227 0.527676
vt 0.713865 0.527676
vt 0.786135 0.588865
vt 0.652676 0.527676
vt 0.663758 0.722324
vt 0.713865 0.661135
vt 0.780227 0.722323
vt 0.847324 0.722324
vt 0.719773 0.722323
vt 0.847324 0.661135
vt 0.782441 0.661135
vt 0.782441 0.588865
vt 0.786135 0.661135
vt 0.652676 0.588865
vt 0.717559 0.588865
vt 0.717559 0.661135
vt 0.713865 0.588865
vt 0.828552 0.531961
vt 0.656961 0.531961
vt 0.842625 0.718039
vt 0.671448 0.718039
s 0
usemtl VCol.009
f 2307/726/837 2302/727/837 2311/728/837 2314/729/837
f 2315/730/838 2310/731/838 2319/732/838 2322/733/838
f 2323/734/839 2318/735/839 2299/736/839 2294/737/839
f 2327/738/840 2329/739/840 2328/740/840 2326/741/840
f 2326/741/841 2328/740/841 2331/742/841 2330/743/841
f 2330/744/842 2331/745/842 2333/746/842 2332/747/842
f 2335/748/843 2337/749/843 2336/750/843 2334/751/843
f 2334/751/844 2336/750/844 2339/752/844 2338/753/844
f 2338/753/845 2339/752/845 2341/754/845 2340/755/845
f 2343/756/846 2345/757/846 2344/758/846 2342/759/846
f 2342/759/847 2344/758/847 2347/760/847 2346/761/847
f 2346/761/848 2347/760/848 2349/762/848 2348/763/848
f 2351/764/849 2353/765/849 2352/766/849 2350/767/849
f 2350/767/850 2352/766/850 2355/768/850 2354/769/850
f 2354/769/851 2355/768/851 2357/770/851 2356/771/851
f 2295/772/852 2298/773/852 2303/774/852 2306/775/852
f 2359/776/840 2358/777/840 2296/778/840 2294/737/840
f 2360/779/840 2359/776/840 2294/737/840 2299/736/840
f 2361/780/840 2360/779/840 2299/736/840 2301/781/840
f 2358/777/841 2362/782/841 2297/783/841 2296/778/841
f 2363/784/841 2361/780/841 2301/781/841 2300/785/841
f 2362/786/842 2364/787/842 2295/772/842 2297/788/842
f 2365/789/842 2363/790/842 2300/791/842 2298/773/842
f 2364/787/842 2365/789/842 2298/773/842 2295/772/842
f 2367/792/843 2366/793/843 2304/794/843 2302/727/843
f 2368/795/843 2367/792/843 2302/727/843 2307/726/843
f 2369/796/843 2368/795/843 2307/726/843 2309/797/843
f 2366/793/844 2370/798/844 2305/799/844 2304/794/844
f 2371/800/844 2369/796/844 2309/797/844 2308/801/844
f 2370/798/845 2372/802/845 2303/774/845 2305/799/845
f 2373/803/845 2371/800/845 2308/801/845 2306/775/845
f 2372/802/845 2373/803/845 2306/775/845 2303/774/845
f 2375/804/846 2374/805/846 2312/806/846 2310/731/846
f 2376/807/846 2375/804/846 2310/731/846 2315/730/846
f 2377/808/846 2376/807/846 2315/730/846 2317/809/846
f 2374/805/847 2378/810/847 2313/811/847 2312/806/847
f 2379/812/847 2377/808/847 2317/809/847 2316/813/847
f 2378/810/848 2380/814/848 2311/728/848 2313/811/848
f 2381/815/848 2379/812/848 2316/813/848 2314/729/848
f 2380/814/848 2381/815/848 2314/729/848 2311/728/848
f 2383/816/849 2382/817/849 2320/818/849 2318/735/849
f 2384/819/849 2383/816/849 2318/735/849 2323/734/849
f 2385/820/849 2384/819/849 2323/734/849 2325/821/849
f 2382/817/850 2386/822/850 2321/823/850 2320/818/850
f 2387/824/850 2385/820/850 2325/821/850 2324/825/850
f 2386/822/851 2388/826/851 2319/732/851 2321/823/851
f 2389/827/851 2387/824/851 2324/825/851 2322/733/851
f 2388/826/851 2389/827/851 2322/733/851 2319/732/851
f 2327/738/853 2326/741/853 2358/777/853 2359/776/853
f 2328/740/854 2329/739/854 2360/779/854 2361/780/854
f 2326/741/855 2330/743/855 2362/782/855 2358/777/855
f 2331/742/856 2328/740/856 2361/780/856 2363/784/856
f 2330/744/857 2332/747/857 2364/787/857 2362/786/857
f 2333/746/858 2331/745/858 2363/790/858 2365/789/858
f 2335/748/859 2334/751/859 2366/793/859 2367/792/859
f 2336/750/860 2337/749/860 2368/795/860 2369/796/860
f 2334/751/861 2338/753/861 2370/798/861 2366/793/861
f 2339/752/862 2336/750/862 2369/796/862 2371/800/862
f 2338/753/863 2340/755/863 2372/802/863 2370/798/863
f 2341/754/864 2339/752/864 2371/800/864 2373/803/864
f 2343/756/865 2342/759/865 2374/805/865 2375/804/865
f 2344/758/866 2345/757/866 2376/807/866 2377/808/866
f 2342/759/867 2346/761/867 2378/810/867 2374/805/867
f 2347/760/868 2344/758/868 2377/808/868 2379/812/868
f 2346/761/869 2348/763/869 2380/814/869 2378/810/869
f 2349/762/870 2347/760/870 2379/812/870 2381/815/870
f 2351/764/871 2350/767/871 2382/817/871 2383/816/871
f 2352/766/872 2353/765/872 2384/819/872 2385/820/872
f 2350/767/873 2354/769/873 2386/822/873 2382/817/873
f 2355/768/874 2352/766/874 2385/820/874 2387/824/874
f 2354/769/875 2356/771/875 2388/826/875 2386/822/875
f 2357/770/876 2355/768/876 2387/824/876 2389/827/876
f 2329/739/877 2327/738/877 2359/776/877 2360/779/877
f 2332/747/878 2333/746/878 2365/789/878 2364/787/878
f 2337/749/879 2335/748/879 2367/792/879 2368/795/879
f 2340/755/880 2341/754/880 2373/803/880 2372/802/880
f 2345/757/881 2343/756/881 2375/804/881 2376/807/881
f 2348/763/882 2349/762/882 2381/815/882 2380/814/882
f 2353/765/883 2351/764/883 2383/816/883 2384/819/883
f 2356/771/884 2357/770/884 2389/827/884 2388/826/884
f 2411/828/837 2410/829/837 2417/830/837 2416/831/837
f 2415/832/838 2414/833/838 2421/834/838 2420/835/838
f 2419/836/839 2418/837/839 2407/838/839 2406/839/839
f 2409/840/852 2408/841/852 2413/842/852 2412/843/852
f 2406/839/885 2407/838/885 2393/736/885 2390/737/885
f 2408/841/886 2409/840/886 2391/772/886 2392/773/886
f 2410/829/887 2411/828/887 2397/726/887 2394/727/887
f 2412/843/888 2413/842/888 2395/774/888 2396/775/888
f 2414/833/889 2415/832/889 2401/730/889 2398/731/889
f 2416/831/890 2417/830/890 2399/728/890 2400/729/890
f 2418/837/891 2419/836/891 2405/734/891 2402/735/891
f 2420/835/892 2421/834/892 2403/732/892 2404/733/892
f 2409/840/893 2412/843/893 2396/775/893 2391/772/893
f 2413/842/894 2408/841/894 2392/773/894 2395/774/894
f 2419/836/895 2406/839/895 2390/737/895 2405/734/895
f 2407/838/896 2418/837/896 2402/735/896 2393/736/896
f 2411/828/897 2416/831/897 2400/729/897 2397/726/897
f 2417/830/898 2410/829/898 2394/727/898 2399/728/898
f 2415/832/899 2420/835/899 2404/733/899 2401/730/899
f 2421/834/900 2414/833/900 2398/731/900 2403/732/900
f 2319/732/901 2311/728/901 2303/774/901
f 2315/730/902 2323/734/902 2295/772/902
f 2295/772/902 2306/775/902 2307/726/902
f 2306/775/902 2308/801/902 2307/726/902
f 2308/801/902 2309/797/902 2307/726/902
f 2307/726/902 2314/729/902 2315/730/902
f 2314/729/902 2316/813/902 2315/730/902
f 2316/813/902 2317/809/902 2315/730/902
f 2315/730/902 2322/733/902 2323/734/902
f 2322/733/902 2324/825/902 2323/734/902
f 2324/825/902 2325/821/902 2323/734/902
f 2323/734/902 2294/737/902 2295/772/902
f 2294/737/902 2296/778/902 2295/772/902
f 2296/778/902 2297/783/902 2295/772/902
f 2295/772/902 2307/726/902 2315/730/902
f 2303/774/901 2298/773/901 2299/736/901
f 2298/773/901 2300/791/901 2299/736/901
f 2300/791/901 2301/781/901 2299/736/901
f 2299/736/901 2318/735/901 2319/732/901
f 2318/735/901 2320/818/901 2319/732/901
f 2320/818/901 2321/823/901 2319/732/901
f 2319/732/901 2310/731/901 2311/728/901
f 2310/731/901 2312/806/901 2311/728/901
f 2312/806/901 2313/811/901 2311/728/901
f 2311/728/901 2302/727/901 2303/774/901
f 2302/727/901 2304/794/901 2303/774/901
f 2304/794/901 2305/799/901 2303/774/901
f 2303/774/901 2299/736/901 2319/732/901
f 2443/844/838 2475/845/838 2432/846/838 2429/847/838
f 2429/847/839 2432/846/839 2462/848/839 2425/849/839
f 2445/850/852 2477/851/852 2431/852/852 2427/853/852
f 2422/854/837 2436/855/837 2433/856/837 2428/857/837
f 2481/858/903 2478/859/903 2431/860/903 2477/861/903
f 2480/862/904 2482/863/904 2433/864/904 2436/865/904
f 2483/866/905 2484/867/905 2432/846/905 2475/845/905
f 2485/868/906 2486/869/906 2430/870/906 2463/871/906
f 2424/872/839 2463/873/839 2430/874/839 2426/785/839
f 2459/875/907 2441/876/907 2440/877/907 2458/878/907
f 2484/867/906 2487/879/906 2462/880/906 2432/881/906
f 2438/882/906 2439/883/906 2440/884/906 2441/885/906
f 2478/859/904 2479/886/904 2437/887/904 2431/860/904
f 2434/888/904 2435/889/904 2465/890/904 2464/891/904
f 2427/853/837 2431/852/837 2437/892/837 2423/893/837
f 2457/894/908 2464/895/908 2465/896/908 2456/897/908
f 2493/898/901 2496/899/901 2494/900/901 2495/901/901
f 2491/902/901 2490/903/901 2492/904/901 2497/905/901
f 2497/905/901 2492/904/901 2496/899/901 2493/898/901
f 2482/863/905 2489/906/905 2474/907/905 2433/856/905
f 2450/908/905 2451/909/905 2452/910/905 2453/911/905
f 2486/869/903 2488/912/903 2476/913/903 2430/870/903
f 2446/914/903 2447/915/903 2448/916/903 2449/917/903
f 2426/918/852 2430/919/852 2476/920/852 2444/921/852
f 2469/922/909 2449/923/909 2448/924/909 2470/925/909
f 2428/857/838 2433/856/838 2474/907/838 2442/926/838
f 2467/927/910 2453/911/910 2452/910/910 2468/928/910
f 2435/889/911 2434/888/911 2479/886/911 2480/862/911
f 2457/894/912 2456/897/912 2422/854/912 2423/893/912
f 2459/875/913 2458/878/913 2424/872/913 2425/849/913
f 2439/883/914 2438/882/914 2487/879/914 2485/868/914
f 2441/876/915 2459/875/915 2425/849/915 2462/848/915
f 2458/878/916 2440/877/916 2463/873/916 2424/872/916
f 2438/882/917 2441/885/917 2462/880/917 2487/879/917
f 2440/884/918 2439/883/918 2485/868/918 2463/871/918
f 2434/888/919 2464/891/919 2437/887/919 2479/886/919
f 2465/890/920 2435/889/920 2480/862/920 2436/865/920
f 2464/895/921 2457/894/921 2423/893/921 2437/892/921
f 2456/897/922 2465/896/922 2436/855/922 2422/854/922
f 2467/927/923 2468/928/923 2443/844/923 2442/926/923
f 2469/922/924 2470/925/924 2445/850/924 2444/921/924
f 2447/915/925 2446/914/925 2488/912/925 2481/858/925
f 2451/909/926 2450/908/926 2489/906/926 2483/866/926
f 2450/908/927 2453/911/927 2474/907/927 2489/906/927
f 2452/910/928 2451/909/928 2483/866/928 2475/845/928
f 2446/914/929 2449/917/929 2476/913/929 2488/912/929
f 2448/916/930 2447/915/930 2481/858/930 2477/861/930
f 2449/923/931 2469/922/931 2444/921/931 2476/920/931
f 2470/925/932 2448/924/932 2477/851/932 2445/850/932
f 2453/911/933 2467/927/933 2442/926/933 2474/907/933
f 2468/928/934 2452/910/934 2475/845/934 2443/844/934
f 2443/844/902 2425/849/902 2444/921/902
f 2445/850/902 2427/853/902 2423/893/902
f 2422/854/902 2428/857/902 2442/926/902
f 2445/850/902 2423/893/902 2444/921/902
f 2423/893/902 2422/854/902 2444/921/902
f 2424/872/902 2426/918/902 2444/921/902
f 2422/854/902 2442/926/902 2443/844/902
f 2443/844/902 2429/847/902 2425/849/902
f 2425/849/902 2424/872/902 2444/921/902
f 2444/921/902 2422/854/902 2443/844/902
f 2471/929/901 2454/930/901 2479/886/901 2478/859/901
f 2454/930/901 2455/931/901 2480/862/901 2479/886/901
f 2471/929/901 2478/859/901 2481/932/901
f 2455/931/901 2472/933/901 2482/863/901 2480/862/901
f 2473/934/901 2484/867/901 2483/935/901
f 2461/936/901 2466/937/901 2486/869/901 2485/868/901
f 2473/934/901 2460/938/901 2487/879/901 2484/867/901
f 2460/938/901 2461/936/901 2485/868/901 2487/879/901
f 2466/939/901 2488/912/901 2486/869/901
f 2466/940/901 2471/941/901 2481/932/901 2488/942/901
f 2472/943/901 2489/906/901 2482/863/901
f 2472/944/901 2473/945/901 2483/935/901 2489/946/901
f 2492/947/935 2490/903/935 2454/930/935 2471/929/935
f 2490/903/936 2491/902/936 2455/931/936 2454/930/936
f 2491/902/937 2497/948/937 2472/933/937 2455/931/937
f 2494/900/938 2496/949/938 2466/937/938 2461/936/938
f 2493/950/939 2495/901/939 2460/938/939 2473/934/939
f 2495/901/940 2494/900/940 2461/936/940 2460/938/940
f 2496/899/941 2492/904/941 2471/941/941 2466/940/941
f 2497/905/942 2493/898/942 2473/945/942 2472/944/942
f 2498/905/943 2502/898/943 2522/945/943 2523/944/943
f 2499/899/944 2503/904/944 2524/941/944 2529/940/944
f 2500/901/945 2501/900/945 2534/936/945 2535/938/945
f 2502/950/946 2500/901/946 2535/938/946 2522/934/946
f 2501/900/947 2499/949/947 2529/937/947 2534/936/947
f 2504/902/948 2498/948/948 2523/933/948 2540/931/948
f 2505/903/949 2504/902/949 2540/931/949 2541/930/949
f 2503/947/950 2505/903/950 2541/930/950 2524/929/950
f 2523/944/902 2522/945/902 2512/935/902 2506/946/902
f 2523/943/902 2506/906/902 2513/863/902
f 2529/940/902 2524/941/902 2514/932/902 2507/942/902
f 2529/939/902 2507/912/902 2509/869/902
f 2535/938/902 2534/936/902 2510/868/902 2508/879/902
f 2522/934/902 2535/938/902 2508/879/902 2511/867/902
f 2534/936/902 2529/937/902 2509/869/902 2510/868/902
f 2522/934/902 2511/867/902 2512/935/902
f 2540/931/902 2523/933/902 2513/863/902 2515/862/902
f 2524/929/902 2517/859/902 2514/932/902
f 2541/930/902 2540/931/902 2515/862/902 2516/886/902
f 2524/929/902 2541/930/902 2516/886/902 2517/859/902
f 2551/921/901 2573/854/901 2552/844/901
f 2570/849/901 2571/872/901 2551/921/901
f 2552/844/901 2566/847/901 2570/849/901
f 2573/854/901 2553/926/901 2552/844/901
f 2571/872/901 2569/918/901 2551/921/901
f 2572/893/901 2573/854/901 2551/921/901
f 2550/850/901 2572/893/901 2551/921/901
f 2573/854/901 2567/857/901 2553/926/901
f 2550/850/901 2568/853/901 2572/893/901
f 2552/844/901 2570/849/901 2551/921/901
f 2527/928/951 2543/910/951 2520/845/951 2552/844/951
f 2542/911/952 2528/927/952 2553/926/952 2521/907/952
f 2525/925/953 2547/924/953 2518/851/953 2550/850/953
f 2546/923/954 2526/922/954 2551/921/954 2519/920/954
f 2547/916/955 2548/915/955 2514/858/955 2518/861/955
f 2549/914/956 2546/917/956 2519/913/956 2507/912/956
f 2543/910/957 2544/909/957 2512/866/957 2520/845/957
f 2545/908/958 2542/911/958 2521/907/958 2506/906/958
f 2544/909/959 2545/908/959 2506/906/959 2512/866/959
f 2548/915/960 2549/914/960 2507/912/960 2514/858/960
f 2526/922/961 2525/925/961 2550/850/961 2551/921/961
f 2528/927/962 2527/928/962 2552/844/962 2553/926/962
f 2539/897/963 2530/896/963 2559/855/963 2573/854/963
f 2531/895/964 2538/894/964 2572/893/964 2558/892/964
f 2530/890/965 2560/889/965 2515/862/965 2559/865/965
f 2561/888/966 2531/891/966 2558/887/966 2516/886/966
f 2555/884/967 2556/883/967 2510/868/967 2532/871/967
f 2557/882/968 2554/885/968 2533/880/968 2508/879/968
f 2537/878/969 2555/877/969 2532/873/969 2571/872/969
f 2554/876/970 2536/875/970 2570/849/970 2533/848/970
f 2556/883/971 2557/882/971 2508/879/971 2510/868/971
f 2536/875/972 2537/878/972 2571/872/972 2570/849/972
f 2538/894/973 2539/897/973 2573/854/973 2572/893/973
f 2560/889/974 2561/888/974 2516/886/974 2515/862/974
f 2528/927/975 2542/911/975 2543/910/975 2527/928/975
f 2567/857/852 2562/856/852 2521/907/852 2553/926/852
f 2526/922/976 2546/923/976 2547/924/976 2525/925/976
f 2569/918/838 2565/919/838 2519/920/838 2551/921/838
f 2549/914/977 2548/915/977 2547/916/977 2546/917/977
f 2509/869/977 2507/912/977 2519/913/977 2565/870/977
f 2545/908/978 2544/909/978 2543/910/978 2542/911/978
f 2513/863/978 2506/906/978 2521/907/978 2562/856/978
f 2498/905/902 2503/904/902 2499/899/902 2502/898/902
f 2504/902/902 2505/903/902 2503/904/902 2498/905/902
f 2502/898/902 2499/899/902 2501/900/902 2500/901/902
f 2538/894/979 2531/895/979 2530/896/979 2539/897/979
f 2568/853/837 2564/852/837 2558/892/837 2572/893/837
f 2561/888/980 2560/889/980 2530/890/980 2531/891/980
f 2517/859/980 2516/886/980 2558/887/980 2564/860/980
f 2557/882/981 2556/883/981 2555/884/981 2554/885/981
f 2511/867/981 2508/879/981 2533/880/981 2563/881/981
f 2536/875/982 2554/876/982 2555/877/982 2537/878/982
f 2571/872/839 2532/873/839 2565/874/839 2569/785/839
f 2510/868/981 2509/869/981 2565/870/981 2532/871/981
f 2512/866/978 2511/867/978 2563/846/978 2520/845/978
f 2515/862/980 2513/863/980 2562/864/980 2559/865/980
f 2514/858/977 2517/859/977 2564/860/977 2518/861/977
f 2573/854/837 2559/855/837 2562/856/837 2567/857/837
f 2550/850/838 2518/851/838 2564/852/838 2568/853/838
f 2566/847/839 2563/846/839 2533/848/839 2570/849/839
f 2552/844/852 2520/845/852 2563/846/852 2566/847/852
o FuseBox00
v 1.809785 0.660627 0.856386
v 1.803814 0.820196 0.927647
v 1.876950 0.622690 0.851059
v 1.876950 0.877087 0.851059
v 1.809785 0.660627 0.978882
v 1.803814 0.820196 0.973986
v 1.876950 0.622690 0.984209
v 1.876950 0.877087 0.984209
v 1.841804 0.617935 0.856386
v 1.849045 0.879852 0.848504
v 1.841804 0.617935 0.978882
v 1.849045 0.879852 0.986764
v 1.850681 0.619925 0.848504
v 1.803814 0.707234 0.927647
v 1.803814 0.707234 0.973986
v 1.850681 0.619925 0.986764
v 1.841804 0.666933 0.856386
v 1.809785 0.666933 0.856386
v 1.809785 0.666933 0.978882
v 1.841804 0.666933 0.978882
v 1.816116 0.670620 0.851059
v 1.816116 0.854577 0.851059
v 1.816116 0.854577 0.984209
v 1.816116 0.670620 0.984209
v 1.803814 0.703799 0.924212
v 1.803814 0.823630 0.924212
v 1.803814 0.823630 0.977420
v 1.803814 0.703799 0.977420
v 1.832707 0.708282 0.928695
v 1.832707 0.819148 0.928695
v 1.832707 0.819148 0.972938
v 1.832707 0.708282 0.972938
v 1.805055 0.702751 0.923164
v 1.805055 0.824678 0.923164
v 1.805055 0.824678 0.978468
v 1.805055 0.702751 0.978468
v 1.805055 0.708282 0.928695
v 1.805055 0.819148 0.928695
v 1.805055 0.819148 0.972938
v 1.805055 0.708282 0.972938
v 1.888011 0.540447 0.988863
v 1.805055 0.798808 0.924212
v 1.805055 0.816493 0.924212
v 1.805055 0.798808 0.882803
v 1.805055 0.816493 0.882803
v 1.805055 0.807651 0.873940
v 1.805055 0.812060 0.875165
v 1.805055 0.803241 0.875165
v 1.805055 0.799912 0.878167
v 1.804367 0.799958 0.924212
v 1.805055 0.815389 0.878167
v 1.804367 0.815344 0.924212
v 1.804367 0.799958 0.883205
v 1.804367 0.815344 0.883205
v 1.804367 0.800918 0.878908
v 1.804367 0.803814 0.876126
v 1.804367 0.807651 0.874990
v 1.804367 0.811487 0.876126
v 1.804367 0.814383 0.878908
v 1.804367 0.812553 0.883205
v 1.804367 0.811897 0.880754
v 1.804367 0.810102 0.878959
v 1.804367 0.807651 0.878302
v 1.804367 0.805199 0.878959
v 1.804367 0.803405 0.880754
v 1.804367 0.802748 0.883205
v 1.804367 0.803405 0.885656
v 1.804367 0.805199 0.887451
v 1.804367 0.807651 0.888108
v 1.804367 0.810102 0.887451
v 1.804367 0.811897 0.885656
v 1.802445 0.807651 0.883205
v 1.803141 0.810992 0.881276
v 1.803141 0.811509 0.883205
v 1.803141 0.809580 0.879863
v 1.803141 0.807651 0.879346
v 1.803141 0.805721 0.879863
v 1.803141 0.804309 0.881276
v 1.803141 0.803792 0.883205
v 1.803141 0.804309 0.885134
v 1.803141 0.805721 0.886546
v 1.803141 0.807651 0.887063
v 1.803141 0.809580 0.886546
v 1.803141 0.810992 0.885134
v 1.802611 0.809315 0.882244
v 1.802611 0.809573 0.883205
v 1.802611 0.808612 0.881540
v 1.802611 0.807651 0.881283
v 1.802611 0.806690 0.881540
v 1.802611 0.805986 0.882244
v 1.802611 0.805728 0.883205
v 1.802611 0.805986 0.884166
v 1.802611 0.806690 0.884870
v 1.802611 0.807651 0.885127
v 1.802611 0.808612 0.884870
v 1.802611 0.809315 0.884166
v 1.805055 0.771156 0.924212
v 1.805055 0.788841 0.924212
v 1.805055 0.771156 0.882803
v 1.805055 0.788841 0.882803
v 1.805055 0.779999 0.873940
v 1.805055 0.784409 0.875165
v 1.805055 0.775589 0.875165
v 1.805055 0.772260 0.878167
v 1.804367 0.772306 0.924212
v 1.805055 0.787737 0.878167
v 1.804367 0.787692 0.924212
v 1.804367 0.772306 0.883205
v 1.804367 0.787692 0.883205
v 1.804367 0.773266 0.878908
v 1.804367 0.776162 0.876126
v 1.804367 0.779999 0.874990
v 1.804367 0.783835 0.876126
v 1.804367 0.786731 0.878908
v 1.804367 0.784901 0.883205
v 1.804367 0.784245 0.880754
v 1.804367 0.782450 0.878959
v 1.804367 0.779999 0.878302
v 1.804367 0.777547 0.878959
v 1.804367 0.775753 0.880754
v 1.804367 0.775096 0.883205
v 1.804367 0.775753 0.885656
v 1.804367 0.777547 0.887451
v 1.804367 0.779999 0.888108
v 1.804367 0.782450 0.887451
v 1.804367 0.784245 0.885656
v 1.802445 0.779999 0.883205
v 1.803141 0.783340 0.881276
v 1.803141 0.783857 0.883205
v 1.803141 0.781928 0.879863
v 1.803141 0.779999 0.879346
v 1.803141 0.778070 0.879863
v 1.803141 0.776657 0.881276
v 1.803141 0.776140 0.883205
v 1.803141 0.776657 0.885134
v 1.803141 0.778070 0.886546
v 1.803141 0.779999 0.887063
v 1.803141 0.781928 0.886546
v 1.803141 0.783340 0.885134
v 1.802611 0.781664 0.882244
v 1.802611 0.781921 0.883205
v 1.802611 0.780960 0.881540
v 1.802611 0.779999 0.881283
v 1.802611 0.779038 0.881540
v 1.802611 0.778334 0.882244
v 1.802611 0.778077 0.883205
v 1.802611 0.778334 0.884166
v 1.802611 0.779038 0.884870
v 1.802611 0.779999 0.885127
v 1.802611 0.780960 0.884870
v 1.802611 0.781664 0.884166
v 1.805055 0.743504 0.924212
v 1.805055 0.761190 0.924212
v 1.805055 0.743504 0.882803
v 1.805055 0.761190 0.882803
v 1.805055 0.752347 0.873940
v 1.805055 0.756757 0.875165
v 1.805055 0.747937 0.875165
v 1.805055 0.744609 0.878167
v 1.804367 0.744654 0.924212
v 1.805055 0.760085 0.878167
v 1.804367 0.760040 0.924212
v 1.804367 0.744654 0.883205
v 1.804367 0.760040 0.883205
v 1.804367 0.745615 0.878908
v 1.804367 0.748510 0.876126
v 1.804367 0.752347 0.874990
v 1.804367 0.756183 0.876126
v 1.804367 0.759079 0.878908
v 1.804367 0.757250 0.883205
v 1.804367 0.756593 0.880754
v 1.804367 0.754798 0.878959
v 1.804367 0.752347 0.878302
v 1.804367 0.749896 0.878959
v 1.804367 0.748101 0.880754
v 1.804367 0.747444 0.883205
v 1.804367 0.748101 0.885656
v 1.804367 0.749896 0.887451
v 1.804367 0.752347 0.888108
v 1.804367 0.754798 0.887451
v 1.804367 0.756593 0.885656
v 1.802445 0.752347 0.883205
v 1.803141 0.755688 0.881276
v 1.803141 0.756205 0.883205
v 1.803141 0.754276 0.879863
v 1.803141 0.752347 0.879346
v 1.803141 0.750418 0.879863
v 1.803141 0.749005 0.881276
v 1.803141 0.748488 0.883205
v 1.803141 0.749005 0.885134
v 1.803141 0.750418 0.886546
v 1.803141 0.752347 0.887063
v 1.803141 0.754276 0.886546
v 1.803141 0.755688 0.885134
v 1.802611 0.754012 0.882244
v 1.802611 0.754269 0.883205
v 1.802611 0.753308 0.881540
v 1.802611 0.752347 0.881283
v 1.802611 0.751386 0.881540
v 1.802611 0.750682 0.882244
v 1.802611 0.750425 0.883205
v 1.802611 0.750682 0.884166
v 1.802611 0.751386 0.884870
v 1.802611 0.752347 0.885127
v 1.802611 0.753308 0.884870
v 1.802611 0.754012 0.884166
v 1.888011 0.888148 0.861254
v 1.888011 0.888148 0.877759
v 1.846533 0.888148 0.861254
v 1.846533 0.888148 0.877759
v 1.818267 0.869303 0.861254
v 1.818267 0.869303 0.877759
v 1.846533 0.896800 0.863578
v 1.888011 0.896800 0.863578
v 1.888011 0.896800 0.875436
v 1.846533 0.896800 0.875436
v 1.818267 0.873241 0.876702
v 1.818267 0.873241 0.862311
v 1.888011 0.888148 0.974014
v 1.888011 0.888148 0.957509
v 1.846533 0.888148 0.974014
v 1.846533 0.888148 0.957509
v 1.818267 0.869303 0.974014
v 1.818267 0.869303 0.957509
v 1.846533 0.896800 0.971690
v 1.888011 0.896800 0.971690
v 1.888011 0.896800 0.959832
v 1.846533 0.896800 0.959832
v 1.818267 0.873241 0.958566
v 1.818267 0.873241 0.972957
v 1.888011 0.534425 0.983122
v 1.888011 0.534425 0.852146
v 1.888011 0.540447 0.846405
v 1.879636 0.541673 0.848504
v 1.879636 0.539694 0.855564
v 1.879635 0.539694 0.979704
v 1.879635 0.541673 0.986764
v 1.879636 0.572008 0.848504
v 1.879636 0.573987 0.855564
v 1.879635 0.573987 0.979704
v 1.879635 0.572008 0.986764
v 1.888011 0.573234 0.846405
v 1.888011 0.579256 0.852146
v 1.888011 0.579256 0.983122
v 1.888011 0.573234 0.988863
v 1.879636 0.570520 0.852097
v 1.879636 0.543161 0.852097
v 1.879636 0.536102 0.854076
v 1.879635 0.536102 0.981192
v 1.879635 0.543161 0.983171
v 1.879635 0.570520 0.983171
v 1.879635 0.577579 0.981192
v 1.879636 0.577579 0.854076
v 1.819432 0.813617 0.956394
v 1.813854 0.813617 0.958705
v 1.808277 0.813617 0.956394
v 1.805966 0.813617 0.950816
v 1.808277 0.813617 0.945238
v 1.813854 0.813617 0.942928
v 1.819432 0.813617 0.945238
v 1.821743 0.813617 0.950816
v 1.830589 0.727638 0.950816
v 1.825687 0.727638 0.938983
v 1.813854 0.727638 0.934082
v 1.802022 0.727638 0.938983
v 1.797120 0.727638 0.950816
v 1.802022 0.727638 0.962649
v 1.813854 0.727638 0.967551
v 1.825687 0.727638 0.962649
v 1.819432 0.713812 0.956394
v 1.813854 0.713812 0.958705
v 1.808277 0.713812 0.956394
v 1.805966 0.713812 0.950816
v 1.808277 0.713812 0.945238
v 1.813854 0.713812 0.942928
v 1.819432 0.713812 0.945238
v 1.821743 0.713812 0.950816
v 1.797120 0.799791 0.950816
v 1.802022 0.799791 0.962649
v 1.813854 0.799791 0.934082
v 1.802022 0.799791 0.938983
v 1.830589 0.799791 0.950816
v 1.825687 0.799791 0.938983
v 1.825687 0.799791 0.962649
v 1.813854 0.799791 0.967551
v 1.827195 0.713812 0.950816
v 1.830589 0.716948 0.950816
v 1.825687 0.716948 0.938983
v 1.823287 0.713812 0.941383
v 1.813854 0.716948 0.934082
v 1.813854 0.713812 0.937476
v 1.802022 0.716948 0.938983
v 1.804422 0.713812 0.941383
v 1.797120 0.716948 0.950816
v 1.800514 0.713812 0.950816
v 1.802022 0.716948 0.962649
v 1.804422 0.713812 0.960249
v 1.813854 0.716948 0.967551
v 1.813854 0.713812 0.964156
v 1.825687 0.716948 0.962649
v 1.823287 0.713812 0.960249
v 1.830589 0.810481 0.950816
v 1.827195 0.813617 0.950816
v 1.823287 0.813617 0.941383
v 1.825687 0.810481 0.938983
v 1.813854 0.813617 0.937476
v 1.813854 0.810481 0.934082
v 1.804422 0.813617 0.941383
v 1.802022 0.810481 0.938983
v 1.800514 0.813617 0.950816
v 1.797120 0.810481 0.950816
v 1.804422 0.813617 0.960249
v 1.802022 0.810481 0.962649
v 1.813854 0.813617 0.964156
v 1.813854 0.810481 0.967551
v 1.823287 0.813617 0.960249
v 1.825687 0.810481 0.962649
v 1.819432 0.819148 0.956394
v 1.821743 0.819148 0.950816
v 1.805966 0.819148 0.950816
v 1.808277 0.819148 0.956394
v 1.813854 0.819148 0.942928
v 1.808277 0.819148 0.945238
v 1.819432 0.819148 0.945238
v 1.819432 0.708282 0.956394
v 1.813854 0.708282 0.958705
v 1.808277 0.708282 0.956394
v 1.805966 0.708282 0.950816
v 1.808277 0.708282 0.945238
v 1.813854 0.708282 0.942928
v 1.813854 0.819148 0.958705
v 1.819432 0.708282 0.945238
v 1.821743 0.708282 0.950816
v 1.846533 0.611629 0.848504
v 1.805055 0.666933 0.848504
v 1.805055 0.860496 0.848504
v 1.846533 0.888148 0.848504
v 1.888011 0.888148 0.848504
v 1.888011 0.611629 0.848504
v 1.888011 0.888148 0.986764
v 1.888011 0.611629 0.986764
v 1.846533 0.611629 0.986764
v 1.846533 0.888148 0.986764
v 1.805055 0.860496 0.986764
v 1.805055 0.666933 0.986764
v 1.852064 0.622690 0.851059
v 1.813351 0.669698 0.848504
v 1.813351 0.856057 0.848504
v 1.849882 0.877087 0.851059
v 1.879716 0.879852 0.848504
v 1.879716 0.619925 0.848504
v 1.879716 0.879852 0.986764
v 1.879716 0.619925 0.986764
v 1.852064 0.622690 0.984209
v 1.849882 0.877087 0.984209
v 1.813351 0.856057 0.986764
v 1.813351 0.669698 0.986764
v 1.802022 0.763715 0.962649
v 1.802022 0.763715 0.938983
v 1.825687 0.763715 0.938983
v 1.813854 0.763715 0.967551
v 1.797120 0.763715 0.950816
v 1.813854 0.763715 0.934082
v 1.830589 0.763715 0.950816
v 1.825687 0.763715 0.962649
v 1.888011 0.561115 0.887703
v 1.888011 0.561115 0.882172
v 1.888011 0.556326 0.879407
v 1.888011 0.551536 0.882172
v 1.888011 0.551536 0.887703
v 1.888011 0.556326 0.890468
v 1.877480 0.561441 0.887703
v 1.877480 0.561441 0.882172
v 1.877149 0.556663 0.879407
v 1.876817 0.551885 0.882172
v 1.876817 0.551885 0.887703
v 1.877149 0.556663 0.890468
v 1.868224 0.562437 0.887703
v 1.868224 0.562437 0.882172
v 1.867472 0.557707 0.879407
v 1.866720 0.552977 0.882172
v 1.866720 0.552977 0.887703
v 1.867472 0.557707 0.890468
v 1.860222 0.564120 0.887703
v 1.860222 0.564120 0.882172
v 1.858934 0.559507 0.879407
v 1.857645 0.554894 0.882172
v 1.857645 0.554894 0.887703
v 1.858934 0.559507 0.890468
v 1.853427 0.566494 0.887703
v 1.853427 0.566494 0.882172
v 1.851489 0.562115 0.879407
v 1.849551 0.557735 0.882172
v 1.849551 0.557735 0.887703
v 1.851489 0.562115 0.890468
v 1.847751 0.569562 0.887703
v 1.847751 0.569562 0.882172
v 1.845092 0.565578 0.879407
v 1.842434 0.561594 0.882172
v 1.842434 0.561594 0.887703
v 1.845092 0.565578 0.890468
v 1.843060 0.573358 0.887703
v 1.843060 0.573358 0.882172
v 1.839697 0.569948 0.879407
v 1.836335 0.566537 0.882172
v 1.836335 0.566537 0.887703
v 1.839697 0.569948 0.890468
v 1.839206 0.577984 0.887703
v 1.839206 0.577984 0.882172
v 1.835258 0.575273 0.879407
v 1.831310 0.572562 0.882172
v 1.831310 0.572562 0.887703
v 1.835258 0.575273 0.890468
v 1.836087 0.583590 0.887703
v 1.836087 0.583590 0.882172
v 1.831729 0.581605 0.879407
v 1.827370 0.579619 0.882172
v 1.827370 0.579619 0.887703
v 1.831729 0.581605 0.890468
v 1.833666 0.590316 0.887703
v 1.833666 0.590316 0.882172
v 1.829064 0.588991 0.879407
v 1.824461 0.587667 0.882172
v 1.824461 0.587667 0.887703
v 1.829064 0.588991 0.890468
v 1.831943 0.598258 0.887703
v 1.831943 0.598258 0.882172
v 1.827217 0.597483 0.879407
v 1.822491 0.596708 0.882172
v 1.822491 0.596708 0.887703
v 1.827217 0.597483 0.890468
v 1.830920 0.607472 0.887703
v 1.830920 0.607472 0.882172
v 1.826142 0.607130 0.879407
v 1.821365 0.606787 0.882172
v 1.821365 0.606787 0.887703
v 1.826142 0.607130 0.890468
v 1.830583 0.618058 0.887703
v 1.830583 0.618058 0.882172
v 1.825794 0.617981 0.879407
v 1.821006 0.617904 0.882172
v 1.821006 0.617904 0.887703
v 1.825794 0.617981 0.890468
v 1.830584 0.666933 0.887703
v 1.830584 0.666933 0.882172
v 1.825794 0.666933 0.879407
v 1.821005 0.666933 0.882172
v 1.821005 0.666933 0.887703
v 1.825794 0.666933 0.890468
v 1.888011 0.561115 0.920885
v 1.888011 0.561115 0.915354
v 1.888011 0.556326 0.912589
v 1.888011 0.551536 0.915354
v 1.888011 0.551536 0.920885
v 1.888011 0.556326 0.923650
v 1.877480 0.561441 0.920885
v 1.877480 0.561441 0.915354
v 1.877149 0.556663 0.912589
v 1.876817 0.551885 0.915354
v 1.876817 0.551885 0.920885
v 1.877149 0.556663 0.923650
v 1.868224 0.562437 0.920885
v 1.868224 0.562437 0.915354
v 1.867472 0.557707 0.912589
v 1.866720 0.552977 0.915354
v 1.866720 0.552977 0.920885
v 1.867472 0.557707 0.923650
v 1.860222 0.564120 0.920885
v 1.860222 0.564120 0.915354
v 1.858934 0.559507 0.912589
v 1.857645 0.554894 0.915354
v 1.857645 0.554894 0.920885
v 1.858934 0.559507 0.923650
v 1.853427 0.566494 0.920885
v 1.853427 0.566494 0.915354
v 1.851489 0.562115 0.912589
v 1.849551 0.557735 0.915354
v 1.849551 0.557735 0.920885
v 1.851489 0.562115 0.923650
v 1.847751 0.569562 0.920885
v 1.847751 0.569562 0.915354
v 1.845092 0.565578 0.912589
v 1.842434 0.561594 0.915354
v 1.842434 0.561594 0.920885
v 1.845092 0.565578 0.923650
v 1.843060 0.573358 0.920885
v 1.843060 0.573358 0.915354
v 1.839697 0.569948 0.912589
v 1.836335 0.566537 0.915354
v 1.836335 0.566537 0.920885
v 1.839697 0.569948 0.923650
v 1.839206 0.577984 0.920885
v 1.839206 0.577984 0.915354
v 1.835258 0.575273 0.912589
v 1.831310 0.572562 0.915354
v 1.831310 0.572562 0.920885
v 1.835258 0.575273 0.923650
v 1.836087 0.583590 0.920885
v 1.836087 0.583590 0.915354
v 1.831729 0.581605 0.912589
v 1.827370 0.579619 0.915354
v 1.827370 0.579619 0.920885
v 1.831729 0.581605 0.923650
v 1.833666 0.590316 0.920885
v 1.833666 0.590316 0.915354
v 1.829064 0.588991 0.912589
v 1.824461 0.587667 0.915354
v 1.824461 0.587667 0.920885
v 1.829064 0.588991 0.923650
v 1.831943 0.598258 0.920885
v 1.831943 0.598258 0.915354
v 1.827217 0.597483 0.912589
v 1.822491 0.596708 0.915354
v 1.822491 0.596708 0.920885
v 1.827217 0.597483 0.923650
v 1.830920 0.607472 0.920885
v 1.830920 0.607472 0.915354
v 1.826142 0.607130 0.912589
v 1.821365 0.606787 0.915354
v 1.821365 0.606787 0.920885
v 1.826142 0.607130 0.923650
v 1.830583 0.618058 0.920885
v 1.830583 0.618058 0.915354
v 1.825794 0.617981 0.912589
v 1.821006 0.617904 0.915354
v 1.821006 0.617904 0.920885
v 1.825794 0.617981 0.923650
v 1.830584 0.666933 0.920885
v 1.830584 0.666933 0.915354
v 1.825794 0.666933 0.912589
v 1.821005 0.666933 0.915354
v 1.821005 0.666933 0.920885
v 1.825794 0.666933 0.923650
v 1.888011 0.561115 0.954067
v 1.888011 0.561115 0.948537
v 1.888011 0.556326 0.945771
v 1.888011 0.551536 0.948537
v 1.888011 0.551536 0.954067
v 1.888011 0.556326 0.956832
v 1.877480 0.561441 0.954067
v 1.877480 0.561441 0.948537
v 1.877149 0.556663 0.945771
v 1.876817 0.551885 0.948537
v 1.876817 0.551885 0.954067
v 1.877149 0.556663 0.956832
v 1.868224 0.562437 0.954067
v 1.868224 0.562437 0.948537
v 1.867472 0.557707 0.945771
v 1.866720 0.552977 0.948537
v 1.866720 0.552977 0.954067
v 1.867472 0.557707 0.956832
v 1.860222 0.564120 0.954067
v 1.860222 0.564120 0.948537
v 1.858934 0.559507 0.945771
v 1.857645 0.554894 0.948537
v 1.857645 0.554894 0.954067
v 1.858934 0.559507 0.956832
v 1.853427 0.566494 0.954067
v 1.853427 0.566494 0.948537
v 1.851489 0.562115 0.945771
v 1.849551 0.557735 0.948537
v 1.849551 0.557735 0.954067
v 1.851489 0.562115 0.956832
v 1.847751 0.569562 0.954067
v 1.847751 0.569562 0.948537
v 1.845092 0.565578 0.945771
v 1.842434 0.561594 0.948537
v 1.842434 0.561594 0.954067
v 1.845092 0.565578 0.956832
v 1.843060 0.573358 0.954067
v 1.843060 0.573358 0.948537
v 1.839697 0.569948 0.945771
v 1.836335 0.566537 0.948537
v 1.836335 0.566537 0.954067
v 1.839697 0.569948 0.956832
v 1.839206 0.577984 0.954067
v 1.839206 0.577984 0.948537
v 1.835258 0.575273 0.945771
v 1.831310 0.572562 0.948537
v 1.831310 0.572562 0.954067
v 1.835258 0.575273 0.956832
v 1.836087 0.583590 0.954067
v 1.836087 0.583590 0.948537
v 1.831729 0.581605 0.945771
v 1.827370 0.579619 0.948537
v 1.827370 0.579619 0.954067
v 1.831729 0.581605 0.956832
v 1.833666 0.590316 0.954067
v 1.833666 0.590316 0.948537
v 1.829064 0.588991 0.945771
v 1.824461 0.587667 0.948537
v 1.824461 0.587667 0.954067
v 1.829064 0.588991 0.956832
v 1.831943 0.598258 0.954067
v 1.831943 0.598258 0.948537
v 1.827217 0.597483 0.945771
v 1.822491 0.596708 0.948537
v 1.822491 0.596708 0.954067
v 1.827217 0.597483 0.956832
v 1.830920 0.607472 0.954067
v 1.830920 0.607472 0.948537
v 1.826142 0.607130 0.945771
v 1.821365 0.606787 0.948537
v 1.821365 0.606787 0.954067
v 1.826142 0.607130 0.956832
v 1.830583 0.618058 0.954067
v 1.830583 0.618058 0.948537
v 1.825794 0.617981 0.945771
v 1.821006 0.617904 0.948537
v 1.821006 0.617904 0.954067
v 1.825794 0.617981 0.956832
v 1.830584 0.666933 0.954067
v 1.830584 0.666933 0.948537
v 1.825794 0.666933 0.945771
v 1.821005 0.666933 0.948537
v 1.821005 0.666933 0.954067
v 1.825794 0.666933 0.956832
vn -0.0000 -0.0000 -1.0000
vn 1.0000 -0.0000 -0.0000
vn -0.0000 -0.0000 1.0000
vn -0.0000 -1.0000 -0.0000
vn -1.0000 -0.0000 -0.0000
vn -0.5547 0.8321 -0.0000
vn -0.0000 1.0000 -0.0000
vn -0.8000 -0.6000 -0.0000
vn -0.6450 -0.0000 -0.7642
vn -0.6450 -0.0000 0.7642
vn -0.6450 -0.7642 -0.0000
vn -0.6450 0.7642 -0.0000
vn -0.8601 -0.3472 -0.3736
vn -0.8353 -0.1513 -0.5286
vn -0.8353 0.1513 -0.5286
vn -0.8579 0.5138 -0.0000
vn -0.8635 0.4914 -0.1136
vn -0.8635 -0.4914 -0.1136
vn -0.8579 -0.5138 -0.0000
vn -0.8601 0.3472 -0.3736
vn -0.6354 0.7458 -0.1998
vn -0.6354 0.5460 -0.5460
vn -0.6354 0.1998 -0.7458
vn -0.6354 -0.1999 -0.7458
vn -0.6354 -0.5460 -0.5460
vn -0.6354 -0.7458 -0.1998
vn -0.6354 -0.7458 0.1998
vn -0.6354 -0.5460 0.5460
vn -0.6354 -0.1998 0.7458
vn -0.6354 0.1998 0.7458
vn -0.6354 0.5460 0.5460
vn -0.6354 0.7458 0.1998
vn -0.9621 0.2633 0.0706
vn -0.9621 0.1928 0.1928
vn -0.9621 0.0706 0.2633
vn -0.9621 -0.0706 0.2633
vn -0.9621 -0.1928 0.1928
vn -0.9621 -0.2633 0.0706
vn -0.9621 -0.2633 -0.0706
vn -0.9621 -0.1928 -0.1928
vn -0.9621 -0.0706 -0.2633
vn -0.9621 0.0706 -0.2633
vn -0.9621 0.1928 -0.1928
vn -0.9621 0.2633 -0.0706
vn -0.9960 0.0864 -0.0231
vn -0.9960 0.0632 -0.0632
vn -0.9960 0.0231 -0.0864
vn -0.9960 -0.0231 -0.0864
vn -0.9960 -0.0632 -0.0632
vn -0.9960 -0.0864 -0.0231
vn -0.9960 -0.0864 0.0231
vn -0.9960 -0.0632 0.0632
vn -0.9960 -0.0231 0.0864
vn -0.9960 0.0231 0.0864
vn -0.9960 0.0632 0.0632
vn -0.9960 0.0864 0.0231
vn -0.6354 -0.1998 -0.7458
vn -0.6403 0.7682 -0.0000
vn -0.1704 0.2555 -0.9517
vn -0.1704 0.2555 0.9517
vn -0.0000 0.2593 -0.9658
vn -0.0000 0.2593 0.9658
vn -0.1963 0.9805 -0.0000
vn -0.2431 -0.0000 0.9700
vn -0.1963 -0.9805 -0.0000
vn -0.2431 -0.0000 -0.9700
vn -0.2813 0.6702 -0.6868
vn -0.2813 0.6702 0.6868
vn -0.2813 -0.6702 0.6868
vn -0.2813 -0.6702 -0.6868
vn -0.3827 -0.0000 -0.9239
vn -0.3827 -0.0000 0.9239
vn -0.9239 -0.0000 -0.3827
vn 0.3827 -0.0000 -0.9239
vn 0.9239 -0.0000 -0.3827
vn 0.3827 -0.0000 0.9239
vn -0.9239 -0.0000 0.3827
vn 0.9239 -0.0000 0.3827
vn 0.6533 -0.7071 -0.2706
vn 0.2706 -0.7071 -0.6533
vn -0.2706 -0.7071 -0.6533
vn -0.6533 -0.7071 -0.2706
vn -0.6533 -0.7071 0.2706
vn -0.2706 -0.7071 0.6533
vn 0.2706 -0.7071 0.6533
vn 0.6533 -0.7071 0.2706
vn 0.6533 0.7071 -0.2706
vn 0.2706 0.7071 -0.6533
vn -0.2706 0.7071 -0.6533
vn -0.6533 0.7071 -0.2706
vn -0.6533 0.7071 0.2706
vn -0.2706 0.7071 0.6533
vn 0.2706 0.7071 0.6533
vn 0.6533 0.7071 0.2706
vn 0.5429 0.4072 -0.7345
vn 0.6787 -0.0000 -0.7345
vn -0.0000 -0.6787 -0.7345
vn -0.6787 -0.0000 -0.7345
vn -0.6787 -0.0000 0.7345
vn -0.0000 0.6787 0.7345
vn 0.3765 -0.5647 0.7345
vn 0.6787 -0.0000 0.7345
vn -0.0000 0.6787 -0.7345
vn 0.3765 -0.5647 -0.7345
vn 0.5429 0.4072 0.7345
vn -0.0000 -0.6787 0.7345
vn 0.0267 0.8632 0.5041
vn 0.0596 0.8609 0.5053
vn -0.0009 -0.0121 0.9999
vn -0.0003 -0.0099 1.0000
vn 0.0267 0.8632 -0.5041
vn 0.0596 0.8609 -0.5053
vn -0.0003 -0.0099 -1.0000
vn -0.0009 -0.0121 -0.9999
vn -0.0270 -0.8682 -0.4956
vn -0.0602 -0.8669 -0.4948
vn -0.0270 -0.8682 0.4956
vn -0.0602 -0.8669 0.4948
vn 0.1351 0.8513 0.5070
vn -0.0026 -0.0157 0.9999
vn 0.1351 0.8513 -0.5070
vn -0.0026 -0.0157 -0.9999
vn -0.1368 -0.8591 -0.4932
vn -0.1368 -0.8591 0.4932
vn 0.2311 0.8291 0.5091
vn -0.0057 -0.0197 0.9998
vn 0.2311 0.8291 -0.5091
vn -0.0057 -0.0197 -0.9998
vn -0.2347 -0.8388 -0.4913
vn -0.2347 -0.8388 0.4913
vn 0.3473 0.7861 0.5113
vn -0.0104 -0.0231 0.9997
vn 0.3473 0.7861 -0.5113
vn -0.0104 -0.0231 -0.9997
vn -0.3533 -0.7973 -0.4893
vn -0.3533 -0.7973 0.4893
vn 0.4761 0.7141 0.5132
vn -0.0164 -0.0243 0.9996
vn 0.4761 0.7141 -0.5132
vn -0.0164 -0.0243 -0.9996
vn -0.4849 -0.7259 -0.4878
vn -0.4849 -0.7259 0.4878
vn 0.6022 0.6108 0.5140
vn -0.0218 -0.0221 0.9995
vn 0.6022 0.6108 -0.5140
vn -0.0218 -0.0221 -0.9995
vn -0.6132 -0.6219 -0.4871
vn -0.6132 -0.6219 0.4871
vn 0.7077 0.4855 0.5133
vn -0.0243 -0.0169 0.9996
vn 0.7077 0.4855 -0.5133
vn -0.0243 -0.0169 -0.9996
vn -0.7195 -0.4945 -0.4876
vn -0.7195 -0.4945 0.4876
vn 0.7822 0.3557 0.5115
vn -0.0234 -0.0109 0.9997
vn 0.7822 0.3557 -0.5115
vn -0.0234 -0.0109 -0.9997
vn -0.7935 -0.3620 -0.4892
vn -0.7935 -0.3620 0.4892
vn 0.8272 0.2376 0.5093
vn -0.0201 -0.0060 0.9998
vn 0.8272 0.2376 -0.5093
vn -0.0201 -0.0060 -0.9998
vn -0.8370 -0.2413 -0.4911
vn -0.8370 -0.2413 0.4911
vn 0.8505 0.1392 0.5072
vn -0.0162 -0.0028 0.9999
vn 0.8505 0.1392 -0.5072
vn -0.0162 -0.0028 -0.9999
vn -0.8585 -0.1410 -0.4930
vn -0.8585 -0.1410 0.4930
vn 0.8606 0.0614 0.5055
vn -0.0125 -0.0010 0.9999
vn 0.8606 0.0614 -0.5055
vn -0.0125 -0.0010 -0.9999
vn -0.8669 -0.0623 -0.4947
vn -0.8669 -0.0623 0.4947
vn 0.8647 0.0138 0.5022
vn -0.0051 -0.0001 1.0000
vn 0.8647 0.0138 -0.5022
vn -0.0051 -0.0001 -1.0000
vn -0.8672 -0.0140 -0.4978
vn -0.8672 -0.0140 0.4978
vn 0.8660 -0.0000 0.5000
vn 0.8660 -0.0000 -0.5000
vn -0.8660 -0.0000 -0.5000
vn -0.8660 -0.0000 0.5000
vt 0.384990 0.141667
vt 0.613481 0.135093
vt 0.614898 0.216667
vt 0.384996 0.216667
vt 0.375000 0.250000
vt 0.625000 0.250000
vt 0.625000 0.500000
vt 0.375000 0.500000
vt 0.391016 0.608333
vt 0.615042 0.614907
vt 0.611142 0.716667
vt 0.393431 0.716667
vt 0.603918 0.787000
vt 0.603918 0.963000
vt 0.139252 0.639252
vt 0.360748 0.639252
vt 0.625000 0.625000
vt 0.875000 0.625000
vt 0.875000 0.750000
vt 0.625000 0.750000
vt 0.875000 0.500000
vt 0.125000 0.500000
vt 0.375000 0.625000
vt 0.125000 0.625000
vt 0.385420 0.533333
vt 0.615015 0.533333
vt 0.393132 0.033333
vt 0.611029 0.033333
vt 0.139252 0.735748
vt 0.125000 0.750000
vt 0.360748 0.735748
vt 0.375000 0.750000
vt 0.385714 0.985000
vt 0.614286 0.985000
vt 0.625000 1.000000
vt 0.375000 1.000000
vt 0.614286 0.765000
vt 0.385714 0.765000
vt 0.394118 0.967168
vt 0.605883 0.967168
vt 0.612321 0.980832
vt 0.387679 0.980832
vt 0.605882 0.782832
vt 0.394118 0.782832
vt 0.387679 0.769168
vt 0.612321 0.769168
vt 0.396082 0.787000
vt 0.396082 0.963000
vt 0.000000 0.000000
vt 0.625000 0.710187
vt 0.875000 0.710187
vt 0.875000 0.710187
vt 0.625000 0.710187
vt 0.131496 0.521275
vt 0.137765 0.510827
vt 0.362235 0.510827
vt 0.368504 0.521275
vt 0.131496 0.603725
vt 0.368504 0.603725
vt 0.362235 0.614173
vt 0.137765 0.614173
vt 0.364926 0.625000
vt 0.135074 0.625000
vt 0.375000 0.516791
vt 0.375000 0.608209
vt 0.135074 0.500000
vt 0.364926 0.500000
vt 0.125000 0.608209
vt 0.125000 0.516791
vt 0.388998 0.025000
vt 0.382500 0.137500
vt 0.375000 0.125000
vt 0.375000 0.000000
vt 0.614341 0.025000
vt 0.625000 0.000000
vt 0.617500 0.225000
vt 0.616332 0.132569
vt 0.625000 0.125000
vt 0.382500 0.225000
vt 0.617500 0.525000
vt 0.382500 0.525000
vt 0.387072 0.612500
vt 0.614341 0.725000
vt 0.617500 0.617431
vt 0.388998 0.725000
s 0
usemtl VCol.010
f 2919/951/983 2922/952/983 2577/953/983 2576/954/983
f 2912/955/984 2911/956/984 2913/957/984 2914/958/984
f 2927/959/985 2928/960/985 2596/961/985 2597/962/985
f 2612/963/986 2611/964/986 2603/964/986 2604/963/986
f 2582/965/987 2584/966/987 2593/966/987 2590/965/987
f 2916/967/988 2910/968/988 2909/969/988 2917/970/988
f 2913/957/989 2911/971/989 2910/968/989 2916/967/989
f 2912/972/986 2914/958/986 2915/973/986 2907/974/986
f 2580/975/985 2581/976/985 2928/960/985 2927/959/985
f 2594/977/983 2595/978/983 2922/952/983 2919/951/983
f 2582/965/990 2574/979/990 2908/980/990 2907/974/990
f 2574/979/990 2578/981/990 2918/982/990 2908/980/990
f 2578/981/990 2584/966/990 2915/973/990 2918/982/990
f 2584/966/990 2582/965/990 2907/974/990 2915/973/990
f 2590/965/986 2593/966/986 2592/981/986 2591/979/986
f 2578/981/984 2574/979/984 2591/979/984 2592/981/984
f 2584/966/983 2578/981/983 2592/981/983 2593/966/983
f 2574/979/985 2582/965/985 2590/965/985 2591/979/985
f 2606/983/987 2607/984/987 2909/985/987 2908/986/987
f 2608/987/987 2609/988/987 2918/982/987 2917/970/987
f 2609/988/987 2606/983/987 2908/986/987 2918/982/987
f 2607/984/987 2608/987/987 2917/970/987 2909/985/987
f 2587/989/987 2575/990/987 2599/991/987 2598/992/987
f 2579/993/987 2588/994/987 2601/995/987 2600/996/987
f 2588/994/987 2587/989/987 2598/992/987 2601/995/987
f 2575/990/987 2579/993/987 2600/996/987 2599/991/987
f 2605/997/987 2604/963/987 2603/964/987 2602/998/987
f 2613/997/983 2612/963/983 2604/963/983 2605/997/983
f 2610/998/989 2613/997/989 2605/997/989 2602/998/989
f 2611/964/985 2610/998/985 2602/998/985 2603/964/985
f 2598/992/991 2599/991/991 2607/984/991 2606/983/991
f 2600/996/992 2601/995/992 2609/988/992 2608/987/992
f 2601/995/993 2598/992/993 2606/983/993 2609/988/993
f 2599/991/994 2600/996/994 2608/987/994 2607/984/994
f 2575/990/992 2587/989/992 2610/998/992 2611/964/992
f 2588/994/991 2579/993/991 2612/963/991 2613/997/991
f 2587/989/994 2588/994/994 2613/997/994 2610/998/994
f 2579/993/993 2575/990/993 2611/964/993 2612/963/993
f 2623/999/987 2625/999/987 2627/999/987 2626/999/987
f 2630/999/987 2629/999/987 2631/999/987
f 2628/999/987 2632/999/987 2631/999/987 2629/999/987
f 2627/999/987 2632/999/987 2628/999/987 2626/999/987
f 2621/999/995 2622/999/995 2628/999/995 2629/999/995
f 2619/999/996 2621/999/996 2629/999/996 2630/999/996
f 2620/999/997 2619/999/997 2630/999/997 2631/999/997
f 2616/999/998 2618/999/998 2627/999/998 2625/999/998
f 2618/999/999 2624/999/999 2632/999/999 2627/999/999
f 2622/999/1000 2617/999/1000 2626/999/1000 2628/999/1000
f 2617/999/1001 2615/999/1001 2623/999/1001 2626/999/1001
f 2624/999/1002 2620/999/1002 2631/999/1002 2632/999/1002
f 2646/999/1003 2647/999/1003 2633/999/1003 2634/999/1003
f 2648/999/1004 2646/999/1004 2634/999/1004 2635/999/1004
f 2649/999/1005 2648/999/1005 2635/999/1005 2636/999/1005
f 2650/999/1006 2649/999/1006 2636/999/1006 2637/999/1006
f 2651/999/1007 2650/999/1007 2637/999/1007 2638/999/1007
f 2652/999/1008 2651/999/1008 2638/999/1008 2639/999/1008
f 2653/999/1009 2652/999/1009 2639/999/1009 2640/999/1009
f 2654/999/1010 2653/999/1010 2640/999/1010 2641/999/1010
f 2655/999/1011 2654/999/1011 2641/999/1011 2642/999/1011
f 2656/999/1012 2655/999/1012 2642/999/1012 2643/999/1012
f 2657/999/1013 2656/999/1013 2643/999/1013 2644/999/1013
f 2647/999/1014 2657/999/1014 2644/999/1014 2633/999/1014
f 2659/999/1015 2669/999/1015 2657/999/1015 2647/999/1015
f 2669/999/1016 2668/999/1016 2656/999/1016 2657/999/1016
f 2668/999/1017 2667/999/1017 2655/999/1017 2656/999/1017
f 2667/999/1018 2666/999/1018 2654/999/1018 2655/999/1018
f 2666/999/1019 2665/999/1019 2653/999/1019 2654/999/1019
f 2665/999/1020 2664/999/1020 2652/999/1020 2653/999/1020
f 2664/999/1021 2663/999/1021 2651/999/1021 2652/999/1021
f 2663/999/1022 2662/999/1022 2650/999/1022 2651/999/1022
f 2662/999/1023 2661/999/1023 2649/999/1023 2650/999/1023
f 2661/999/1024 2660/999/1024 2648/999/1024 2649/999/1024
f 2660/999/1025 2658/999/1025 2646/999/1025 2648/999/1025
f 2658/999/1026 2659/999/1026 2647/999/1026 2646/999/1026
f 2645/999/1027 2659/999/1027 2658/999/1027
f 2645/999/1028 2658/999/1028 2660/999/1028
f 2645/999/1029 2660/999/1029 2661/999/1029
f 2645/999/1030 2661/999/1030 2662/999/1030
f 2645/999/1031 2662/999/1031 2663/999/1031
f 2645/999/1032 2663/999/1032 2664/999/1032
f 2645/999/1033 2664/999/1033 2665/999/1033
f 2645/999/1034 2665/999/1034 2666/999/1034
f 2645/999/1035 2666/999/1035 2667/999/1035
f 2645/999/1036 2667/999/1036 2668/999/1036
f 2645/999/1037 2668/999/1037 2669/999/1037
f 2645/999/1038 2669/999/1038 2659/999/1038
f 2678/999/987 2680/999/987 2682/999/987 2681/999/987
f 2685/999/987 2684/999/987 2686/999/987
f 2683/999/987 2687/999/987 2686/999/987 2684/999/987
f 2682/999/987 2687/999/987 2683/999/987 2681/999/987
f 2676/999/995 2677/999/995 2683/999/995 2684/999/995
f 2674/999/996 2676/999/996 2684/999/996 2685/999/996
f 2675/999/997 2674/999/997 2685/999/997 2686/999/997
f 2671/999/998 2673/999/998 2682/999/998 2680/999/998
f 2673/999/999 2679/999/999 2687/999/999 2682/999/999
f 2677/999/1000 2672/999/1000 2681/999/1000 2683/999/1000
f 2672/999/1001 2670/999/1001 2678/999/1001 2681/999/1001
f 2679/999/1002 2675/999/1002 2686/999/1002 2687/999/1002
f 2701/999/1003 2702/999/1003 2688/999/1003 2689/999/1003
f 2703/999/1004 2701/999/1004 2689/999/1004 2690/999/1004
f 2704/999/1005 2703/999/1005 2690/999/1005 2691/999/1005
f 2705/999/1039 2704/999/1039 2691/999/1039 2692/999/1039
f 2706/999/1007 2705/999/1007 2692/999/1007 2693/999/1007
f 2707/999/1008 2706/999/1008 2693/999/1008 2694/999/1008
f 2708/999/1009 2707/999/1009 2694/999/1009 2695/999/1009
f 2709/999/1010 2708/999/1010 2695/999/1010 2696/999/1010
f 2710/999/1011 2709/999/1011 2696/999/1011 2697/999/1011
f 2711/999/1012 2710/999/1012 2697/999/1012 2698/999/1012
f 2712/999/1013 2711/999/1013 2698/999/1013 2699/999/1013
f 2702/999/1014 2712/999/1014 2699/999/1014 2688/999/1014
f 2714/999/1015 2724/999/1015 2712/999/1015 2702/999/1015
f 2724/999/1016 2723/999/1016 2711/999/1016 2712/999/1016
f 2723/999/1017 2722/999/1017 2710/999/1017 2711/999/1017
f 2722/999/1018 2721/999/1018 2709/999/1018 2710/999/1018
f 2721/999/1019 2720/999/1019 2708/999/1019 2709/999/1019
f 2720/999/1020 2719/999/1020 2707/999/1020 2708/999/1020
f 2719/999/1021 2718/999/1021 2706/999/1021 2707/999/1021
f 2718/999/1022 2717/999/1022 2705/999/1022 2706/999/1022
f 2717/999/1023 2716/999/1023 2704/999/1023 2705/999/1023
f 2716/999/1024 2715/999/1024 2703/999/1024 2704/999/1024
f 2715/999/1025 2713/999/1025 2701/999/1025 2703/999/1025
f 2713/999/1026 2714/999/1026 2702/999/1026 2701/999/1026
f 2700/999/1027 2714/999/1027 2713/999/1027
f 2700/999/1028 2713/999/1028 2715/999/1028
f 2700/999/1029 2715/999/1029 2716/999/1029
f 2700/999/1030 2716/999/1030 2717/999/1030
f 2700/999/1031 2717/999/1031 2718/999/1031
f 2700/999/1032 2718/999/1032 2719/999/1032
f 2700/999/1033 2719/999/1033 2720/999/1033
f 2700/999/1034 2720/999/1034 2721/999/1034
f 2700/999/1035 2721/999/1035 2722/999/1035
f 2700/999/1036 2722/999/1036 2723/999/1036
f 2700/999/1037 2723/999/1037 2724/999/1037
f 2700/999/1038 2724/999/1038 2714/999/1038
f 2733/999/987 2735/999/987 2737/999/987 2736/999/987
f 2740/999/987 2739/999/987 2741/999/987
f 2738/999/987 2742/999/987 2741/999/987 2739/999/987
f 2737/999/987 2742/999/987 2738/999/987 2736/999/987
f 2731/999/995 2732/999/995 2738/999/995 2739/999/995
f 2729/999/996 2731/999/996 2739/999/996 2740/999/996
f 2730/999/997 2729/999/997 2740/999/997 2741/999/997
f 2726/999/998 2728/999/998 2737/999/998 2735/999/998
f 2728/999/999 2734/999/999 2742/999/999 2737/999/999
f 2732/999/1000 2727/999/1000 2736/999/1000 2738/999/1000
f 2727/999/1001 2725/999/1001 2733/999/1001 2736/999/1001
f 2734/999/1002 2730/999/1002 2741/999/1002 2742/999/1002
f 2756/999/1003 2757/999/1003 2743/999/1003 2744/999/1003
f 2758/999/1004 2756/999/1004 2744/999/1004 2745/999/1004
f 2759/999/1005 2758/999/1005 2745/999/1005 2746/999/1005
f 2760/999/1006 2759/999/1006 2746/999/1006 2747/999/1006
f 2761/999/1007 2760/999/1007 2747/999/1007 2748/999/1007
f 2762/999/1008 2761/999/1008 2748/999/1008 2749/999/1008
f 2763/999/1009 2762/999/1009 2749/999/1009 2750/999/1009
f 2764/999/1010 2763/999/1010 2750/999/1010 2751/999/1010
f 2765/999/1011 2764/999/1011 2751/999/1011 2752/999/1011
f 2766/999/1012 2765/999/1012 2752/999/1012 2753/999/1012
f 2767/999/1013 2766/999/1013 2753/999/1013 2754/999/1013
f 2757/999/1014 2767/999/1014 2754/999/1014 2743/999/1014
f 2769/999/1015 2779/999/1015 2767/999/1015 2757/999/1015
f 2779/999/1016 2778/999/1016 2766/999/1016 2767/999/1016
f 2778/999/1017 2777/999/1017 2765/999/1017 2766/999/1017
f 2777/999/1018 2776/999/1018 2764/999/1018 2765/999/1018
f 2776/999/1019 2775/999/1019 2763/999/1019 2764/999/1019
f 2775/999/1020 2774/999/1020 2762/999/1020 2763/999/1020
f 2774/999/1021 2773/999/1021 2761/999/1021 2762/999/1021
f 2773/999/1022 2772/999/1022 2760/999/1022 2761/999/1022
f 2772/999/1023 2771/999/1023 2759/999/1023 2760/999/1023
f 2771/999/1024 2770/999/1024 2758/999/1024 2759/999/1024
f 2770/999/1025 2768/999/1025 2756/999/1025 2758/999/1025
f 2768/999/1026 2769/999/1026 2757/999/1026 2756/999/1026
f 2755/999/1027 2769/999/1027 2768/999/1027
f 2755/999/1028 2768/999/1028 2770/999/1028
f 2755/999/1029 2770/999/1029 2771/999/1029
f 2755/999/1030 2771/999/1030 2772/999/1030
f 2755/999/1031 2772/999/1031 2773/999/1031
f 2755/999/1032 2773/999/1032 2774/999/1032
f 2755/999/1033 2774/999/1033 2775/999/1033
f 2755/999/1034 2775/999/1034 2776/999/1034
f 2755/999/1035 2776/999/1035 2777/999/1035
f 2755/999/1036 2777/999/1036 2778/999/1036
f 2755/999/1037 2778/999/1037 2779/999/1037
f 2755/999/1038 2779/999/1038 2769/999/1038
f 2800/957/989 2801/967/989 2798/968/989 2799/971/989
f 2801/967/1040 2802/1000/1040 2803/1001/1040 2798/968/1040
f 2789/967/1040 2786/968/1040 2791/1001/1040 2790/1000/1040
f 2788/957/989 2787/971/989 2786/968/989 2789/967/989
f 2782/968/1041 2784/1002/1041 2791/1001/1041 2786/968/1041
f 2785/1003/1042 2783/967/1042 2789/967/1042 2790/1000/1042
f 2780/971/1043 2782/968/1043 2786/968/1043 2787/971/1043
f 2783/967/1044 2781/957/1044 2788/957/1044 2789/967/1044
f 2784/1002/987 2785/1003/987 2790/1000/987 2791/1001/987
f 2781/957/984 2780/971/984 2787/971/984 2788/957/984
f 2794/968/1042 2798/968/1042 2803/1001/1042 2796/1002/1042
f 2797/1003/1041 2802/1000/1041 2801/967/1041 2795/967/1041
f 2792/971/1044 2799/971/1044 2798/968/1044 2794/968/1044
f 2795/967/1043 2801/967/1043 2800/957/1043 2793/957/1043
f 2796/1002/987 2803/1001/987 2802/1000/987 2797/1003/987
f 2793/957/984 2800/957/984 2799/971/984 2792/971/984
f 2820/1004/987 2808/1005/987 2809/1006/987 2823/1007/987
f 2819/1008/987 2824/1009/987 2813/1010/987 2812/1011/987
f 2819/1008/987 2820/1004/987 2823/1007/987 2824/1009/987
f 2825/1012/1045 2817/1012/1045 2816/1013/1045 2826/1013/1045
f 2810/1014/1046 2614/1014/1046 2818/1015/1046 2814/1015/1046
f 2821/1016/1047 2805/1016/1047 2804/1017/1047 2822/1017/1047
f 2811/1018/1048 2815/1018/1048 2806/1019/1048 2807/1019/1048
f 2826/1013/1049 2816/1013/1049 2815/1018/1049 2811/1018/1049
f 2814/1015/1050 2818/1015/1050 2817/1012/1050 2825/1012/1050
f 2822/1017/1051 2804/1017/1051 2614/1014/1051 2810/1014/1051
f 2807/1019/1052 2806/1019/1052 2805/1016/1052 2821/1016/1052
f 2820/1004/987 2819/1008/987 2811/1018/987 2807/1019/987
f 2808/1005/987 2820/1004/987 2807/1019/987 2821/1016/987
f 2809/1006/987 2808/1005/987 2821/1016/987 2822/1017/987
f 2823/1007/987 2809/1006/987 2822/1017/987 2810/1014/987
f 2824/1009/987 2823/1007/987 2810/1014/987 2814/1015/987
f 2813/1010/987 2824/1009/987 2814/1015/987 2825/1012/987
f 2812/1011/987 2813/1010/987 2825/1012/987 2826/1013/987
f 2819/1008/987 2812/1011/987 2826/1013/987 2811/1018/987
f 2865/999/1053 2838/999/1053 2837/999/1053 2863/999/1053
f 2883/999/989 2879/999/989 2881/999/989
f 2871/999/1054 2841/999/1054 2840/999/1054 2869/999/1054
f 2867/999/1055 2839/999/1055 2838/999/1055 2865/999/1055
f 2863/999/1056 2837/999/1056 2836/999/1056 2861/999/1056
f 2861/999/1057 2836/999/1057 2835/999/1057 2860/999/1057
f 2873/999/1058 2842/999/1058 2841/999/1058 2871/999/1058
f 2869/999/1059 2840/999/1059 2839/999/1059 2867/999/1059
f 2858/999/1054 2888/999/1054 2886/999/1054 2852/999/1054
f 2851/999/1055 2884/999/1055 2882/999/1055 2854/999/1055
f 2853/999/1056 2880/999/1056 2878/999/1056 2856/999/1056
f 2856/999/1057 2878/999/1057 2875/999/1057 2855/999/1057
f 2857/999/1058 2890/999/1058 2888/999/1058 2858/999/1058
f 2852/999/1059 2886/999/1059 2884/999/1059 2851/999/1059
f 2854/999/1053 2882/999/1053 2880/999/1053 2853/999/1053
f 2938/999/1058 2857/999/1058 2858/999/1058 2934/999/1058
f 2936/999/1056 2853/999/1056 2856/999/1056 2933/999/1056
f 2935/999/1055 2851/999/1055 2854/999/1055 2932/999/1055
f 2934/999/1054 2858/999/1054 2852/999/1054 2931/999/1054
f 2937/999/1060 2855/999/1060 2857/999/1060 2938/999/1060
f 2933/999/1057 2856/999/1057 2855/999/1057 2937/999/1057
f 2932/999/1053 2854/999/1053 2853/999/1053 2936/999/1053
f 2931/999/1059 2852/999/1059 2851/999/1059 2935/999/1059
f 2860/999/1060 2835/999/1060 2842/999/1060 2873/999/1060
f 2855/999/1060 2875/999/1060 2890/999/1060 2857/999/1060
f 2862/999/1061 2861/999/1061 2860/999/1061 2859/999/1061
f 2864/999/1062 2863/999/1062 2861/999/1062 2862/999/1062
f 2866/999/1063 2865/999/1063 2863/999/1063 2864/999/1063
f 2868/999/1064 2867/999/1064 2865/999/1064 2866/999/1064
f 2870/999/1065 2869/999/1065 2867/999/1065 2868/999/1065
f 2872/999/1066 2871/999/1066 2869/999/1066 2870/999/1066
f 2874/999/1067 2873/999/1067 2871/999/1067 2872/999/1067
f 2859/999/1068 2860/999/1068 2873/999/1068 2874/999/1068
f 2878/999/1069 2877/999/1069 2876/999/1069 2875/999/1069
f 2880/999/1070 2879/999/1070 2877/999/1070 2878/999/1070
f 2882/999/1071 2881/999/1071 2879/999/1071 2880/999/1071
f 2884/999/1072 2883/999/1072 2881/999/1072 2882/999/1072
f 2886/999/1073 2885/999/1073 2883/999/1073 2884/999/1073
f 2888/999/1074 2887/999/1074 2885/999/1074 2886/999/1074
f 2890/999/1075 2889/999/1075 2887/999/1075 2888/999/1075
f 2875/999/1076 2876/999/1076 2889/999/1076 2890/999/1076
f 2859/999/986 2868/999/986 2864/999/986
f 2846/999/1057 2845/999/1057 2900/999/1057 2901/999/1057
f 2848/999/1058 2847/999/1058 2902/999/1058 2903/999/1058
f 2830/999/1060 2831/999/1060 2896/999/1060 2893/999/1060
f 2850/999/1059 2849/999/1059 2905/999/1059 2906/999/1059
f 2827/999/1053 2828/999/1053 2904/999/1053 2891/999/1053
f 2834/999/1055 2827/999/1055 2891/999/1055 2892/999/1055
f 2845/999/1056 2844/999/1056 2899/999/1056 2900/999/1056
f 2849/999/1054 2848/999/1054 2903/999/1054 2905/999/1054
f 2829/999/1057 2830/999/1057 2893/999/1057 2894/999/1057
f 2831/999/1058 2832/999/1058 2895/999/1058 2896/999/1058
f 2847/999/1060 2846/999/1060 2901/999/1060 2902/999/1060
f 2832/999/1054 2833/999/1054 2897/999/1054 2895/999/1054
f 2833/999/1059 2834/999/1059 2892/999/1059 2897/999/1059
f 2844/999/1053 2843/999/1053 2898/999/1053 2899/999/1053
f 2843/999/1055 2850/999/1055 2906/999/1055 2898/999/1055
f 2828/999/1056 2829/999/1056 2894/999/1056 2904/999/1056
f 2920/1020/983 2586/1021/983 2907/1022/983 2908/1023/983
f 2921/1024/983 2920/1020/983 2908/1023/983 2909/1025/983
f 2923/1026/983 2583/1027/983 2910/1028/983 2911/956/983
f 2924/1029/983 2923/1026/983 2911/956/983 2912/955/983
f 2925/1030/985 2926/1031/985 2914/958/985 2913/957/985
f 2926/1031/985 2589/1032/985 2915/973/985 2914/958/985
f 2929/1033/985 2585/1034/985 2916/967/985 2917/970/985
f 2930/1035/985 2929/1033/985 2917/970/985 2918/982/985
f 2586/1021/983 2924/1029/983 2912/955/983 2907/1022/983
f 2583/1027/983 2921/1024/983 2909/1025/983 2910/1028/983
f 2589/1032/985 2930/1035/985 2918/982/985 2915/973/985
f 2585/1034/985 2925/1030/985 2913/957/985 2916/967/985
f 2594/977/1077 2919/951/1077 2586/1021/1077 2920/1020/1077
f 2595/978/1078 2594/977/1078 2920/1020/1078 2921/1024/1078
f 2577/953/1079 2922/952/1079 2583/1027/1079 2923/1026/1079
f 2576/954/1080 2577/953/1080 2923/1026/1080 2924/1029/1080
f 2581/976/1081 2580/975/1081 2926/1031/1081 2925/1030/1081
f 2580/975/1082 2927/959/1082 2589/1032/1082 2926/1031/1082
f 2596/961/1083 2928/960/1083 2585/1034/1083 2929/1033/1083
f 2597/962/1084 2596/961/1084 2929/1033/1084 2930/1035/1084
f 2919/951/1085 2576/954/1085 2924/1029/1085 2586/1021/1085
f 2922/952/1086 2595/978/1086 2921/1024/1086 2583/1027/1086
f 2927/959/1087 2597/962/1087 2930/1035/1087 2589/1032/1087
f 2928/960/1088 2581/976/1088 2925/1030/1088 2585/1034/1088
f 2879/999/989 2876/999/989 2877/999/989
f 2876/999/989 2879/999/989 2889/999/989
f 2889/999/989 2879/999/989 2887/999/989
f 2887/999/989 2879/999/989 2885/999/989
f 2885/999/989 2879/999/989 2883/999/989
f 2859/999/986 2864/999/986 2862/999/986
f 2864/999/986 2868/999/986 2866/999/986
f 2868/999/986 2859/999/986 2870/999/986
f 2870/999/986 2859/999/986 2872/999/986
f 2872/999/986 2859/999/986 2874/999/986
f 2840/999/1059 2931/999/1059 2935/999/1059 2839/999/1059
f 2838/999/1053 2932/999/1053 2936/999/1053 2837/999/1053
f 2836/999/1057 2933/999/1057 2937/999/1057 2835/999/1057
f 2835/999/1060 2937/999/1060 2938/999/1060 2842/999/1060
f 2841/999/1054 2934/999/1054 2931/999/1054 2840/999/1054
f 2839/999/1055 2935/999/1055 2932/999/1055 2838/999/1055
f 2837/999/1056 2936/999/1056 2933/999/1056 2836/999/1056
f 2842/999/1058 2938/999/1058 2934/999/1058 2841/999/1058
s 1
f 2939/999/1089 2945/999/1090 2950/999/1091 2944/999/1092
f 2940/999/1093 2946/999/1094 2945/999/1090 2939/999/1089
f 2941/999/1095 2947/999/1096 2946/999/1094 2940/999/1093
f 2942/999/1097 2948/999/1098 2947/999/1096 2941/999/1095
f 2943/999/1099 2949/999/1100 2948/999/1098 2942/999/1097
f 2944/999/1092 2950/999/1091 2949/999/1100 2943/999/1099
f 2945/999/1090 2951/999/1101 2956/999/1102 2950/999/1091
f 2946/999/1094 2952/999/1103 2951/999/1101 2945/999/1090
f 2947/999/1096 2953/999/1104 2952/999/1103 2946/999/1094
f 2948/999/1098 2954/999/1105 2953/999/1104 2947/999/1096
f 2949/999/1100 2955/999/1106 2954/999/1105 2948/999/1098
f 2950/999/1091 2956/999/1102 2955/999/1106 2949/999/1100
f 2951/999/1101 2957/999/1107 2962/999/1108 2956/999/1102
f 2952/999/1103 2958/999/1109 2957/999/1107 2951/999/1101
f 2953/999/1104 2959/999/1110 2958/999/1109 2952/999/1103
f 2954/999/1105 2960/999/1111 2959/999/1110 2953/999/1104
f 2955/999/1106 2961/999/1112 2960/999/1111 2954/999/1105
f 2956/999/1102 2962/999/1108 2961/999/1112 2955/999/1106
f 2957/999/1107 2963/999/1113 2968/999/1114 2962/999/1108
f 2958/999/1109 2964/999/1115 2963/999/1113 2957/999/1107
f 2959/999/1110 2965/999/1116 2964/999/1115 2958/999/1109
f 2960/999/1111 2966/999/1117 2965/999/1116 2959/999/1110
f 2961/999/1112 2967/999/1118 2966/999/1117 2960/999/1111
f 2962/999/1108 2968/999/1114 2967/999/1118 2961/999/1112
f 2963/999/1113 2969/999/1119 2974/999/1120 2968/999/1114
f 2964/999/1115 2970/999/1121 2969/999/1119 2963/999/1113
f 2965/999/1116 2971/999/1122 2970/999/1121 2964/999/1115
f 2966/999/1117 2972/999/1123 2971/999/1122 2965/999/1116
f 2967/999/1118 2973/999/1124 2972/999/1123 2966/999/1117
f 2968/999/1114 2974/999/1120 2973/999/1124 2967/999/1118
f 2969/999/1119 2975/999/1125 2980/999/1126 2974/999/1120
f 2970/999/1121 2976/999/1127 2975/999/1125 2969/999/1119
f 2971/999/1122 2977/999/1128 2976/999/1127 2970/999/1121
f 2972/999/1123 2978/999/1129 2977/999/1128 2971/999/1122
f 2973/999/1124 2979/999/1130 2978/999/1129 2972/999/1123
f 2974/999/1120 2980/999/1126 2979/999/1130 2973/999/1124
f 2975/999/1125 2981/999/1131 2986/999/1132 2980/999/1126
f 2976/999/1127 2982/999/1133 2981/999/1131 2975/999/1125
f 2977/999/1128 2983/999/1134 2982/999/1133 2976/999/1127
f 2978/999/1129 2984/999/1135 2983/999/1134 2977/999/1128
f 2979/999/1130 2985/999/1136 2984/999/1135 2978/999/1129
f 2980/999/1126 2986/999/1132 2985/999/1136 2979/999/1130
f 2981/999/1131 2987/999/1137 2992/999/1138 2986/999/1132
f 2982/999/1133 2988/999/1139 2987/999/1137 2981/999/1131
f 2983/999/1134 2989/999/1140 2988/999/1139 2982/999/1133
f 2984/999/1135 2990/999/1141 2989/999/1140 2983/999/1134
f 2985/999/1136 2991/999/1142 2990/999/1141 2984/999/1135
f 2986/999/1132 2992/999/1138 2991/999/1142 2985/999/1136
f 2987/999/1137 2993/999/1143 2998/999/1144 2992/999/1138
f 2988/999/1139 2994/999/1145 2993/999/1143 2987/999/1137
f 2989/999/1140 2995/999/1146 2994/999/1145 2988/999/1139
f 2990/999/1141 2996/999/1147 2995/999/1146 2989/999/1140
f 2991/999/1142 2997/999/1148 2996/999/1147 2990/999/1141
f 2992/999/1138 2998/999/1144 2997/999/1148 2991/999/1142
f 2993/999/1143 2999/999/1149 3004/999/1150 2998/999/1144
f 2994/999/1145 3000/999/1151 2999/999/1149 2993/999/1143
f 2995/999/1146 3001/999/1152 3000/999/1151 2994/999/1145
f 2996/999/1147 3002/999/1153 3001/999/1152 2995/999/1146
f 2997/999/1148 3003/999/1154 3002/999/1153 2996/999/1147
f 2998/999/1144 3004/999/1150 3003/999/1154 2997/999/1148
f 2999/999/1149 3005/999/1155 3010/999/1156 3004/999/1150
f 3000/999/1151 3006/999/1157 3005/999/1155 2999/999/1149
f 3001/999/1152 3007/999/1158 3006/999/1157 3000/999/1151
f 3002/999/1153 3008/999/1159 3007/999/1158 3001/999/1152
f 3003/999/1154 3009/999/1160 3008/999/1159 3002/999/1153
f 3004/999/1150 3010/999/1156 3009/999/1160 3003/999/1154
f 3005/999/1155 3011/999/1161 3016/999/1162 3010/999/1156
f 3006/999/1157 3012/999/1163 3011/999/1161 3005/999/1155
f 3007/999/1158 3013/999/1164 3012/999/1163 3006/999/1157
f 3008/999/1159 3014/999/1165 3013/999/1164 3007/999/1158
f 3009/999/1160 3015/999/1166 3014/999/1165 3008/999/1159
f 3010/999/1156 3016/999/1162 3015/999/1166 3009/999/1160
f 3011/999/1161 3017/999/1167 3022/999/985 3016/999/1162
f 3012/999/1163 3018/999/1168 3017/999/1167 3011/999/1161
f 3013/999/1164 3019/999/983 3018/999/1168 3012/999/1163
f 3014/999/1165 3020/999/1169 3019/999/983 3013/999/1164
f 3015/999/1166 3021/999/1170 3020/999/1169 3014/999/1165
f 3016/999/1162 3022/999/985 3021/999/1170 3015/999/1166
f 3023/999/1089 3029/999/1090 3034/999/1091 3028/999/1092
f 3024/999/1093 3030/999/1094 3029/999/1090 3023/999/1089
f 3025/999/1095 3031/999/1096 3030/999/1094 3024/999/1093
f 3026/999/1097 3032/999/1098 3031/999/1096 3025/999/1095
f 3027/999/1099 3033/999/1100 3032/999/1098 3026/999/1097
f 3028/999/1092 3034/999/1091 3033/999/1100 3027/999/1099
f 3029/999/1090 3035/999/1101 3040/999/1102 3034/999/1091
f 3030/999/1094 3036/999/1103 3035/999/1101 3029/999/1090
f 3031/999/1096 3037/999/1104 3036/999/1103 3030/999/1094
f 3032/999/1098 3038/999/1105 3037/999/1104 3031/999/1096
f 3033/999/1100 3039/999/1106 3038/999/1105 3032/999/1098
f 3034/999/1091 3040/999/1102 3039/999/1106 3033/999/1100
f 3035/999/1101 3041/999/1107 3046/999/1108 3040/999/1102
f 3036/999/1103 3042/999/1109 3041/999/1107 3035/999/1101
f 3037/999/1104 3043/999/1110 3042/999/1109 3036/999/1103
f 3038/999/1105 3044/999/1111 3043/999/1110 3037/999/1104
f 3039/999/1106 3045/999/1112 3044/999/1111 3038/999/1105
f 3040/999/1102 3046/999/1108 3045/999/1112 3039/999/1106
f 3041/999/1107 3047/999/1113 3052/999/1114 3046/999/1108
f 3042/999/1109 3048/999/1115 3047/999/1113 3041/999/1107
f 3043/999/1110 3049/999/1116 3048/999/1115 3042/999/1109
f 3044/999/1111 3050/999/1117 3049/999/1116 3043/999/1110
f 3045/999/1112 3051/999/1118 3050/999/1117 3044/999/1111
f 3046/999/1108 3052/999/1114 3051/999/1118 3045/999/1112
f 3047/999/1113 3053/999/1119 3058/999/1120 3052/999/1114
f 3048/999/1115 3054/999/1121 3053/999/1119 3047/999/1113
f 3049/999/1116 3055/999/1122 3054/999/1121 3048/999/1115
f 3050/999/1117 3056/999/1123 3055/999/1122 3049/999/1116
f 3051/999/1118 3057/999/1124 3056/999/1123 3050/999/1117
f 3052/999/1114 3058/999/1120 3057/999/1124 3051/999/1118
f 3053/999/1119 3059/999/1125 3064/999/1126 3058/999/1120
f 3054/999/1121 3060/999/1127 3059/999/1125 3053/999/1119
f 3055/999/1122 3061/999/1128 3060/999/1127 3054/999/1121
f 3056/999/1123 3062/999/1129 3061/999/1128 3055/999/1122
f 3057/999/1124 3063/999/1130 3062/999/1129 3056/999/1123
f 3058/999/1120 3064/999/1126 3063/999/1130 3057/999/1124
f 3059/999/1125 3065/999/1131 3070/999/1132 3064/999/1126
f 3060/999/1127 3066/999/1133 3065/999/1131 3059/999/1125
f 3061/999/1128 3067/999/1134 3066/999/1133 3060/999/1127
f 3062/999/1129 3068/999/1135 3067/999/1134 3061/999/1128
f 3063/999/1130 3069/999/1136 3068/999/1135 3062/999/1129
f 3064/999/1126 3070/999/1132 3069/999/1136 3063/999/1130
f 3065/999/1131 3071/999/1137 3076/999/1138 3070/999/1132
f 3066/999/1133 3072/999/1139 3071/999/1137 3065/999/1131
f 3067/999/1134 3073/999/1140 3072/999/1139 3066/999/1133
f 3068/999/1135 3074/999/1141 3073/999/1140 3067/999/1134
f 3069/999/1136 3075/999/1142 3074/999/1141 3068/999/1135
f 3070/999/1132 3076/999/1138 3075/999/1142 3069/999/1136
f 3071/999/1137 3077/999/1143 3082/999/1144 3076/999/1138
f 3072/999/1139 3078/999/1145 3077/999/1143 3071/999/1137
f 3073/999/1140 3079/999/1146 3078/999/1145 3072/999/1139
f 3074/999/1141 3080/999/1147 3079/999/1146 3073/999/1140
f 3075/999/1142 3081/999/1148 3080/999/1147 3074/999/1141
f 3076/999/1138 3082/999/1144 3081/999/1148 3075/999/1142
f 3077/999/1143 3083/999/1149 3088/999/1150 3082/999/1144
f 3078/999/1145 3084/999/1151 3083/999/1149 3077/999/1143
f 3079/999/1146 3085/999/1152 3084/999/1151 3078/999/1145
f 3080/999/1147 3086/999/1153 3085/999/1152 3079/999/1146
f 3081/999/1148 3087/999/1154 3086/999/1153 3080/999/1147
f 3082/999/1144 3088/999/1150 3087/999/1154 3081/999/1148
f 3083/999/1149 3089/999/1155 3094/999/1156 3088/999/1150
f 3084/999/1151 3090/999/1157 3089/999/1155 3083/999/1149
f 3085/999/1152 3091/999/1158 3090/999/1157 3084/999/1151
f 3086/999/1153 3092/999/1159 3091/999/1158 3085/999/1152
f 3087/999/1154 3093/999/1160 3092/999/1159 3086/999/1153
f 3088/999/1150 3094/999/1156 3093/999/1160 3087/999/1154
f 3089/999/1155 3095/999/1161 3100/999/1162 3094/999/1156
f 3090/999/1157 3096/999/1163 3095/999/1161 3089/999/1155
f 3091/999/1158 3097/999/1164 3096/999/1163 3090/999/1157
f 3092/999/1159 3098/999/1165 3097/999/1164 3091/999/1158
f 3093/999/1160 3099/999/1166 3098/999/1165 3092/999/1159
f 3094/999/1156 3100/999/1162 3099/999/1166 3093/999/1160
f 3095/999/1161 3101/999/1167 3106/999/985 3100/999/1162
f 3096/999/1163 3102/999/1168 3101/999/1167 3095/999/1161
f 3097/999/1164 3103/999/983 3102/999/1168 3096/999/1163
f 3098/999/1165 3104/999/1169 3103/999/983 3097/999/1164
f 3099/999/1166 3105/999/1170 3104/999/1169 3098/999/1165
f 3100/999/1162 3106/999/985 3105/999/1170 3099/999/1166
f 3107/999/1089 3113/999/1090 3118/999/1091 3112/999/1092
f 3108/999/1093 3114/999/1094 3113/999/1090 3107/999/1089
f 3109/999/1095 3115/999/1096 3114/999/1094 3108/999/1093
f 3110/999/1097 3116/999/1098 3115/999/1096 3109/999/1095
f 3111/999/1099 3117/999/1100 3116/999/1098 3110/999/1097
f 3112/999/1092 3118/999/1091 3117/999/1100 3111/999/1099
f 3113/999/1090 3119/999/1101 3124/999/1102 3118/999/1091
f 3114/999/1094 3120/999/1103 3119/999/1101 3113/999/1090
f 3115/999/1096 3121/999/1104 3120/999/1103 3114/999/1094
f 3116/999/1098 3122/999/1105 3121/999/1104 3115/999/1096
f 3117/999/1100 3123/999/1106 3122/999/1105 3116/999/1098
f 3118/999/1091 3124/999/1102 3123/999/1106 3117/999/1100
f 3119/999/1101 3125/999/1107 3130/999/1108 3124/999/1102
f 3120/999/1103 3126/999/1109 3125/999/1107 3119/999/1101
f 3121/999/1104 3127/999/1110 3126/999/1109 3120/999/1103
f 3122/999/1105 3128/999/1111 3127/999/1110 3121/999/1104
f 3123/999/1106 3129/999/1112 3128/999/1111 3122/999/1105
f 3124/999/1102 3130/999/1108 3129/999/1112 3123/999/1106
f 3125/999/1107 3131/999/1113 3136/999/1114 3130/999/1108
f 3126/999/1109 3132/999/1115 3131/999/1113 3125/999/1107
f 3127/999/1110 3133/999/1116 3132/999/1115 3126/999/1109
f 3128/999/1111 3134/999/1117 3133/999/1116 3127/999/1110
f 3129/999/1112 3135/999/1118 3134/999/1117 3128/999/1111
f 3130/999/1108 3136/999/1114 3135/999/1118 3129/999/1112
f 3131/999/1113 3137/999/1119 3142/999/1120 3136/999/1114
f 3132/999/1115 3138/999/1121 3137/999/1119 3131/999/1113
f 3133/999/1116 3139/999/1122 3138/999/1121 3132/999/1115
f 3134/999/1117 3140/999/1123 3139/999/1122 3133/999/1116
f 3135/999/1118 3141/999/1124 3140/999/1123 3134/999/1117
f 3136/999/1114 3142/999/1120 3141/999/1124 3135/999/1118
f 3137/999/1119 3143/999/1125 3148/999/1126 3142/999/1120
f 3138/999/1121 3144/999/1127 3143/999/1125 3137/999/1119
f 3139/999/1122 3145/999/1128 3144/999/1127 3138/999/1121
f 3140/999/1123 3146/999/1129 3145/999/1128 3139/999/1122
f 3141/999/1124 3147/999/1130 3146/999/1129 3140/999/1123
f 3142/999/1120 3148/999/1126 3147/999/1130 3141/999/1124
f 3143/999/1125 3149/999/1131 3154/999/1132 3148/999/1126
f 3144/999/1127 3150/999/1133 3149/999/1131 3143/999/1125
f 3145/999/1128 3151/999/1134 3150/999/1133 3144/999/1127
f 3146/999/1129 3152/999/1135 3151/999/1134 3145/999/1128
f 3147/999/1130 3153/999/1136 3152/999/1135 3146/999/1129
f 3148/999/1126 3154/999/1132 3153/999/1136 3147/999/1130
f 3149/999/1131 3155/999/1137 3160/999/1138 3154/999/1132
f 3150/999/1133 3156/999/1139 3155/999/1137 3149/999/1131
f 3151/999/1134 3157/999/1140 3156/999/1139 3150/999/1133
f 3152/999/1135 3158/999/1141 3157/999/1140 3151/999/1134
f 3153/999/1136 3159/999/1142 3158/999/1141 3152/999/1135
f 3154/999/1132 3160/999/1138 3159/999/1142 3153/999/1136
f 3155/999/1137 3161/999/1143 3166/999/1144 3160/999/1138
f 3156/999/1139 3162/999/1145 3161/999/1143 3155/999/1137
f 3157/999/1140 3163/999/1146 3162/999/1145 3156/999/1139
f 3158/999/1141 3164/999/1147 3163/999/1146 3157/999/1140
f 3159/999/1142 3165/999/1148 3164/999/1147 3158/999/1141
f 3160/999/1138 3166/999/1144 3165/999/1148 3159/999/1142
f 3161/999/1143 3167/999/1149 3172/999/1150 3166/999/1144
f 3162/999/1145 3168/999/1151 3167/999/1149 3161/999/1143
f 3163/999/1146 3169/999/1152 3168/999/1151 3162/999/1145
f 3164/999/1147 3170/999/1153 3169/999/1152 3163/999/1146
f 3165/999/1148 3171/999/1154 3170/999/1153 3164/999/1147
f 3166/999/1144 3172/999/1150 3171/999/1154 3165/999/1148
f 3167/999/1149 3173/999/1155 3178/999/1156 3172/999/1150
f 3168/999/1151 3174/999/1157 3173/999/1155 3167/999/1149
f 3169/999/1152 3175/999/1158 3174/999/1157 3168/999/1151
f 3170/999/1153 3176/999/1159 3175/999/1158 3169/999/1152
f 3171/999/1154 3177/999/1160 3176/999/1159 3170/999/1153
f 3172/999/1150 3178/999/1156 3177/999/1160 3171/999/1154
f 3173/999/1155 3179/999/1161 3184/999/1162 3178/999/1156
f 3174/999/1157 3180/999/1163 3179/999/1161 3173/999/1155
f 3175/999/1158 3181/999/1164 3180/999/1163 3174/999/1157
f 3176/999/1159 3182/999/1165 3181/999/1164 3175/999/1158
f 3177/999/1160 3183/999/1166 3182/999/1165 3176/999/1159
f 3178/999/1156 3184/999/1162 3183/999/1166 3177/999/1160
f 3179/999/1161 3185/999/1167 3190/999/985 3184/999/1162
f 3180/999/1163 3186/999/1168 3185/999/1167 3179/999/1161
f 3181/999/1164 3187/999/983 3186/999/1168 3180/999/1163
f 3182/999/1165 3188/999/1169 3187/999/983 3181/999/1164
f 3183/999/1166 3189/999/1170 3188/999/1169 3182/999/1165
f 3184/999/1162 3190/999/985 3189/999/1170 3183/999/1166
o WallPanel00
v 0.160410 0.482347 0.333745
v 0.168711 0.540051 0.329169
v 0.038605 0.443498 0.376053
v 0.038605 0.825367 0.376053
v 0.160410 0.482347 0.293600
v 0.168711 0.540051 0.298176
v 0.038605 0.443498 0.251293
v 0.038605 0.825367 0.251293
v 0.116184 0.436335 0.329169
v 0.082080 0.830038 0.382802
v 0.116184 0.436335 0.298176
v 0.082080 0.830038 0.244543
v 0.143928 0.533477 0.347084
v 0.140295 0.548010 0.362063
v 0.140295 0.548010 0.265282
v 0.143928 0.533477 0.280262
v 0.080468 0.787315 0.362063
v 0.076835 0.801847 0.347084
v 0.076835 0.801847 0.280262
v 0.080468 0.787315 0.265282
v 0.108825 0.794404 0.265282
v 0.105192 0.808936 0.280262
v 0.125963 0.787613 0.291006
v 0.168651 0.555099 0.265282
v 0.180578 0.569156 0.291006
v 0.172284 0.540566 0.280262
v 0.172284 0.540566 0.347084
v 0.180578 0.569156 0.336339
v 0.168651 0.555099 0.362063
v 0.108825 0.794404 0.362063
v 0.125963 0.787613 0.336339
v 0.105192 0.808936 0.347084
v 0.123357 0.798037 0.280262
v 0.183184 0.558732 0.280262
v 0.183184 0.558732 0.347084
v 0.123357 0.798037 0.347084
v 0.119594 0.784077 0.291006
v 0.119594 0.784077 0.336339
v 0.115834 0.785081 0.291006
v 0.170448 0.566623 0.291006
v 0.170448 0.566623 0.336339
v 0.115834 0.785081 0.336339
v 0.126421 0.756770 0.291006
v 0.133247 0.729463 0.291006
v 0.140074 0.702156 0.291006
v 0.146901 0.674849 0.291006
v 0.153728 0.647541 0.291006
v 0.160555 0.620234 0.291006
v 0.126421 0.756770 0.336339
v 0.133247 0.729463 0.336339
v 0.140074 0.702156 0.336339
v 0.146901 0.674849 0.336339
v 0.153728 0.647541 0.336339
v 0.160555 0.620234 0.336339
v 0.167381 0.592927 0.336339
v 0.167381 0.592927 0.291006
v 0.087147 0.438827 0.382802
v 0.143955 0.490255 0.376053
v 0.143955 0.563277 0.376053
v 0.143955 0.563277 0.251292
v 0.143955 0.490255 0.251292
v 0.087147 0.438827 0.244543
v 0.107425 0.439959 0.333745
v 0.168711 0.478357 0.329169
v 0.160410 0.544628 0.333745
v 0.160410 0.544628 0.293600
v 0.168711 0.478357 0.298176
v 0.107425 0.439959 0.293600
v 0.091280 0.427043 0.382802
v 0.160410 0.482347 0.382802
v 0.160410 0.565303 0.382802
v 0.022151 0.427043 0.382802
v 0.022151 0.427043 0.244543
v 0.091280 0.427043 0.244543
v 0.160410 0.565303 0.244543
v 0.160410 0.482347 0.244543
v 0.085508 0.443498 0.376053
v 0.148626 0.488011 0.382802
v 0.148626 0.563852 0.382802
v 0.078433 0.825367 0.376053
v 0.033934 0.830038 0.382802
v 0.033934 0.438827 0.382802
v 0.033934 0.830038 0.244543
v 0.033934 0.438827 0.244543
v 0.085508 0.443498 0.251292
v 0.078433 0.825367 0.251292
v 0.148626 0.563852 0.244543
v 0.148626 0.488011 0.244543
v 0.091280 0.841821 0.377299
v 0.092615 0.836482 0.382802
v 0.022151 0.841821 0.377299
v 0.022151 0.836317 0.382802
v 0.022151 0.841821 0.250047
v 0.022151 0.836317 0.244543
v 0.091280 0.841821 0.250047
v 0.092615 0.836482 0.244543
v 0.186947 0.572692 0.294721
v 0.184365 0.575362 0.291006
v 0.184365 0.575362 0.336339
v 0.186947 0.572692 0.332625
v 0.180120 0.599999 0.294721
v 0.177538 0.602669 0.291006
v 0.180120 0.599999 0.332625
v 0.177538 0.602669 0.336339
v 0.173294 0.627306 0.332625
v 0.170712 0.629976 0.336339
v 0.166467 0.654613 0.332625
v 0.163885 0.657284 0.336339
v 0.159640 0.681920 0.332625
v 0.157058 0.684591 0.336339
v 0.152813 0.709228 0.332625
v 0.150231 0.711898 0.336339
v 0.145986 0.736535 0.332625
v 0.143404 0.739205 0.336339
v 0.139160 0.763842 0.332625
v 0.136578 0.766512 0.336339
v 0.139160 0.763842 0.294721
v 0.136578 0.766512 0.291006
v 0.145986 0.736535 0.294721
v 0.143404 0.739205 0.291006
v 0.152813 0.709228 0.294721
v 0.150231 0.711898 0.291006
v 0.159640 0.681920 0.294721
v 0.157058 0.684591 0.291006
v 0.166467 0.654613 0.294721
v 0.163885 0.657284 0.291006
v 0.173294 0.627306 0.294721
v 0.170712 0.629976 0.291006
vn -0.0000 -0.0000 1.0000
vn -0.0000 -0.0000 -1.0000
vn 1.0000 -0.0000 -0.0000
vn 0.6247 -0.7809 -0.0000
vn -0.0000 1.0000 -0.0000
vn -0.0000 -1.0000 -0.0000
vn -0.2425 0.9701 -0.0000
vn 0.4201 0.7001 -0.5774
vn 0.7001 -0.4201 -0.5774
vn 0.7001 -0.4201 0.5774
vn 0.4201 0.7001 0.5774
vn 0.6860 0.1715 -0.7071
vn 0.8575 -0.5145 -0.0000
vn 0.6860 0.1715 0.7071
vn 0.5145 0.8575 -0.0000
vn -0.1715 0.6860 0.7071
vn -0.1715 0.6860 -0.7071
vn 0.1715 -0.6860 -0.7071
vn 0.1715 -0.6860 0.7071
vn 0.2425 -0.9701 -0.0000
vn 0.9701 0.2425 -0.0000
vn 0.7189 0.6951 -0.0000
vn 0.3016 -0.3770 0.8757
vn 0.4828 -0.0000 0.8757
vn 0.4828 -0.0000 -0.8757
vn 0.4828 0.8757 -0.0000
vn 0.3016 -0.3770 -0.8757
vn -0.3823 -0.9241 -0.0000
vn -1.0000 -0.0000 -0.0000
vn -0.5137 0.6421 0.5691
vn -0.8223 -0.0000 0.5691
vn -0.0000 -0.8223 0.5691
vn 0.8223 -0.0000 0.5691
vn 0.8223 -0.0000 -0.5691
vn -0.0000 0.8223 -0.5691
vn -0.7977 -0.1994 -0.5691
vn -0.8223 -0.0000 -0.5691
vn -0.0000 0.8223 0.5691
vn -0.7977 -0.1994 0.5691
vn -0.5137 0.6421 -0.5691
vn -0.0000 -0.8223 -0.5691
vn -0.0008 0.7124 0.7018
vn -0.0008 0.7124 -0.7018
vt 0.384704 0.135437
vt 0.587104 0.148230
vt 0.613141 0.220247
vt 0.384843 0.220247
vt 0.617898 0.521307
vt 0.382102 0.521307
vt 0.375000 0.500000
vt 0.621683 0.509952
vt 0.384678 0.614563
vt 0.615082 0.601770
vt 0.568133 0.720247
vt 0.405246 0.720247
vt 0.317640 0.750000
vt 0.546840 0.805298
vt 0.548215 0.941954
vt 0.370738 0.938379
vt 0.182360 0.660654
vt 0.317640 0.660654
vt 0.182360 0.750000
vt 0.634952 0.500000
vt 0.865048 0.500000
vt 0.865048 0.625000
vt 0.634952 0.625000
vt 0.597033 0.141636
vt 0.582331 0.021307
vt 0.625000 0.000000
vt 0.611938 0.132770
vt 0.125000 0.500000
vt 0.375000 0.625000
vt 0.125000 0.625000
vt 0.384913 0.529753
vt 0.615082 0.529753
vt 0.405069 0.029753
vt 0.567539 0.029753
vt 0.875000 0.631769
vt 0.875000 0.743231
vt 0.875000 0.743231
vt 0.875000 0.631769
vt 0.625000 0.743231
vt 0.625000 0.631769
vt 0.663694 0.625000
vt 0.836306 0.625000
vt 0.836306 0.625000
vt 0.663695 0.625000
vt 0.663694 0.631769
vt 0.663695 0.743231
vt 0.663694 0.750000
vt 0.836305 0.750000
vt 0.836306 0.743231
vt 0.836305 0.631769
vt 0.663695 0.750000
vt 0.691449 0.636624
vt 0.691449 0.738376
vt 0.808551 0.738376
vt 0.808551 0.636624
vt 0.691449 0.723979
vt 0.808551 0.723979
vt 0.798956 0.725657
vt 0.701044 0.725657
vt 0.691449 0.700219
vt 0.808551 0.700219
vt 0.808551 0.711260
vt 0.691449 0.711260
vt 0.691449 0.647665
vt 0.808551 0.647665
vt 0.798956 0.649343
vt 0.701044 0.649343
vt 0.691449 0.660384
vt 0.808551 0.660384
vt 0.798956 0.662062
vt 0.701044 0.662062
vt 0.691449 0.673103
vt 0.808551 0.673103
vt 0.798956 0.674781
vt 0.701044 0.674781
vt 0.691449 0.685822
vt 0.808551 0.685822
vt 0.798956 0.687500
vt 0.701044 0.687500
vt 0.691449 0.698541
vt 0.808551 0.698541
vt 0.798956 0.700219
vt 0.701044 0.700219
vt 0.798956 0.712938
vt 0.701044 0.712938
vt 0.162384 0.654192
vt 0.162384 0.750000
vt 0.125000 0.750000
vt 0.375000 0.962616
vt 0.562693 0.962616
vt 0.625000 1.000000
vt 0.375000 1.000000
vt 0.562693 0.787384
vt 0.337616 0.750000
vt 0.375000 0.750000
vt 0.625000 0.750000
vt 0.337616 0.654192
vt 0.398191 0.021307
vt 0.382102 0.132474
vt 0.375000 0.125000
vt 0.375000 0.000000
vt 0.625000 0.627414
vt 0.875000 0.627414
vt 0.621683 0.250000
vt 0.625000 0.259952
vt 0.625000 0.490048
vt 0.621683 0.500000
vt 0.617898 0.608364
vt 0.621683 0.617230
vt 0.382052 0.617526
vt 0.398191 0.728693
vt 0.582331 0.728693
vt 0.382102 0.228693
vt 0.375000 0.250000
vt 0.617898 0.228693
vt 0.625000 0.627414
vt 0.875000 0.509952
vt 0.875000 0.617230
vt 0.621683 0.240048
vt 0.875000 0.750000
vt 0.691449 0.736698
vt 0.808551 0.736698
vt 0.798956 0.738376
vt 0.701044 0.738376
vt 0.691449 0.712938
vt 0.808551 0.712938
vt 0.691449 0.725657
vt 0.808551 0.725657
vt 0.691449 0.687500
vt 0.808551 0.687500
vt 0.691449 0.649343
vt 0.808551 0.649343
vt 0.691449 0.662062
vt 0.808551 0.662062
vt 0.691449 0.674781
vt 0.808551 0.674781
s 0
usemtl VCol.011
f 3267/1036/1171 3270/1037/1171 3194/1038/1171 3193/1039/1171
f 3273/1040/1172 3274/1041/1172 3263/1042/1172 3284/1043/1172
f 3275/1044/1172 3276/1045/1172 3250/1046/1172 3251/1047/1172
f 3257/1048/1173 3196/1049/1173 3192/1050/1173 3254/1051/1173
f 3199/1052/1174 3201/1053/1174 3257/1048/1174 3254/1054/1174
f 3283/1055/1175 3281/1056/1175 3279/1057/1175 3285/1058/1175
f 3200/1059/1171 3269/1060/1171 3261/1061/1171 3280/1062/1171
f 3262/1063/1176 3263/1042/1176 3264/1064/1176 3259/1065/1176
f 3197/1066/1172 3198/1067/1172 3276/1045/1172 3275/1044/1172
f 3248/1068/1171 3249/1069/1171 3270/1037/1171 3267/1036/1171
f 3207/1070/1171 3204/1071/1171 3219/1072/1171 3220/1073/1171
f 3205/1074/1172 3210/1075/1172 3211/1075/1172 3214/1074/1172
f 3209/1076/1177 3208/1077/1177 3222/1078/1177 3212/1079/1177
f 3211/1075/1178 3212/1079/1178 3223/1080/1178
f 3214/1074/1179 3224/1081/1179 3216/1082/1179
f 3217/1083/1180 3225/1084/1180 3219/1072/1180
f 3220/1073/1181 3226/1085/1181 3222/1078/1181
f 3223/1080/1182 3224/1081/1182 3214/1074/1182 3211/1075/1182
f 3224/1081/1183 3225/1084/1183 3217/1083/1183 3216/1082/1183
f 3225/1084/1184 3226/1085/1184 3220/1073/1184 3219/1072/1184
f 3226/1085/1185 3223/1080/1185 3212/1079/1185 3222/1078/1185
f 3207/1070/1186 3220/1073/1186 3222/1078/1186 3208/1077/1186
f 3211/1075/1187 3210/1075/1187 3209/1076/1187 3212/1079/1187
f 3205/1074/1188 3214/1074/1188 3216/1082/1188 3206/1086/1188
f 3219/1072/1189 3204/1071/1189 3203/1083/1189 3217/1083/1189
f 3203/1083/1190 3206/1086/1190 3216/1082/1190 3217/1083/1190
f 3213/1087/1191 3215/1088/1191 3224/1081/1191 3223/1080/1191
f 3215/1088/1191 3218/1089/1191 3225/1084/1191 3224/1081/1191
f 3218/1089/1191 3221/1090/1191 3226/1085/1191 3225/1084/1191
f 3221/1090/1191 3213/1087/1191 3223/1080/1191 3226/1085/1191
f 3292/1091/1192 3294/1092/1192 3293/1093/1192 3291/1094/1192
f 3213/1087/1190 3221/1090/1190 3232/1090/1190 3229/1087/1190
f 3229/1087/1191 3232/1090/1191 3231/1089/1191 3230/1088/1191
f 3218/1089/1177 3215/1088/1177 3230/1088/1177 3231/1089/1177
f 3221/1090/1172 3218/1089/1172 3231/1089/1172 3232/1090/1172
f 3215/1088/1171 3213/1087/1171 3229/1087/1171 3230/1088/1171
f 3237/1095/1192 3243/1096/1192 3296/1097/1192 3318/1098/1192
f 3308/1099/1192 3306/1100/1192 3305/1101/1192 3307/1102/1192
f 3310/1103/1192 3304/1104/1192 3303/1105/1192 3309/1106/1192
f 3312/1107/1192 3302/1108/1192 3301/1109/1192 3311/1110/1192
f 3314/1111/1192 3300/1112/1192 3299/1113/1192 3313/1114/1192
f 3316/1115/1192 3298/1116/1192 3297/1117/1192 3315/1118/1192
f 3318/1098/1192 3296/1097/1192 3295/1119/1192 3317/1120/1192
f 3253/1121/1174 3191/1122/1174 3260/1123/1174 3259/1065/1174
f 3191/1124/1173 3255/1125/1173 3261/1126/1173 3260/1127/1173
f 3256/1128/1173 3195/1129/1173 3266/1130/1173 3265/1131/1173
f 3255/1125/1173 3256/1128/1173 3265/1131/1173 3261/1126/1173
f 3195/1129/1174 3258/1132/1174 3264/1064/1174 3266/1130/1174
f 3258/1132/1174 3253/1121/1174 3259/1065/1174 3264/1064/1174
f 3199/1052/1193 3254/1054/1193 3191/1122/1193 3253/1121/1193
f 3254/1051/1194 3192/1050/1194 3255/1125/1194 3191/1124/1194
f 3196/1049/1195 3257/1048/1195 3195/1129/1195 3256/1128/1195
f 3192/1050/1196 3196/1049/1196 3256/1128/1196 3255/1125/1196
f 3257/1048/1197 3201/1053/1197 3258/1132/1197 3195/1129/1197
f 3201/1053/1198 3199/1052/1198 3253/1121/1198 3258/1132/1198
f 3268/1133/1171 3247/1134/1171 3259/1135/1171 3260/1136/1171
f 3269/1060/1171 3268/1133/1171 3260/1136/1171 3261/1061/1171
f 3286/1137/1191 3285/1058/1191 3279/1057/1191 3280/1138/1191
f 3282/1139/1199 3281/1140/1199 3283/1141/1199 3284/1142/1199
f 3202/1143/1172 3273/1040/1172 3284/1043/1172 3286/1144/1172
f 3274/1041/1172 3252/1145/1172 3264/1064/1172 3263/1042/1172
f 3278/1146/1172 3277/1147/1172 3265/1131/1172 3266/1130/1172
f 3247/1134/1171 3272/1148/1171 3262/1149/1171 3259/1135/1171
f 3272/1148/1171 3271/1150/1171 3282/1139/1171 3262/1149/1171
f 3252/1145/1172 3278/1146/1172 3266/1130/1172 3264/1064/1172
f 3277/1147/1172 3202/1143/1172 3286/1151/1172 3265/1131/1172
f 3248/1068/1200 3267/1036/1200 3247/1134/1200 3268/1133/1200
f 3249/1069/1201 3248/1068/1201 3268/1133/1201 3269/1060/1201
f 3194/1038/1202 3270/1037/1202 3200/1059/1202 3271/1150/1202
f 3193/1039/1203 3194/1038/1203 3271/1150/1203 3272/1148/1203
f 3198/1067/1204 3197/1066/1204 3274/1041/1204 3273/1040/1204
f 3197/1066/1205 3275/1044/1205 3252/1145/1205 3274/1041/1205
f 3250/1046/1206 3276/1045/1206 3202/1143/1206 3277/1147/1206
f 3251/1047/1207 3250/1046/1207 3277/1147/1207 3278/1146/1207
f 3267/1036/1208 3193/1039/1208 3272/1148/1208 3247/1134/1208
f 3270/1037/1209 3249/1069/1209 3269/1060/1209 3200/1059/1209
f 3275/1044/1210 3251/1047/1210 3278/1146/1210 3252/1145/1210
f 3276/1045/1211 3198/1067/1211 3273/1040/1211 3202/1143/1211
f 3262/1149/1199 3282/1139/1199 3284/1142/1199 3263/1042/1199
f 3279/1057/1212 3281/1056/1212 3282/1152/1212 3280/1153/1212
f 3283/1055/1213 3285/1058/1213 3286/1144/1213 3284/1043/1213
f 3271/1150/1171 3200/1059/1171 3280/1062/1171 3282/1154/1171
f 3265/1131/1191 3286/1137/1191 3280/1138/1191 3261/1155/1191
f 3288/1156/1192 3289/1157/1192 3290/1158/1192 3287/1159/1192
f 3238/1160/1192 3244/1161/1192 3294/1092/1192 3292/1091/1192
f 3246/1162/1192 3245/1163/1192 3289/1157/1192 3288/1156/1192
f 3236/1164/1192 3242/1165/1192 3298/1116/1192 3316/1115/1192
f 3227/1087/1192 3228/1090/1192 3306/1100/1192 3308/1099/1192
f 3233/1166/1192 3239/1167/1192 3304/1104/1192 3310/1103/1192
f 3234/1168/1192 3240/1169/1192 3302/1108/1192 3312/1107/1192
f 3235/1170/1192 3241/1171/1192 3300/1112/1192 3314/1111/1192
o AlarmLamp00
v -1.367049 1.071099 -2.110123
v -1.371353 1.068774 -2.110123
v -1.367049 1.066450 -2.110123
v -1.367049 1.077914 -2.092590
v -1.371353 1.075857 -2.091196
v -1.367049 1.073800 -2.089802
v -1.367049 1.093583 -2.078260
v -1.371353 1.092392 -2.076079
v -1.367049 1.091200 -2.073899
v -1.367049 1.115905 -2.072391
v -1.371353 1.115527 -2.069935
v -1.367049 1.115149 -2.067479
v -1.367049 1.147073 -2.070972
v -1.371353 1.147073 -2.068487
v -1.367049 1.147073 -2.066002
v -1.367049 1.178241 -2.072391
v -1.371353 1.178619 -2.069935
v -1.367049 1.178997 -2.067479
v -1.367049 1.200563 -2.078260
v -1.371353 1.201754 -2.076079
v -1.367049 1.202946 -2.073899
v -1.367049 1.216232 -2.092590
v -1.371353 1.218289 -2.091196
v -1.367049 1.220346 -2.089802
v -1.367049 1.223047 -2.110123
v -1.371353 1.225372 -2.110123
v -1.367049 1.227696 -2.110123
v -1.404426 1.080803 -2.110123
v -1.408730 1.078444 -2.110123
v -1.404426 1.076085 -2.110123
v -1.404426 1.086781 -2.092478
v -1.408730 1.084652 -2.091196
v -1.404426 1.082523 -2.089914
v -1.404426 1.100444 -2.078197
v -1.408730 1.099145 -2.076079
v -1.404426 1.097845 -2.073961
v -1.404426 1.119851 -2.072383
v -1.408730 1.119423 -2.069935
v -1.404426 1.118994 -2.067487
v -1.404426 1.147073 -2.070972
v -1.408730 1.147073 -2.068487
v -1.404426 1.147073 -2.066002
v -1.404426 1.174295 -2.072383
v -1.408730 1.174723 -2.069935
v -1.404426 1.175152 -2.067487
v -1.404426 1.193702 -2.078197
v -1.408730 1.195001 -2.076079
v -1.404426 1.196301 -2.073961
v -1.404426 1.207365 -2.092478
v -1.408730 1.209494 -2.091196
v -1.404426 1.211623 -2.089914
v -1.404426 1.213343 -2.110123
v -1.408730 1.215702 -2.110123
v -1.404426 1.218061 -2.110123
v -1.329672 1.080803 -2.110123
v -1.333976 1.078444 -2.110123
v -1.329672 1.076085 -2.110123
v -1.329672 1.086781 -2.092478
v -1.333976 1.084652 -2.091196
v -1.329672 1.082523 -2.089914
v -1.329672 1.100444 -2.078197
v -1.333976 1.099145 -2.076079
v -1.329672 1.097845 -2.073961
v -1.329672 1.119851 -2.072383
v -1.333976 1.119423 -2.069935
v -1.329672 1.118994 -2.067487
v -1.329672 1.147073 -2.070972
v -1.333976 1.147073 -2.068487
v -1.329672 1.147073 -2.066002
v -1.329672 1.174295 -2.072383
v -1.333976 1.174723 -2.069935
v -1.329672 1.175152 -2.067487
v -1.329672 1.193702 -2.078197
v -1.333976 1.195001 -2.076079
v -1.329672 1.196301 -2.073961
v -1.329672 1.207365 -2.092478
v -1.333976 1.209494 -2.091196
v -1.329672 1.211623 -2.089914
v -1.329672 1.213343 -2.110123
v -1.333976 1.215702 -2.110123
v -1.329672 1.218061 -2.110123
v -1.445430 1.149558 -2.110123
v -1.449488 1.147073 -2.110123
v -1.445430 1.144588 -2.110123
v -1.438491 1.149558 -2.089898
v -1.442118 1.147073 -2.087581
v -1.438491 1.144588 -2.089898
v -1.422446 1.149558 -2.074221
v -1.424603 1.147073 -2.070497
v -1.422446 1.144588 -2.074221
v -1.399798 1.149558 -2.067833
v -1.400495 1.147073 -2.063586
v -1.399798 1.144588 -2.067833
v -1.368484 1.149558 -2.066305
v -1.368484 1.147073 -2.062001
v -1.368484 1.144588 -2.066305
v -1.337170 1.149558 -2.067833
v -1.336473 1.147073 -2.063586
v -1.337170 1.144588 -2.067833
v -1.314522 1.149558 -2.074221
v -1.312365 1.147073 -2.070497
v -1.314522 1.144588 -2.074221
v -1.298477 1.149558 -2.089898
v -1.294850 1.147073 -2.087581
v -1.298477 1.144588 -2.089898
v -1.291538 1.149558 -2.110123
v -1.287480 1.147073 -2.110123
v -1.291538 1.144588 -2.110123
v -1.435742 1.186935 -2.110123
v -1.439854 1.184450 -2.110123
v -1.435742 1.181965 -2.110123
v -1.429657 1.186935 -2.089833
v -1.433401 1.184450 -2.087710
v -1.429657 1.181965 -2.089833
v -1.415631 1.186935 -2.074183
v -1.417976 1.184450 -2.070574
v -1.415631 1.181965 -2.074183
v -1.395871 1.186935 -2.067827
v -1.396660 1.184450 -2.063596
v -1.395871 1.181965 -2.067827
v -1.368484 1.186935 -2.066305
v -1.368484 1.184450 -2.062001
v -1.368484 1.181965 -2.066305
v -1.341097 1.186935 -2.067827
v -1.340308 1.184450 -2.063596
v -1.341097 1.181965 -2.067827
v -1.321337 1.186935 -2.074183
v -1.318992 1.184450 -2.070574
v -1.321337 1.181965 -2.074183
v -1.307311 1.186935 -2.089833
v -1.303567 1.184450 -2.087710
v -1.307311 1.181965 -2.089833
v -1.301226 1.186935 -2.110123
v -1.297114 1.184450 -2.110123
v -1.301226 1.181965 -2.110123
v -1.435742 1.112181 -2.110123
v -1.439854 1.109696 -2.110123
v -1.435742 1.107211 -2.110123
v -1.429657 1.112181 -2.089833
v -1.433401 1.109696 -2.087710
v -1.429657 1.107211 -2.089833
v -1.415631 1.112181 -2.074183
v -1.417976 1.109696 -2.070574
v -1.415631 1.107211 -2.074183
v -1.395871 1.112181 -2.067827
v -1.396660 1.109696 -2.063596
v -1.395871 1.107211 -2.067827
v -1.368484 1.112181 -2.066305
v -1.368484 1.109696 -2.062001
v -1.368484 1.107211 -2.066305
v -1.341097 1.112181 -2.067827
v -1.340308 1.109696 -2.063596
v -1.341097 1.107211 -2.067827
v -1.321337 1.112181 -2.074183
v -1.318992 1.109696 -2.070574
v -1.321337 1.107211 -2.074183
v -1.307311 1.112181 -2.089833
v -1.303567 1.109696 -2.087710
v -1.307311 1.107211 -2.089833
v -1.301226 1.112181 -2.110123
v -1.297114 1.109696 -2.110123
v -1.301226 1.107211 -2.110123
v -1.368484 1.233154 -2.110123
v -1.411524 1.221621 -2.110123
v -1.443032 1.190113 -2.110123
v -1.454565 1.147073 -2.110123
v -1.443032 1.104033 -2.110123
v -1.411524 1.072525 -2.110123
v -1.368484 1.060992 -2.110123
v -1.325444 1.072525 -2.110123
v -1.293936 1.104033 -2.110123
v -1.282403 1.147073 -2.110123
v -1.293936 1.190113 -2.110123
v -1.325444 1.221621 -2.110123
v -1.368484 1.147073 -2.075335
v -1.368484 1.233154 -2.121601
v -1.411524 1.221621 -2.121601
v -1.443032 1.190113 -2.121601
v -1.454565 1.147073 -2.121601
v -1.443032 1.104033 -2.121601
v -1.411524 1.072525 -2.121601
v -1.368484 1.060992 -2.121601
v -1.325444 1.072525 -2.121601
v -1.293936 1.104033 -2.121601
v -1.282403 1.147073 -2.121601
v -1.293936 1.190113 -2.121601
v -1.325444 1.221621 -2.121601
v -1.405583 1.211331 -2.110123
v -1.368484 1.221272 -2.110123
v -1.432742 1.184172 -2.110123
v -1.442683 1.147073 -2.110123
v -1.432742 1.109974 -2.110123
v -1.405583 1.082815 -2.110123
v -1.368484 1.072874 -2.110123
v -1.331385 1.082815 -2.110123
v -1.304226 1.109974 -2.110123
v -1.294286 1.147073 -2.110123
v -1.304226 1.184172 -2.110123
v -1.331385 1.211331 -2.110123
v -1.402228 1.205518 -2.094386
v -1.368484 1.214560 -2.094386
v -1.426929 1.180817 -2.094386
v -1.435971 1.147073 -2.094386
v -1.426929 1.113330 -2.094386
v -1.402228 1.088628 -2.094386
v -1.368484 1.079586 -2.094386
v -1.334741 1.088628 -2.094386
v -1.310039 1.113330 -2.094386
v -1.300997 1.147073 -2.094386
v -1.310039 1.180816 -2.094386
v -1.334741 1.205518 -2.094386
v -1.394393 1.191949 -2.081704
v -1.368484 1.198891 -2.081704
v -1.413360 1.172982 -2.081704
v -1.420302 1.147073 -2.081704
v -1.413360 1.121164 -2.081704
v -1.394393 1.102197 -2.081704
v -1.368484 1.095255 -2.081704
v -1.342575 1.102197 -2.081704
v -1.323608 1.121164 -2.081704
v -1.316666 1.147073 -2.081704
v -1.323608 1.172982 -2.081704
v -1.342575 1.191949 -2.081704
v -1.383431 1.172962 -2.076550
v -1.368484 1.176967 -2.076550
v -1.394373 1.162020 -2.076550
v -1.398378 1.147073 -2.076550
v -1.394373 1.132126 -2.076550
v -1.383431 1.121184 -2.076550
v -1.368484 1.117179 -2.076550
v -1.353537 1.121184 -2.076550
v -1.342595 1.132126 -2.076550
v -1.338590 1.147073 -2.076550
v -1.342595 1.162020 -2.076550
v -1.353537 1.172962 -2.076550
vn -0.4706 0.8245 -0.3143
vn -0.4708 -0.8280 0.3045
vn 1.0000 -0.0000 -0.0000
vn -0.4894 0.5885 -0.6436
vn -0.4894 -0.5884 0.6437
vn -0.4935 0.2222 -0.8409
vn -0.4935 -0.2242 0.8403
vn -0.4987 0.0396 -0.8659
vn -0.4987 -0.0399 0.8658
vn -0.4987 -0.0396 -0.8659
vn -0.4987 0.0399 0.8658
vn -0.4935 -0.2222 -0.8409
vn -0.4935 0.2242 0.8403
vn -0.4894 -0.5885 -0.6436
vn -0.4894 0.5884 0.6437
vn -0.4706 -0.8245 -0.3143
vn -0.4708 0.8280 0.3045
vn -0.4763 0.8342 -0.2779
vn -0.4764 -0.8366 0.2703
vn -0.4891 0.6299 -0.6033
vn -0.4892 -0.6293 0.6039
vn -0.4924 0.2511 -0.8333
vn -0.4925 -0.2536 0.8326
vn -0.4984 0.0451 -0.8658
vn -0.4984 -0.0456 0.8658
vn -0.4984 -0.0451 -0.8658
vn -0.4984 0.0456 0.8658
vn -0.4924 -0.2511 -0.8333
vn -0.4925 0.2536 0.8326
vn -0.4891 -0.6299 -0.6033
vn -0.4892 0.6293 0.6039
vn -0.4763 -0.8342 -0.2779
vn -0.4764 0.8366 0.2703
vn 0.9459 -0.0000 -0.3245
vn -0.4994 0.8501 0.1671
vn -0.4994 -0.8501 0.1671
vn 0.6989 -0.0000 -0.7153
vn -0.3568 0.8597 0.3655
vn -0.3568 -0.8597 0.3655
vn 0.2715 -0.0000 -0.9624
vn -0.1387 0.8619 0.4877
vn -0.1387 -0.8619 0.4877
vn 0.0487 -0.0000 -0.9988
vn -0.0246 0.8652 0.5008
vn -0.0246 -0.8652 0.5008
vn -0.0487 -0.0000 -0.9988
vn 0.0246 0.8652 0.5008
vn 0.0246 -0.8652 0.5008
vn -0.2715 -0.0000 -0.9624
vn 0.1387 0.8619 0.4877
vn 0.1387 -0.8619 0.4877
vn -0.6989 -0.0000 -0.7153
vn 0.3568 0.8597 0.3655
vn 0.3568 -0.8597 0.3655
vn -0.9459 -0.0000 -0.3245
vn 0.4994 0.8501 0.1671
vn 0.4994 -0.8501 0.1671
vn 0.9578 -0.0000 -0.2873
vn -0.5002 0.8534 0.1469
vn -0.5002 -0.8534 0.1469
vn 0.7447 -0.0000 -0.6674
vn -0.3801 0.8596 0.3415
vn -0.3801 -0.8596 0.3415
vn 0.3062 -0.0000 -0.9520
vn -0.1569 0.8613 0.4833
vn -0.1569 -0.8613 0.4833
vn 0.0555 -0.0000 -0.9985
vn -0.0281 0.8650 0.5011
vn -0.0281 -0.8650 0.5011
vn -0.0555 -0.0000 -0.9985
vn 0.0281 0.8650 0.5011
vn 0.0281 -0.8650 0.5011
vn -0.3062 -0.0000 -0.9520
vn 0.1569 0.8613 0.4833
vn 0.1569 -0.8613 0.4833
vn -0.7447 -0.0000 -0.6674
vn 0.3801 0.8596 0.3415
vn 0.3801 -0.8596 0.3415
vn -0.9578 -0.0000 -0.2873
vn 0.5002 0.8534 0.1469
vn 0.5002 -0.8534 0.1469
vn -0.0000 -0.0000 1.0000
vn -0.9659 0.2588 -0.0000
vn 0.9659 0.2588 -0.0000
vn 0.2588 -0.9659 -0.0000
vn -0.9659 -0.2588 -0.0000
vn 0.7071 0.7071 -0.0000
vn -0.2588 0.9659 -0.0000
vn 0.7071 -0.7071 -0.0000
vn -0.7071 -0.7071 -0.0000
vn 0.2588 0.9659 -0.0000
vn -0.7071 0.7071 -0.0000
vn 0.9659 -0.2588 -0.0000
vn -0.2588 -0.9659 -0.0000
vn -0.2393 0.8931 0.3809
vn -0.6538 0.6538 0.3809
vn -0.8931 0.2393 0.3809
vn -0.8931 -0.2393 0.3809
vn -0.6538 -0.6538 0.3809
vn -0.2393 -0.8931 0.3809
vn 0.2393 -0.8931 0.3809
vn 0.6538 -0.6538 0.3809
vn 0.8931 -0.2393 0.3809
vn 0.8931 0.2393 0.3809
vn 0.6538 0.6538 0.3809
vn 0.2393 0.8931 0.3809
vn -0.1662 0.6204 0.7665
vn -0.4541 0.4541 0.7665
vn -0.6204 0.1662 0.7665
vn -0.6204 -0.1662 0.7665
vn -0.4541 -0.4541 0.7665
vn -0.1662 -0.6204 0.7665
vn 0.1662 -0.6204 0.7665
vn 0.4541 -0.4541 0.7665
vn 0.6204 -0.1662 0.7665
vn 0.6204 0.1662 0.7665
vn 0.4541 0.4541 0.7665
vn 0.1662 0.6204 0.7665
vn -0.0612 0.2284 0.9716
vn -0.1672 0.1672 0.9716
vn -0.2284 0.0612 0.9716
vn -0.2284 -0.0612 0.9716
vn -0.1672 -0.1672 0.9716
vn -0.0612 -0.2284 0.9716
vn 0.0612 -0.2284 0.9716
vn 0.1672 -0.1672 0.9716
vn 0.2284 -0.0612 0.9716
vn 0.2284 0.0612 0.9716
vn 0.1672 0.1672 0.9716
vn 0.0612 0.2284 0.9716
vn -0.0109 0.0406 0.9991
vn -0.0297 0.0297 0.9991
vn -0.0406 0.0109 0.9991
vn -0.0406 -0.0109 0.9991
vn -0.0297 -0.0297 0.9991
vn -0.0109 -0.0406 0.9991
vn 0.0109 -0.0406 0.9991
vn 0.0297 -0.0297 0.9991
vn 0.0406 -0.0109 0.9991
vn 0.0406 0.0109 0.9991
vn 0.0297 0.0297 0.9991
vn 0.0109 0.0406 0.9991
vt 0.000000 0.000000
s 0
usemtl VCol.012
f 3320/1172/1214 3323/1172/1214 3322/1172/1214 3319/1172/1214
f 3321/1172/1215 3324/1172/1215 3323/1172/1215 3320/1172/1215
f 3325/1172/1216 3327/1172/1216 3324/1172/1216 3322/1172/1216
f 3323/1172/1217 3326/1172/1217 3325/1172/1217 3322/1172/1217
f 3324/1172/1218 3327/1172/1218 3326/1172/1218 3323/1172/1218
f 3328/1172/1216 3330/1172/1216 3327/1172/1216 3325/1172/1216
f 3326/1172/1219 3329/1172/1219 3328/1172/1219 3325/1172/1219
f 3327/1172/1220 3330/1172/1220 3329/1172/1220 3326/1172/1220
f 3331/1172/1216 3333/1172/1216 3330/1172/1216 3328/1172/1216
f 3329/1172/1221 3332/1172/1221 3331/1172/1221 3328/1172/1221
f 3330/1172/1222 3333/1172/1222 3332/1172/1222 3329/1172/1222
f 3334/1172/1216 3336/1172/1216 3333/1172/1216 3331/1172/1216
f 3332/1172/1223 3335/1172/1223 3334/1172/1223 3331/1172/1223
f 3333/1172/1224 3336/1172/1224 3335/1172/1224 3332/1172/1224
f 3337/1172/1216 3339/1172/1216 3336/1172/1216 3334/1172/1216
f 3335/1172/1225 3338/1172/1225 3337/1172/1225 3334/1172/1225
f 3336/1172/1226 3339/1172/1226 3338/1172/1226 3335/1172/1226
f 3340/1172/1216 3342/1172/1216 3339/1172/1216 3337/1172/1216
f 3338/1172/1227 3341/1172/1227 3340/1172/1227 3337/1172/1227
f 3339/1172/1228 3342/1172/1228 3341/1172/1228 3338/1172/1228
f 3343/1172/1216 3345/1172/1216 3342/1172/1216 3340/1172/1216
f 3341/1172/1229 3344/1172/1229 3343/1172/1229 3340/1172/1229
f 3342/1172/1230 3345/1172/1230 3344/1172/1230 3341/1172/1230
f 3349/1172/1216 3351/1172/1216 3348/1172/1216 3346/1172/1216
f 3347/1172/1231 3350/1172/1231 3349/1172/1231 3346/1172/1231
f 3348/1172/1232 3351/1172/1232 3350/1172/1232 3347/1172/1232
f 3352/1172/1216 3354/1172/1216 3351/1172/1216 3349/1172/1216
f 3350/1172/1233 3353/1172/1233 3352/1172/1233 3349/1172/1233
f 3351/1172/1234 3354/1172/1234 3353/1172/1234 3350/1172/1234
f 3355/1172/1216 3357/1172/1216 3354/1172/1216 3352/1172/1216
f 3353/1172/1235 3356/1172/1235 3355/1172/1235 3352/1172/1235
f 3354/1172/1236 3357/1172/1236 3356/1172/1236 3353/1172/1236
f 3358/1172/1216 3360/1172/1216 3357/1172/1216 3355/1172/1216
f 3356/1172/1237 3359/1172/1237 3358/1172/1237 3355/1172/1237
f 3357/1172/1238 3360/1172/1238 3359/1172/1238 3356/1172/1238
f 3361/1172/1216 3363/1172/1216 3360/1172/1216 3358/1172/1216
f 3359/1172/1239 3362/1172/1239 3361/1172/1239 3358/1172/1239
f 3360/1172/1240 3363/1172/1240 3362/1172/1240 3359/1172/1240
f 3364/1172/1216 3366/1172/1216 3363/1172/1216 3361/1172/1216
f 3362/1172/1241 3365/1172/1241 3364/1172/1241 3361/1172/1241
f 3363/1172/1242 3366/1172/1242 3365/1172/1242 3362/1172/1242
f 3367/1172/1216 3369/1172/1216 3366/1172/1216 3364/1172/1216
f 3365/1172/1243 3368/1172/1243 3367/1172/1243 3364/1172/1243
f 3366/1172/1244 3369/1172/1244 3368/1172/1244 3365/1172/1244
f 3370/1172/1216 3372/1172/1216 3369/1172/1216 3367/1172/1216
f 3368/1172/1245 3371/1172/1245 3370/1172/1245 3367/1172/1245
f 3369/1172/1246 3372/1172/1246 3371/1172/1246 3368/1172/1246
f 3376/1172/1216 3378/1172/1216 3375/1172/1216 3373/1172/1216
f 3374/1172/1231 3377/1172/1231 3376/1172/1231 3373/1172/1231
f 3375/1172/1232 3378/1172/1232 3377/1172/1232 3374/1172/1232
f 3379/1172/1216 3381/1172/1216 3378/1172/1216 3376/1172/1216
f 3377/1172/1233 3380/1172/1233 3379/1172/1233 3376/1172/1233
f 3378/1172/1234 3381/1172/1234 3380/1172/1234 3377/1172/1234
f 3382/1172/1216 3384/1172/1216 3381/1172/1216 3379/1172/1216
f 3380/1172/1235 3383/1172/1235 3382/1172/1235 3379/1172/1235
f 3381/1172/1236 3384/1172/1236 3383/1172/1236 3380/1172/1236
f 3385/1172/1216 3387/1172/1216 3384/1172/1216 3382/1172/1216
f 3383/1172/1237 3386/1172/1237 3385/1172/1237 3382/1172/1237
f 3384/1172/1238 3387/1172/1238 3386/1172/1238 3383/1172/1238
f 3388/1172/1216 3390/1172/1216 3387/1172/1216 3385/1172/1216
f 3386/1172/1239 3389/1172/1239 3388/1172/1239 3385/1172/1239
f 3387/1172/1240 3390/1172/1240 3389/1172/1240 3386/1172/1240
f 3391/1172/1216 3393/1172/1216 3390/1172/1216 3388/1172/1216
f 3389/1172/1241 3392/1172/1241 3391/1172/1241 3388/1172/1241
f 3390/1172/1242 3393/1172/1242 3392/1172/1242 3389/1172/1242
f 3394/1172/1216 3396/1172/1216 3393/1172/1216 3391/1172/1216
f 3392/1172/1243 3395/1172/1243 3394/1172/1243 3391/1172/1243
f 3393/1172/1244 3396/1172/1244 3395/1172/1244 3392/1172/1244
f 3397/1172/1216 3399/1172/1216 3396/1172/1216 3394/1172/1216
f 3395/1172/1245 3398/1172/1245 3397/1172/1245 3394/1172/1245
f 3396/1172/1246 3399/1172/1246 3398/1172/1246 3395/1172/1246
f 3403/1172/1247 3405/1172/1247 3402/1172/1247 3400/1172/1247
f 3401/1172/1248 3404/1172/1248 3403/1172/1248 3400/1172/1248
f 3402/1172/1249 3405/1172/1249 3404/1172/1249 3401/1172/1249
f 3406/1172/1250 3408/1172/1250 3405/1172/1250 3403/1172/1250
f 3404/1172/1251 3407/1172/1251 3406/1172/1251 3403/1172/1251
f 3405/1172/1252 3408/1172/1252 3407/1172/1252 3404/1172/1252
f 3409/1172/1253 3411/1172/1253 3408/1172/1253 3406/1172/1253
f 3407/1172/1254 3410/1172/1254 3409/1172/1254 3406/1172/1254
f 3408/1172/1255 3411/1172/1255 3410/1172/1255 3407/1172/1255
f 3412/1172/1256 3414/1172/1256 3411/1172/1256 3409/1172/1256
f 3410/1172/1257 3413/1172/1257 3412/1172/1257 3409/1172/1257
f 3411/1172/1258 3414/1172/1258 3413/1172/1258 3410/1172/1258
f 3415/1172/1259 3417/1172/1259 3414/1172/1259 3412/1172/1259
f 3413/1172/1260 3416/1172/1260 3415/1172/1260 3412/1172/1260
f 3414/1172/1261 3417/1172/1261 3416/1172/1261 3413/1172/1261
f 3418/1172/1262 3420/1172/1262 3417/1172/1262 3415/1172/1262
f 3416/1172/1263 3419/1172/1263 3418/1172/1263 3415/1172/1263
f 3417/1172/1264 3420/1172/1264 3419/1172/1264 3416/1172/1264
f 3421/1172/1265 3423/1172/1265 3420/1172/1265 3418/1172/1265
f 3419/1172/1266 3422/1172/1266 3421/1172/1266 3418/1172/1266
f 3420/1172/1267 3423/1172/1267 3422/1172/1267 3419/1172/1267
f 3424/1172/1268 3426/1172/1268 3423/1172/1268 3421/1172/1268
f 3422/1172/1269 3425/1172/1269 3424/1172/1269 3421/1172/1269
f 3423/1172/1270 3426/1172/1270 3425/1172/1270 3422/1172/1270
f 3457/1172/1271 3459/1172/1271 3456/1172/1271 3454/1172/1271
f 3428/1172/1272 3431/1172/1272 3430/1172/1272 3427/1172/1272
f 3429/1172/1273 3432/1172/1273 3431/1172/1273 3428/1172/1273
f 3433/1172/1274 3435/1172/1274 3432/1172/1274 3430/1172/1274
f 3431/1172/1275 3434/1172/1275 3433/1172/1275 3430/1172/1275
f 3432/1172/1276 3435/1172/1276 3434/1172/1276 3431/1172/1276
f 3436/1172/1277 3438/1172/1277 3435/1172/1277 3433/1172/1277
f 3434/1172/1278 3437/1172/1278 3436/1172/1278 3433/1172/1278
f 3435/1172/1279 3438/1172/1279 3437/1172/1279 3434/1172/1279
f 3439/1172/1280 3441/1172/1280 3438/1172/1280 3436/1172/1280
f 3437/1172/1281 3440/1172/1281 3439/1172/1281 3436/1172/1281
f 3438/1172/1282 3441/1172/1282 3440/1172/1282 3437/1172/1282
f 3442/1172/1283 3444/1172/1283 3441/1172/1283 3439/1172/1283
f 3440/1172/1284 3443/1172/1284 3442/1172/1284 3439/1172/1284
f 3441/1172/1285 3444/1172/1285 3443/1172/1285 3440/1172/1285
f 3445/1172/1286 3447/1172/1286 3444/1172/1286 3442/1172/1286
f 3443/1172/1287 3446/1172/1287 3445/1172/1287 3442/1172/1287
f 3444/1172/1288 3447/1172/1288 3446/1172/1288 3443/1172/1288
f 3448/1172/1289 3450/1172/1289 3447/1172/1289 3445/1172/1289
f 3446/1172/1290 3449/1172/1290 3448/1172/1290 3445/1172/1290
f 3447/1172/1291 3450/1172/1291 3449/1172/1291 3446/1172/1291
f 3451/1172/1292 3453/1172/1292 3450/1172/1292 3448/1172/1292
f 3449/1172/1293 3452/1172/1293 3451/1172/1293 3448/1172/1293
f 3450/1172/1294 3453/1172/1294 3452/1172/1294 3449/1172/1294
f 3455/1172/1272 3458/1172/1272 3457/1172/1272 3454/1172/1272
f 3456/1172/1273 3459/1172/1273 3458/1172/1273 3455/1172/1273
f 3460/1172/1274 3462/1172/1274 3459/1172/1274 3457/1172/1274
f 3458/1172/1275 3461/1172/1275 3460/1172/1275 3457/1172/1275
f 3459/1172/1276 3462/1172/1276 3461/1172/1276 3458/1172/1276
f 3463/1172/1277 3465/1172/1277 3462/1172/1277 3460/1172/1277
f 3461/1172/1278 3464/1172/1278 3463/1172/1278 3460/1172/1278
f 3462/1172/1279 3465/1172/1279 3464/1172/1279 3461/1172/1279
f 3466/1172/1280 3468/1172/1280 3465/1172/1280 3463/1172/1280
f 3464/1172/1281 3467/1172/1281 3466/1172/1281 3463/1172/1281
f 3465/1172/1282 3468/1172/1282 3467/1172/1282 3464/1172/1282
f 3469/1172/1283 3471/1172/1283 3468/1172/1283 3466/1172/1283
f 3467/1172/1284 3470/1172/1284 3469/1172/1284 3466/1172/1284
f 3468/1172/1285 3471/1172/1285 3470/1172/1285 3467/1172/1285
f 3472/1172/1286 3474/1172/1286 3471/1172/1286 3469/1172/1286
f 3470/1172/1287 3473/1172/1287 3472/1172/1287 3469/1172/1287
f 3471/1172/1288 3474/1172/1288 3473/1172/1288 3470/1172/1288
f 3475/1172/1289 3477/1172/1289 3474/1172/1289 3472/1172/1289
f 3473/1172/1290 3476/1172/1290 3475/1172/1290 3472/1172/1290
f 3474/1172/1291 3477/1172/1291 3476/1172/1291 3473/1172/1291
f 3478/1172/1292 3480/1172/1292 3477/1172/1292 3475/1172/1292
f 3476/1172/1293 3479/1172/1293 3478/1172/1293 3475/1172/1293
f 3477/1172/1294 3480/1172/1294 3479/1172/1294 3476/1172/1294
f 3430/1172/1271 3432/1172/1271 3429/1172/1271 3427/1172/1271
f 3322/1172/1216 3324/1172/1216 3321/1172/1216 3319/1172/1216
f 3506/1172/1295 3507/1172/1295 3481/1172/1295 3482/1172/1295
f 3508/1172/1295 3506/1172/1295 3482/1172/1295 3483/1172/1295
f 3509/1172/1295 3508/1172/1295 3483/1172/1295 3484/1172/1295
f 3510/1172/1295 3509/1172/1295 3484/1172/1295 3485/1172/1295
f 3511/1172/1295 3510/1172/1295 3485/1172/1295 3486/1172/1295
f 3512/1172/1295 3511/1172/1295 3486/1172/1295 3487/1172/1295
f 3513/1172/1295 3512/1172/1295 3487/1172/1295 3488/1172/1295
f 3514/1172/1295 3513/1172/1295 3488/1172/1295 3489/1172/1295
f 3515/1172/1295 3514/1172/1295 3489/1172/1295 3490/1172/1295
f 3516/1172/1295 3515/1172/1295 3490/1172/1295 3491/1172/1295
f 3517/1172/1295 3516/1172/1295 3491/1172/1295 3492/1172/1295
f 3507/1172/1295 3517/1172/1295 3492/1172/1295 3481/1172/1295
f 3484/1172/1296 3483/1172/1296 3496/1172/1296 3497/1172/1296
f 3491/1172/1297 3490/1172/1297 3503/1172/1297 3504/1172/1297
f 3488/1172/1298 3487/1172/1298 3500/1172/1298 3501/1172/1298
f 3485/1172/1299 3484/1172/1299 3497/1172/1299 3498/1172/1299
f 3492/1172/1300 3491/1172/1300 3504/1172/1300 3505/1172/1300
f 3482/1172/1301 3481/1172/1301 3494/1172/1301 3495/1172/1301
f 3489/1172/1302 3488/1172/1302 3501/1172/1302 3502/1172/1302
f 3486/1172/1303 3485/1172/1303 3498/1172/1303 3499/1172/1303
f 3481/1172/1304 3492/1172/1304 3505/1172/1304 3494/1172/1304
f 3483/1172/1305 3482/1172/1305 3495/1172/1305 3496/1172/1305
f 3490/1172/1306 3489/1172/1306 3502/1172/1306 3503/1172/1306
f 3487/1172/1307 3486/1172/1307 3499/1172/1307 3500/1172/1307
f 3518/1172/1308 3519/1172/1308 3507/1172/1308 3506/1172/1308
f 3520/1172/1309 3518/1172/1309 3506/1172/1309 3508/1172/1309
f 3521/1172/1310 3520/1172/1310 3508/1172/1310 3509/1172/1310
f 3522/1172/1311 3521/1172/1311 3509/1172/1311 3510/1172/1311
f 3523/1172/1312 3522/1172/1312 3510/1172/1312 3511/1172/1312
f 3524/1172/1313 3523/1172/1313 3511/1172/1313 3512/1172/1313
f 3525/1172/1314 3524/1172/1314 3512/1172/1314 3513/1172/1314
f 3526/1172/1315 3525/1172/1315 3513/1172/1315 3514/1172/1315
f 3527/1172/1316 3526/1172/1316 3514/1172/1316 3515/1172/1316
f 3528/1172/1317 3527/1172/1317 3515/1172/1317 3516/1172/1317
f 3529/1172/1318 3528/1172/1318 3516/1172/1318 3517/1172/1318
f 3519/1172/1319 3529/1172/1319 3517/1172/1319 3507/1172/1319
f 3530/1172/1320 3531/1172/1320 3519/1172/1320 3518/1172/1320
f 3532/1172/1321 3530/1172/1321 3518/1172/1321 3520/1172/1321
f 3533/1172/1322 3532/1172/1322 3520/1172/1322 3521/1172/1322
f 3534/1172/1323 3533/1172/1323 3521/1172/1323 3522/1172/1323
f 3535/1172/1324 3534/1172/1324 3522/1172/1324 3523/1172/1324
f 3536/1172/1325 3535/1172/1325 3523/1172/1325 3524/1172/1325
f 3537/1172/1326 3536/1172/1326 3524/1172/1326 3525/1172/1326
f 3538/1172/1327 3537/1172/1327 3525/1172/1327 3526/1172/1327
f 3539/1172/1328 3538/1172/1328 3526/1172/1328 3527/1172/1328
f 3540/1172/1329 3539/1172/1329 3527/1172/1329 3528/1172/1329
f 3541/1172/1330 3540/1172/1330 3528/1172/1330 3529/1172/1330
f 3531/1172/1331 3541/1172/1331 3529/1172/1331 3519/1172/1331
f 3542/1172/1332 3543/1172/1332 3531/1172/1332 3530/1172/1332
f 3544/1172/1333 3542/1172/1333 3530/1172/1333 3532/1172/1333
f 3545/1172/1334 3544/1172/1334 3532/1172/1334 3533/1172/1334
f 3546/1172/1335 3545/1172/1335 3533/1172/1335 3534/1172/1335
f 3547/1172/1336 3546/1172/1336 3534/1172/1336 3535/1172/1336
f 3548/1172/1337 3547/1172/1337 3535/1172/1337 3536/1172/1337
f 3549/1172/1338 3548/1172/1338 3536/1172/1338 3537/1172/1338
f 3550/1172/1339 3549/1172/1339 3537/1172/1339 3538/1172/1339
f 3551/1172/1340 3550/1172/1340 3538/1172/1340 3539/1172/1340
f 3552/1172/1341 3551/1172/1341 3539/1172/1341 3540/1172/1341
f 3553/1172/1342 3552/1172/1342 3540/1172/1342 3541/1172/1342
f 3543/1172/1343 3553/1172/1343 3541/1172/1343 3531/1172/1343
f 3493/1172/1344 3543/1172/1344 3542/1172/1344
f 3493/1172/1345 3542/1172/1345 3544/1172/1345
f 3493/1172/1346 3544/1172/1346 3545/1172/1346
f 3493/1172/1347 3545/1172/1347 3546/1172/1347
f 3493/1172/1348 3546/1172/1348 3547/1172/1348
f 3493/1172/1349 3547/1172/1349 3548/1172/1349
f 3493/1172/1350 3548/1172/1350 3549/1172/1350
f 3493/1172/1351 3549/1172/1351 3550/1172/1351
f 3493/1172/1352 3550/1172/1352 3551/1172/1352
f 3493/1172/1353 3551/1172/1353 3552/1172/1353
f 3493/1172/1354 3552/1172/1354 3553/1172/1354
f 3493/1172/1355 3553/1172/1355 3543/1172/1355
o Pipe00
v 1.723547 0.966944 1.392282
v 1.735737 0.966944 1.388321
v 1.743271 0.966944 1.377951
v 1.743271 0.966944 1.365134
v 1.735737 0.966944 1.354765
v 1.723547 0.966944 1.350804
v 1.711357 0.966944 1.354765
v 1.703823 0.966944 1.365134
v 1.703823 0.966944 1.377951
v 1.711357 0.966944 1.388321
v 1.723547 0.977526 1.394387
v 1.735737 0.979042 1.390727
v 1.743271 0.983010 1.381147
v 1.743271 0.987915 1.369305
v 1.735737 0.991883 1.359725
v 1.723547 0.993399 1.356066
v 1.711357 0.991883 1.359725
v 1.703823 0.987915 1.369305
v 1.703823 0.983010 1.381147
v 1.711357 0.979042 1.390727
v 1.723547 0.986497 1.400381
v 1.735737 0.989298 1.397580
v 1.743271 0.996630 1.390248
v 1.743271 1.005693 1.381184
v 1.735737 1.013026 1.373852
v 1.723547 1.015826 1.371051
v 1.711357 1.013026 1.373852
v 1.703823 1.005693 1.381184
v 1.703823 0.996630 1.390248
v 1.711357 0.989298 1.397580
v 1.723547 0.992491 1.409352
v 1.735737 0.996150 1.407836
v 1.743271 1.005731 1.403868
v 1.743271 1.017572 1.398963
v 1.735737 1.027152 1.394994
v 1.723547 1.030812 1.393479
v 1.711357 1.027152 1.394994
v 1.703823 1.017572 1.398963
v 1.703823 1.005731 1.403868
v 1.711357 0.996150 1.407836
v 1.723547 0.994596 1.419934
v 1.735737 0.998557 1.419934
v 1.743271 1.008926 1.419934
v 1.743271 1.021744 1.419934
v 1.735737 1.032113 1.419934
v 1.723547 1.036074 1.419934
v 1.711357 1.032113 1.419934
v 1.703823 1.021744 1.419934
v 1.703823 1.008926 1.419934
v 1.711357 0.998557 1.419933
v 1.737846 0.995654 1.419934
v 1.723547 0.991008 1.419934
v 1.746683 1.007818 1.419934
v 1.746683 1.022852 1.419934
v 1.737846 1.035016 1.419934
v 1.723547 1.039662 1.419934
v 1.709248 1.035016 1.419934
v 1.700410 1.022852 1.419934
v 1.700410 1.007818 1.419934
v 1.709248 0.995654 1.419933
v 1.737846 0.995654 1.439290
v 1.723547 0.991008 1.439290
v 1.746683 1.007818 1.439290
v 1.746683 1.022852 1.439290
v 1.737846 1.035016 1.439290
v 1.723547 1.039662 1.439290
v 1.709248 1.035016 1.439290
v 1.700410 1.022852 1.439290
v 1.700410 1.007818 1.439290
v 1.709248 0.995654 1.439290
v 1.710188 0.996948 1.430577
v 1.709248 0.995654 1.428459
v 1.745162 1.008312 1.430577
v 1.746683 1.007818 1.428459
v 1.723547 1.038063 1.430577
v 1.723547 1.039662 1.428459
v 1.701931 1.008312 1.430577
v 1.700410 1.007818 1.428459
v 1.736906 0.996948 1.430577
v 1.737846 0.995654 1.428459
v 1.723547 0.991008 1.428459
v 1.723547 0.991008 1.430764
v 1.736906 1.033722 1.430577
v 1.737846 1.035016 1.428459
v 1.746683 1.022852 1.428459
v 1.746683 1.022852 1.430764
v 1.701931 1.022358 1.430577
v 1.700410 1.022852 1.428459
v 1.709248 1.035016 1.428459
v 1.709248 1.035016 1.430764
v 1.710188 1.033722 1.430577
v 1.700410 1.022852 1.430764
v 1.701931 1.022358 1.428646
v 1.710188 1.033722 1.428646
v 1.745162 1.022358 1.430577
v 1.737846 1.035016 1.430764
v 1.736906 1.033722 1.428646
v 1.745162 1.022358 1.428646
v 1.723547 0.992607 1.430577
v 1.737846 0.995654 1.430764
v 1.736906 0.996948 1.428646
v 1.723547 0.992607 1.428646
v 1.700410 1.007818 1.430764
v 1.701931 1.008312 1.428646
v 1.723547 1.039662 1.430764
v 1.723547 1.038063 1.428646
v 1.746683 1.007818 1.430764
v 1.745162 1.008312 1.428646
v 1.709248 0.995654 1.430764
v 1.710188 0.996948 1.428646
v 1.723547 0.957817 1.344552
v 1.715173 0.927646 1.346350
v 1.749217 0.957817 1.379883
v 1.749217 0.957817 1.363202
v 1.707682 0.957817 1.393379
v 1.723547 0.957817 1.398534
v 1.697877 0.957817 1.363202
v 1.731920 0.927646 1.346350
v 1.739412 0.957817 1.393379
v 1.697877 0.957817 1.379883
v 1.700722 0.966944 1.378959
v 1.737653 0.966944 1.390959
v 1.737653 0.966944 1.352127
v 1.700722 0.966944 1.364126
v 1.723547 0.966944 1.395542
v 1.746372 0.966944 1.364126
v 1.709440 0.966944 1.352127
v 1.709440 0.966944 1.390959
v 1.746372 0.966944 1.378959
v 1.723547 0.966944 1.347543
v 1.723547 0.853688 1.343694
v 1.715173 0.858856 1.346350
v 1.731920 0.858856 1.346350
v 1.707682 0.957817 1.349706
v 1.739412 0.957817 1.349706
v 1.723547 0.936673 1.343566
v 1.723547 0.849828 1.343566
v 1.734174 0.856214 1.347082
v 1.712920 0.856214 1.347082
v 1.712920 0.930287 1.347082
v 1.734174 0.930287 1.347082
v 1.723547 0.932813 1.343694
v 1.723547 0.854050 1.348217
v 1.723547 0.932452 1.348217
v 1.731639 0.859040 1.350846
v 1.715454 0.859040 1.350846
v 1.715454 0.927462 1.350846
v 1.731639 0.927462 1.350846
v 1.723547 0.849469 1.344552
v 1.734505 0.856027 1.348112
v 1.712588 0.856027 1.348112
v 1.712588 0.930475 1.348112
v 1.734505 0.930475 1.348112
v 1.723547 0.937033 1.344552
v 1.723547 0.854050 1.344552
v 1.731639 0.859040 1.347181
v 1.715454 0.859040 1.347181
v 1.715454 0.927462 1.347181
v 1.731639 0.927462 1.347181
v 1.723547 0.932452 1.344552
v 1.739412 0.828685 1.349706
v 1.707682 0.828685 1.349706
v 1.723547 0.690426 1.392282
v 1.735737 0.690426 1.388321
v 1.743271 0.690426 1.377951
v 1.743271 0.690426 1.365134
v 1.735737 0.690426 1.354765
v 1.723547 0.690426 1.350804
v 1.711357 0.690426 1.354765
v 1.703823 0.690426 1.365134
v 1.703823 0.690426 1.377951
v 1.711357 0.690426 1.388321
v 1.723547 0.679844 1.394387
v 1.735737 0.678328 1.390727
v 1.743271 0.674360 1.381147
v 1.743271 0.669455 1.369305
v 1.735737 0.665487 1.359725
v 1.723547 0.663971 1.356066
v 1.711357 0.665487 1.359725
v 1.703823 0.669455 1.369305
v 1.703823 0.674360 1.381147
v 1.711357 0.678328 1.390727
v 1.723547 0.670873 1.400381
v 1.735737 0.668072 1.397580
v 1.743271 0.660740 1.390248
v 1.743271 0.651677 1.381184
v 1.735737 0.644344 1.373852
v 1.723547 0.641544 1.371051
v 1.711357 0.644344 1.373852
v 1.703823 0.651677 1.381184
v 1.703823 0.660740 1.390248
v 1.711357 0.668072 1.397580
v 1.723547 0.664879 1.409352
v 1.735737 0.661219 1.407836
v 1.743271 0.651639 1.403868
v 1.743271 0.639798 1.398963
v 1.735737 0.630217 1.394994
v 1.723547 0.626558 1.393479
v 1.711357 0.630217 1.394994
v 1.703823 0.639798 1.398963
v 1.703823 0.651639 1.403868
v 1.711357 0.661219 1.407836
v 1.723547 0.662774 1.419934
v 1.735737 0.658813 1.419934
v 1.743271 0.648444 1.419934
v 1.743271 0.635626 1.419934
v 1.735737 0.625257 1.419934
v 1.723547 0.621296 1.419934
v 1.711357 0.625257 1.419934
v 1.703823 0.635626 1.419934
v 1.703823 0.648444 1.419934
v 1.711357 0.658813 1.419933
v 1.737846 0.661716 1.419934
v 1.723547 0.666362 1.419934
v 1.746683 0.649552 1.419934
v 1.746683 0.634517 1.419934
v 1.737846 0.622354 1.419934
v 1.723547 0.617708 1.419934
v 1.709248 0.622354 1.419934
v 1.700410 0.634517 1.419934
v 1.700410 0.649552 1.419934
v 1.709248 0.661716 1.419933
v 1.737846 0.661716 1.439290
v 1.723547 0.666362 1.439290
v 1.746683 0.649552 1.439290
v 1.746683 0.634517 1.439290
v 1.737846 0.622354 1.439290
v 1.723547 0.617708 1.439290
v 1.709248 0.622354 1.439290
v 1.700410 0.634517 1.439290
v 1.700410 0.649552 1.439290
v 1.709248 0.661716 1.439290
v 1.710188 0.660422 1.430577
v 1.709248 0.661716 1.428459
v 1.745162 0.649058 1.430577
v 1.746683 0.649552 1.428459
v 1.723547 0.619307 1.430577
v 1.723547 0.617708 1.428459
v 1.701931 0.649058 1.430577
v 1.700410 0.649552 1.428459
v 1.736906 0.660422 1.430577
v 1.737846 0.661716 1.428459
v 1.723547 0.666362 1.428459
v 1.723547 0.666362 1.430764
v 1.736906 0.623648 1.430577
v 1.737846 0.622354 1.428459
v 1.746683 0.634517 1.428459
v 1.746683 0.634517 1.430764
v 1.701931 0.635012 1.430577
v 1.700410 0.634517 1.428459
v 1.709248 0.622354 1.428459
v 1.709248 0.622354 1.430764
v 1.710188 0.623648 1.430577
v 1.700410 0.634517 1.430764
v 1.701931 0.635012 1.428646
v 1.710188 0.623648 1.428646
v 1.745162 0.635012 1.430577
v 1.737846 0.622354 1.430764
v 1.736906 0.623648 1.428646
v 1.745162 0.635012 1.428646
v 1.723547 0.664763 1.430577
v 1.737846 0.661716 1.430764
v 1.736906 0.660422 1.428646
v 1.723547 0.664763 1.428646
v 1.700410 0.649552 1.430764
v 1.701931 0.649058 1.428646
v 1.723547 0.617708 1.430764
v 1.723547 0.619307 1.428646
v 1.746683 0.649552 1.430764
v 1.745162 0.649058 1.428646
v 1.709248 0.661716 1.430764
v 1.710188 0.660422 1.428646
v 1.723547 0.699553 1.344552
v 1.715173 0.729724 1.346350
v 1.749217 0.699553 1.379883
v 1.749217 0.699553 1.363202
v 1.707682 0.699553 1.393379
v 1.723547 0.699553 1.398534
v 1.697877 0.699553 1.363202
v 1.731920 0.729724 1.346350
v 1.739412 0.699553 1.393379
v 1.697877 0.699553 1.379883
v 1.700722 0.690426 1.378959
v 1.737653 0.690426 1.390959
v 1.737653 0.690426 1.352127
v 1.700722 0.690426 1.364126
v 1.723547 0.690426 1.395542
v 1.746372 0.690426 1.364126
v 1.709440 0.690426 1.352127
v 1.709440 0.690426 1.390959
v 1.746372 0.690426 1.378959
v 1.723547 0.690426 1.347543
v 1.723547 0.803681 1.343694
v 1.715173 0.798514 1.346350
v 1.731920 0.798514 1.346350
v 1.707682 0.699553 1.349706
v 1.739412 0.699553 1.349706
v 1.723547 0.720697 1.343566
v 1.723547 0.807542 1.343566
v 1.734174 0.801156 1.347082
v 1.712920 0.801156 1.347082
v 1.712920 0.727082 1.347082
v 1.734174 0.727082 1.347082
v 1.723547 0.724557 1.343694
v 1.723547 0.803320 1.348217
v 1.723547 0.724918 1.348217
v 1.731639 0.798330 1.350846
v 1.715454 0.798330 1.350846
v 1.715454 0.729908 1.350846
v 1.731639 0.729908 1.350846
v 1.723547 0.807901 1.344552
v 1.734505 0.801343 1.348112
v 1.712588 0.801343 1.348112
v 1.712588 0.726895 1.348112
v 1.734505 0.726895 1.348112
v 1.723547 0.720337 1.344552
v 1.723547 0.803320 1.344552
v 1.731639 0.798330 1.347181
v 1.715454 0.798330 1.347181
v 1.715454 0.729908 1.347181
v 1.731639 0.729908 1.347181
v 1.723547 0.724918 1.344552
vn -0.0000 1.0000 -0.0000
vn 0.8035 -0.1161 0.5838
vn -0.8035 -0.1161 0.5838
vn -0.3036 0.1859 -0.9345
vn 1.0000 -0.0000 -0.0000
vn -0.3036 -0.1859 0.9345
vn -0.8035 0.1161 -0.5838
vn 0.8035 0.1161 -0.5838
vn 0.3036 -0.1859 0.9345
vn -1.0000 -0.0000 -0.0000
vn 0.3036 0.1859 -0.9345
vn -0.3036 0.5293 -0.7922
vn -0.3036 -0.5293 0.7922
vn -0.8035 0.3307 -0.4949
vn 0.8035 0.3307 -0.4949
vn 0.3036 -0.5293 0.7922
vn 0.3036 0.5293 -0.7922
vn 0.8035 -0.3307 0.4949
vn -0.8035 -0.3307 0.4949
vn -0.3036 -0.7922 0.5293
vn -0.8035 0.4949 -0.3307
vn 0.8035 0.4949 -0.3307
vn 0.3036 -0.7922 0.5293
vn 0.3036 0.7922 -0.5293
vn 0.8035 -0.4949 0.3307
vn -0.8035 -0.4949 0.3307
vn -0.3036 0.7922 -0.5293
vn -0.3036 -0.9345 0.1859
vn -0.8035 0.5838 -0.1161
vn 0.8035 0.5838 -0.1161
vn 0.3036 -0.9345 0.1859
vn 0.3036 0.9345 -0.1859
vn 0.8035 -0.5838 0.1161
vn -0.8035 -0.5838 0.1161
vn -0.3036 0.9345 -0.1859
vn -0.0000 -0.0000 -1.0000
vn -0.8090 0.5878 -0.0000
vn 0.8090 0.5878 -0.0000
vn 0.3090 -0.9511 -0.0000
vn -0.3090 0.9511 -0.0000
vn -0.3090 -0.9511 -0.0000
vn 0.3090 0.9511 -0.0000
vn 0.8090 -0.5878 -0.0000
vn -0.8090 -0.5878 -0.0000
vn -0.0985 0.0716 -0.9926
vn -0.0985 0.0716 0.9926
vn 0.0985 0.0716 -0.9926
vn 0.0985 0.0716 0.9926
vn 0.0376 -0.1158 -0.9926
vn 0.0376 -0.1158 0.9926
vn -0.1217 -0.0000 -0.9926
vn -0.1217 -0.0000 0.9926
vn 0.0376 0.1158 -0.9926
vn 0.0376 0.1158 0.9926
vn 0.0985 -0.0716 -0.9926
vn 0.0985 -0.0716 0.9926
vn -0.0985 -0.0716 -0.9926
vn -0.0985 -0.0716 0.9926
vn -0.0376 0.1158 -0.9926
vn -0.0376 0.1158 0.9926
vn 0.1217 -0.0000 -0.9926
vn 0.1217 -0.0000 0.9926
vn -0.0376 -0.1158 -0.9926
vn -0.0376 -0.1158 0.9926
vn -0.8090 -0.0000 0.5878
vn 0.8090 -0.0000 0.5878
vn 0.3090 -0.0000 0.9511
vn 0.8090 -0.0000 -0.5878
vn -0.8090 -0.0000 -0.5878
vn -0.3090 -0.0000 0.9511
vn 0.5249 -0.8512 -0.0000
vn -0.2950 0.2976 -0.9080
vn 0.9547 0.2976 -0.0000
vn -0.2950 0.2976 0.9080
vn -0.7724 0.2976 -0.5612
vn 0.7724 0.2976 -0.5612
vn 0.2950 0.2976 0.9080
vn -0.9547 0.2976 -0.0000
vn 0.2950 0.2976 -0.9080
vn 0.7724 0.2976 0.5612
vn -0.7724 0.2976 0.5612
vn 0.3090 -0.0000 -0.9511
vn -0.3090 -0.0000 -0.9511
vn 0.3003 0.0156 -0.9537
vn -0.3003 0.0156 -0.9537
vn 0.3003 -0.0156 -0.9537
vn -0.3003 -0.0156 -0.9537
vn 0.5249 0.8512 -0.0000
vn -0.5249 -0.8512 -0.0000
vn -0.5249 0.8512 -0.0000
vn 0.5611 -0.7710 -0.3012
vn -0.5611 -0.7710 -0.3012
vn -0.9520 -0.0000 -0.3061
vn 0.9520 -0.0000 -0.3061
vn 0.5611 0.7710 -0.3012
vn -0.5611 0.7710 -0.3012
vn -0.4116 0.8449 -0.3416
vn 0.4116 0.8449 -0.3416
vn 0.9473 -0.0000 -0.3202
vn -0.9473 -0.0000 -0.3202
vn -0.4116 -0.8449 -0.3416
vn 0.4116 -0.8449 -0.3416
vn -0.0000 -1.0000 -0.0000
vn 0.8035 0.1161 0.5838
vn -0.8035 0.1161 0.5838
vn -0.3036 -0.1859 -0.9345
vn -0.3036 0.1859 0.9345
vn -0.8035 -0.1161 -0.5838
vn 0.8035 -0.1161 -0.5838
vn 0.3036 0.1859 0.9345
vn 0.3036 -0.1859 -0.9345
vn -0.3036 -0.5293 -0.7922
vn -0.3036 0.5293 0.7922
vn -0.8035 -0.3307 -0.4949
vn 0.8035 -0.3307 -0.4949
vn 0.3036 0.5293 0.7922
vn 0.3036 -0.5293 -0.7922
vn 0.8035 0.3307 0.4949
vn -0.8035 0.3307 0.4949
vn -0.3036 0.7922 0.5293
vn -0.8035 -0.4949 -0.3307
vn 0.8035 -0.4949 -0.3307
vn 0.3036 0.7922 0.5293
vn 0.3036 -0.7922 -0.5293
vn 0.8035 0.4949 0.3307
vn -0.8035 0.4949 0.3307
vn -0.3036 -0.7922 -0.5293
vn -0.3036 0.9345 0.1859
vn -0.8035 -0.5838 -0.1161
vn 0.8035 -0.5838 -0.1161
vn 0.3036 0.9345 0.1859
vn 0.3036 -0.9345 -0.1859
vn 0.8035 0.5838 0.1161
vn -0.8035 0.5838 0.1161
vn -0.3036 -0.9345 -0.1859
vn -0.2950 -0.2976 -0.9080
vn 0.9547 -0.2976 -0.0000
vn -0.2950 -0.2976 0.9080
vn -0.7724 -0.2976 -0.5612
vn 0.7724 -0.2976 -0.5612
vn 0.2950 -0.2976 0.9080
vn -0.9547 -0.2976 -0.0000
vn 0.2950 -0.2976 -0.9080
vn 0.7724 -0.2976 0.5612
vn -0.7724 -0.2976 0.5612
vt 0.000000 0.000000
s 0
usemtl VCol.013
f 3680/1173/1356 3560/1173/1356 3559/1173/1356 3683/1173/1356
f 3679/1173/1356 3557/1173/1356 3556/1173/1356 3682/1173/1356
f 3678/1173/1356 3554/1173/1356 3563/1173/1356 3681/1173/1356
f 3677/1173/1356 3561/1173/1356 3560/1173/1356 3680/1173/1356
f 3676/1173/1356 3558/1173/1356 3557/1173/1356 3679/1173/1356
f 3675/1173/1356 3555/1173/1356 3554/1173/1356 3678/1173/1356
f 3674/1173/1356 3562/1173/1356 3561/1173/1356 3677/1173/1356
f 3683/1173/1356 3559/1173/1356 3558/1173/1356 3676/1173/1356
f 3682/1173/1356 3556/1173/1356 3555/1173/1356 3675/1173/1356
f 3681/1173/1356 3563/1173/1356 3562/1173/1356 3674/1173/1356
f 3556/1173/1357 3566/1173/1357 3565/1173/1357 3555/1173/1357
f 3563/1173/1358 3573/1173/1358 3572/1173/1358 3562/1173/1358
f 3560/1173/1359 3570/1173/1359 3569/1173/1359 3559/1173/1359
f 3557/1173/1360 3567/1173/1360 3566/1173/1360 3556/1173/1360
f 3554/1173/1361 3564/1173/1361 3573/1173/1361 3563/1173/1361
f 3561/1173/1362 3571/1173/1362 3570/1173/1362 3560/1173/1362
f 3558/1173/1363 3568/1173/1363 3567/1173/1363 3557/1173/1363
f 3555/1173/1364 3565/1173/1364 3564/1173/1364 3554/1173/1364
f 3562/1173/1365 3572/1173/1365 3571/1173/1365 3561/1173/1365
f 3559/1173/1366 3569/1173/1366 3568/1173/1366 3558/1173/1366
f 3570/1173/1367 3580/1173/1367 3579/1173/1367 3569/1173/1367
f 3567/1173/1360 3577/1173/1360 3576/1173/1360 3566/1173/1360
f 3564/1173/1368 3574/1173/1368 3583/1173/1368 3573/1173/1368
f 3571/1173/1369 3581/1173/1369 3580/1173/1369 3570/1173/1369
f 3568/1173/1370 3578/1173/1370 3577/1173/1370 3567/1173/1370
f 3565/1173/1371 3575/1173/1371 3574/1173/1371 3564/1173/1371
f 3572/1173/1365 3582/1173/1365 3581/1173/1365 3571/1173/1365
f 3569/1173/1372 3579/1173/1372 3578/1173/1372 3568/1173/1372
f 3566/1173/1373 3576/1173/1373 3575/1173/1373 3565/1173/1373
f 3573/1173/1374 3583/1173/1374 3582/1173/1374 3572/1173/1374
f 3577/1173/1360 3587/1173/1360 3586/1173/1360 3576/1173/1360
f 3574/1173/1375 3584/1173/1375 3593/1173/1375 3583/1173/1375
f 3581/1173/1376 3591/1173/1376 3590/1173/1376 3580/1173/1376
f 3578/1173/1377 3588/1173/1377 3587/1173/1377 3577/1173/1377
f 3575/1173/1378 3585/1173/1378 3584/1173/1378 3574/1173/1378
f 3582/1173/1365 3592/1173/1365 3591/1173/1365 3581/1173/1365
f 3579/1173/1379 3589/1173/1379 3588/1173/1379 3578/1173/1379
f 3576/1173/1380 3586/1173/1380 3585/1173/1380 3575/1173/1380
f 3583/1173/1381 3593/1173/1381 3592/1173/1381 3582/1173/1381
f 3580/1173/1382 3590/1173/1382 3589/1173/1382 3579/1173/1382
f 3584/1173/1383 3594/1173/1383 3603/1173/1383 3593/1173/1383
f 3591/1173/1384 3601/1173/1384 3600/1173/1384 3590/1173/1384
f 3588/1173/1385 3598/1173/1385 3597/1173/1385 3587/1173/1385
f 3585/1173/1386 3595/1173/1386 3594/1173/1386 3584/1173/1386
f 3592/1173/1365 3602/1173/1365 3601/1173/1365 3591/1173/1365
f 3589/1173/1387 3599/1173/1387 3598/1173/1387 3588/1173/1387
f 3586/1173/1388 3596/1173/1388 3595/1173/1388 3585/1173/1388
f 3593/1173/1389 3603/1173/1389 3602/1173/1389 3592/1173/1389
f 3590/1173/1390 3600/1173/1390 3599/1173/1390 3589/1173/1390
f 3587/1173/1360 3597/1173/1360 3596/1173/1360 3586/1173/1360
f 3597/1173/1391 3607/1173/1391 3606/1173/1391 3596/1173/1391
f 3594/1173/1391 3605/1173/1391 3613/1173/1391 3603/1173/1391
f 3596/1173/1391 3606/1173/1391 3604/1173/1391 3595/1173/1391
f 3645/1173/1392 3621/1173/1392 3620/1173/1392 3643/1173/1392
f 3603/1173/1391 3613/1173/1391 3612/1173/1391 3602/1173/1391
f 3595/1173/1391 3604/1173/1391 3605/1173/1391 3594/1173/1391
f 3649/1173/1393 3618/1173/1393 3617/1173/1393 3639/1173/1393
f 3602/1173/1391 3612/1173/1391 3611/1173/1391 3601/1173/1391
f 3653/1173/1394 3614/1173/1394 3615/1173/1394 3635/1173/1394
f 3611/1173/1392 3641/1173/1392 3642/1173/1392 3610/1173/1392
f 3608/1173/1393 3637/1173/1393 3638/1173/1393 3607/1173/1393
f 3604/1173/1394 3633/1173/1394 3634/1173/1394 3605/1173/1394
f 3612/1173/1365 3631/1173/1365 3641/1173/1365 3611/1173/1365
f 3610/1173/1395 3642/1173/1395 3629/1173/1395 3609/1173/1395
f 3607/1173/1360 3638/1173/1360 3627/1173/1360 3606/1173/1360
f 3605/1173/1396 3634/1173/1396 3625/1173/1396 3613/1173/1396
f 3656/1173/1365 3622/1173/1365 3621/1173/1365 3645/1173/1365
f 3609/1173/1397 3629/1173/1397 3637/1173/1397 3608/1173/1397
f 3606/1173/1398 3627/1173/1398 3633/1173/1398 3604/1173/1398
f 3658/1173/1397 3619/1173/1397 3618/1173/1397 3649/1173/1397
f 3598/1173/1391 3608/1173/1391 3607/1173/1391 3597/1173/1391
f 3660/1173/1398 3616/1173/1398 3614/1173/1398 3653/1173/1398
f 3599/1173/1391 3609/1173/1391 3608/1173/1391 3598/1173/1391
f 3662/1173/1399 3623/1173/1399 3622/1173/1399 3656/1173/1399
f 3600/1173/1391 3610/1173/1391 3609/1173/1391 3599/1173/1391
f 3643/1173/1395 3620/1173/1395 3619/1173/1395 3658/1173/1395
f 3639/1173/1360 3617/1173/1360 3616/1173/1360 3660/1173/1360
f 3601/1173/1391 3611/1173/1391 3610/1173/1391 3600/1173/1391
f 3635/1173/1396 3615/1173/1396 3623/1173/1396 3662/1173/1396
f 3644/1173/1392 3647/1173/1392 3646/1173/1392 3640/1173/1392
f 3648/1173/1393 3651/1173/1393 3650/1173/1393 3636/1173/1393
f 3652/1173/1394 3655/1173/1394 3654/1173/1394 3632/1173/1394
f 3640/1173/1365 3646/1173/1365 3657/1173/1365 3630/1173/1365
f 3636/1173/1397 3650/1173/1397 3659/1173/1397 3628/1173/1397
f 3632/1173/1398 3654/1173/1398 3661/1173/1398 3626/1173/1398
f 3630/1173/1399 3657/1173/1399 3663/1173/1399 3624/1173/1399
f 3628/1173/1395 3659/1173/1395 3647/1173/1395 3644/1173/1395
f 3626/1173/1360 3661/1173/1360 3651/1173/1360 3648/1173/1360
f 3624/1173/1396 3663/1173/1396 3655/1173/1396 3652/1173/1396
f 3613/1173/1399 3625/1173/1399 3631/1173/1399 3612/1173/1399
f 3640/1173/1400 3645/1173/1400 3643/1173/1400 3644/1173/1400
f 3647/1173/1401 3642/1173/1401 3641/1173/1401 3646/1173/1401
f 3636/1173/1402 3649/1173/1402 3639/1173/1402 3648/1173/1402
f 3651/1173/1403 3638/1173/1403 3637/1173/1403 3650/1173/1403
f 3632/1173/1404 3653/1173/1404 3635/1173/1404 3652/1173/1404
f 3655/1173/1405 3634/1173/1405 3633/1173/1405 3654/1173/1405
f 3630/1173/1406 3656/1173/1406 3645/1173/1406 3640/1173/1406
f 3646/1173/1407 3641/1173/1407 3631/1173/1407 3657/1173/1407
f 3628/1173/1408 3658/1173/1408 3649/1173/1408 3636/1173/1408
f 3650/1173/1409 3637/1173/1409 3629/1173/1409 3659/1173/1409
f 3626/1173/1410 3660/1173/1410 3653/1173/1410 3632/1173/1410
f 3654/1173/1411 3633/1173/1411 3627/1173/1411 3661/1173/1411
f 3624/1173/1412 3662/1173/1412 3656/1173/1412 3630/1173/1412
f 3657/1173/1413 3631/1173/1413 3625/1173/1413 3663/1173/1413
f 3644/1173/1414 3643/1173/1414 3658/1173/1414 3628/1173/1414
f 3659/1173/1415 3629/1173/1415 3642/1173/1415 3647/1173/1415
f 3648/1173/1416 3639/1173/1416 3660/1173/1416 3626/1173/1416
f 3661/1173/1417 3627/1173/1417 3638/1173/1417 3651/1173/1417
f 3652/1173/1418 3635/1173/1418 3662/1173/1418 3624/1173/1418
f 3663/1173/1419 3625/1173/1419 3634/1173/1419 3655/1173/1419
f 3830/1173/1420 3668/1173/1420 3673/1173/1420 3835/1173/1420
f 3828/1173/1421 3666/1173/1421 3672/1173/1421 3834/1173/1421
f 3709/1173/1365 3698/1173/1365 3701/1173/1365 3712/1173/1365
f 3835/1173/1365 3673/1173/1365 3670/1173/1365 3832/1173/1365
f 3834/1173/1422 3672/1173/1422 3669/1173/1422 3831/1173/1422
f 3714/1173/1423 3688/1173/1423 3667/1173/1423 3829/1173/1423
f 3832/1173/1424 3670/1173/1424 3687/1173/1424 3715/1173/1424
f 3831/1173/1425 3669/1173/1425 3668/1173/1425 3830/1173/1425
f 3829/1173/1360 3667/1173/1360 3666/1173/1360 3828/1173/1360
f 3713/1173/1426 3697/1173/1426 3700/1173/1426 3711/1173/1426
f 3687/1173/1427 3680/1173/1427 3683/1173/1427 3664/1173/1427
f 3667/1173/1428 3679/1173/1428 3682/1173/1428 3666/1173/1428
f 3669/1173/1429 3678/1173/1429 3681/1173/1429 3668/1173/1429
f 3670/1173/1430 3677/1173/1430 3680/1173/1430 3687/1173/1430
f 3688/1173/1431 3676/1173/1431 3679/1173/1431 3667/1173/1431
f 3672/1173/1432 3675/1173/1432 3678/1173/1432 3669/1173/1432
f 3673/1173/1433 3674/1173/1433 3677/1173/1433 3670/1173/1433
f 3664/1173/1434 3683/1173/1434 3676/1173/1434 3688/1173/1434
f 3666/1173/1435 3682/1173/1435 3675/1173/1435 3672/1173/1435
f 3668/1173/1436 3681/1173/1436 3674/1173/1436 3673/1173/1436
f 3703/1173/1437 3714/1173/1437 3702/1173/1437
f 3702/1173/1438 3715/1173/1438 3704/1173/1438
f 3704/1173/1438 3715/1173/1438 3687/1173/1438 3705/1173/1438
f 3706/1173/1437 3688/1173/1437 3714/1173/1437 3703/1173/1437
f 3707/1173/1437 3664/1173/1437 3688/1173/1437 3706/1173/1437
f 3705/1173/1438 3687/1173/1438 3664/1173/1438 3707/1173/1438
f 3686/1173/1439 3691/1173/1439 3690/1173/1439 3684/1173/1439
f 3684/1173/1440 3690/1173/1440 3692/1173/1440 3685/1173/1440
f 3685/1173/1438 3692/1173/1438 3693/1173/1438 3665/1173/1438
f 3671/1173/1437 3694/1173/1437 3691/1173/1437 3686/1173/1437
f 3695/1173/1441 3689/1173/1441 3694/1173/1441 3671/1173/1441
f 3665/1173/1442 3693/1173/1442 3689/1173/1442 3695/1173/1442
f 3696/1173/1437 3697/1173/1437 3701/1173/1437 3698/1173/1437
f 3699/1173/1438 3700/1173/1438 3697/1173/1438 3696/1173/1438
f 3710/1173/1443 3699/1173/1443 3696/1173/1443 3708/1173/1443
f 3712/1173/1444 3701/1173/1444 3697/1173/1444 3713/1173/1444
f 3711/1173/1360 3700/1173/1360 3699/1173/1360 3710/1173/1360
f 3708/1173/1445 3696/1173/1445 3698/1173/1445 3709/1173/1445
f 3691/1173/1446 3703/1173/1446 3702/1173/1446 3690/1173/1446
f 3690/1173/1447 3702/1173/1447 3704/1173/1447 3692/1173/1447
f 3692/1173/1448 3704/1173/1448 3705/1173/1448 3693/1173/1448
f 3694/1173/1449 3706/1173/1449 3703/1173/1449 3691/1173/1449
f 3689/1173/1450 3707/1173/1450 3706/1173/1450 3694/1173/1450
f 3693/1173/1451 3705/1173/1451 3707/1173/1451 3689/1173/1451
f 3684/1173/1452 3708/1173/1452 3709/1173/1452 3686/1173/1452
f 3685/1173/1453 3710/1173/1453 3708/1173/1453 3684/1173/1453
f 3665/1173/1454 3711/1173/1454 3710/1173/1454 3685/1173/1454
f 3686/1173/1455 3709/1173/1455 3712/1173/1455 3671/1173/1455
f 3671/1173/1456 3712/1173/1456 3713/1173/1456 3695/1173/1456
f 3695/1173/1457 3713/1173/1457 3711/1173/1457 3665/1173/1457
f 3842/1173/1458 3845/1173/1458 3721/1173/1458 3722/1173/1458
f 3841/1173/1458 3844/1173/1458 3718/1173/1458 3719/1173/1458
f 3840/1173/1458 3843/1173/1458 3725/1173/1458 3716/1173/1458
f 3839/1173/1458 3842/1173/1458 3722/1173/1458 3723/1173/1458
f 3838/1173/1458 3841/1173/1458 3719/1173/1458 3720/1173/1458
f 3837/1173/1458 3840/1173/1458 3716/1173/1458 3717/1173/1458
f 3836/1173/1458 3839/1173/1458 3723/1173/1458 3724/1173/1458
f 3845/1173/1458 3838/1173/1458 3720/1173/1458 3721/1173/1458
f 3844/1173/1458 3837/1173/1458 3717/1173/1458 3718/1173/1458
f 3843/1173/1458 3836/1173/1458 3724/1173/1458 3725/1173/1458
f 3718/1173/1459 3717/1173/1459 3727/1173/1459 3728/1173/1459
f 3725/1173/1460 3724/1173/1460 3734/1173/1460 3735/1173/1460
f 3722/1173/1461 3721/1173/1461 3731/1173/1461 3732/1173/1461
f 3719/1173/1360 3718/1173/1360 3728/1173/1360 3729/1173/1360
f 3716/1173/1462 3725/1173/1462 3735/1173/1462 3726/1173/1462
f 3723/1173/1463 3722/1173/1463 3732/1173/1463 3733/1173/1463
f 3720/1173/1464 3719/1173/1464 3729/1173/1464 3730/1173/1464
f 3717/1173/1465 3716/1173/1465 3726/1173/1465 3727/1173/1465
f 3724/1173/1365 3723/1173/1365 3733/1173/1365 3734/1173/1365
f 3721/1173/1466 3720/1173/1466 3730/1173/1466 3731/1173/1466
f 3732/1173/1467 3731/1173/1467 3741/1173/1467 3742/1173/1467
f 3729/1173/1360 3728/1173/1360 3738/1173/1360 3739/1173/1360
f 3726/1173/1468 3735/1173/1468 3745/1173/1468 3736/1173/1468
f 3733/1173/1469 3732/1173/1469 3742/1173/1469 3743/1173/1469
f 3730/1173/1470 3729/1173/1470 3739/1173/1470 3740/1173/1470
f 3727/1173/1471 3726/1173/1471 3736/1173/1471 3737/1173/1471
f 3734/1173/1365 3733/1173/1365 3743/1173/1365 3744/1173/1365
f 3731/1173/1472 3730/1173/1472 3740/1173/1472 3741/1173/1472
f 3728/1173/1473 3727/1173/1473 3737/1173/1473 3738/1173/1473
f 3735/1173/1474 3734/1173/1474 3744/1173/1474 3745/1173/1474
f 3739/1173/1360 3738/1173/1360 3748/1173/1360 3749/1173/1360
f 3736/1173/1475 3745/1173/1475 3755/1173/1475 3746/1173/1475
f 3743/1173/1476 3742/1173/1476 3752/1173/1476 3753/1173/1476
f 3740/1173/1477 3739/1173/1477 3749/1173/1477 3750/1173/1477
f 3737/1173/1478 3736/1173/1478 3746/1173/1478 3747/1173/1478
f 3744/1173/1365 3743/1173/1365 3753/1173/1365 3754/1173/1365
f 3741/1173/1479 3740/1173/1479 3750/1173/1479 3751/1173/1479
f 3738/1173/1480 3737/1173/1480 3747/1173/1480 3748/1173/1480
f 3745/1173/1481 3744/1173/1481 3754/1173/1481 3755/1173/1481
f 3742/1173/1482 3741/1173/1482 3751/1173/1482 3752/1173/1482
f 3746/1173/1483 3755/1173/1483 3765/1173/1483 3756/1173/1483
f 3753/1173/1484 3752/1173/1484 3762/1173/1484 3763/1173/1484
f 3750/1173/1485 3749/1173/1485 3759/1173/1485 3760/1173/1485
f 3747/1173/1486 3746/1173/1486 3756/1173/1486 3757/1173/1486
f 3754/1173/1365 3753/1173/1365 3763/1173/1365 3764/1173/1365
f 3751/1173/1487 3750/1173/1487 3760/1173/1487 3761/1173/1487
f 3748/1173/1488 3747/1173/1488 3757/1173/1488 3758/1173/1488
f 3755/1173/1489 3754/1173/1489 3764/1173/1489 3765/1173/1489
f 3752/1173/1490 3751/1173/1490 3761/1173/1490 3762/1173/1490
f 3749/1173/1360 3748/1173/1360 3758/1173/1360 3759/1173/1360
f 3759/1173/1391 3758/1173/1391 3768/1173/1391 3769/1173/1391
f 3756/1173/1391 3765/1173/1391 3775/1173/1391 3767/1173/1391
f 3758/1173/1391 3757/1173/1391 3766/1173/1391 3768/1173/1391
f 3807/1173/1399 3805/1173/1399 3782/1173/1399 3783/1173/1399
f 3765/1173/1391 3764/1173/1391 3774/1173/1391 3775/1173/1391
f 3757/1173/1391 3756/1173/1391 3767/1173/1391 3766/1173/1391
f 3811/1173/1398 3801/1173/1398 3779/1173/1398 3780/1173/1398
f 3764/1173/1391 3763/1173/1391 3773/1173/1391 3774/1173/1391
f 3815/1173/1397 3797/1173/1397 3777/1173/1397 3776/1173/1397
f 3773/1173/1399 3772/1173/1399 3804/1173/1399 3803/1173/1399
f 3770/1173/1398 3769/1173/1398 3800/1173/1398 3799/1173/1398
f 3766/1173/1397 3767/1173/1397 3796/1173/1397 3795/1173/1397
f 3774/1173/1365 3773/1173/1365 3803/1173/1365 3793/1173/1365
f 3772/1173/1396 3771/1173/1396 3791/1173/1396 3804/1173/1396
f 3769/1173/1360 3768/1173/1360 3789/1173/1360 3800/1173/1360
f 3767/1173/1395 3775/1173/1395 3787/1173/1395 3796/1173/1395
f 3818/1173/1365 3807/1173/1365 3783/1173/1365 3784/1173/1365
f 3771/1173/1394 3770/1173/1394 3799/1173/1394 3791/1173/1394
f 3768/1173/1393 3766/1173/1393 3795/1173/1393 3789/1173/1393
f 3820/1173/1394 3811/1173/1394 3780/1173/1394 3781/1173/1394
f 3760/1173/1391 3759/1173/1391 3769/1173/1391 3770/1173/1391
f 3822/1173/1393 3815/1173/1393 3776/1173/1393 3778/1173/1393
f 3761/1173/1391 3760/1173/1391 3770/1173/1391 3771/1173/1391
f 3824/1173/1392 3818/1173/1392 3784/1173/1392 3785/1173/1392
f 3762/1173/1391 3761/1173/1391 3771/1173/1391 3772/1173/1391
f 3805/1173/1396 3820/1173/1396 3781/1173/1396 3782/1173/1396
f 3801/1173/1360 3822/1173/1360 3778/1173/1360 3779/1173/1360
f 3763/1173/1391 3762/1173/1391 3772/1173/1391 3773/1173/1391
f 3797/1173/1395 3824/1173/1395 3785/1173/1395 3777/1173/1395
f 3806/1173/1399 3802/1173/1399 3808/1173/1399 3809/1173/1399
f 3810/1173/1398 3798/1173/1398 3812/1173/1398 3813/1173/1398
f 3814/1173/1397 3794/1173/1397 3816/1173/1397 3817/1173/1397
f 3802/1173/1365 3792/1173/1365 3819/1173/1365 3808/1173/1365
f 3798/1173/1394 3790/1173/1394 3821/1173/1394 3812/1173/1394
f 3794/1173/1393 3788/1173/1393 3823/1173/1393 3816/1173/1393
f 3792/1173/1392 3786/1173/1392 3825/1173/1392 3819/1173/1392
f 3790/1173/1396 3806/1173/1396 3809/1173/1396 3821/1173/1396
f 3788/1173/1360 3810/1173/1360 3813/1173/1360 3823/1173/1360
f 3786/1173/1395 3814/1173/1395 3817/1173/1395 3825/1173/1395
f 3775/1173/1392 3774/1173/1392 3793/1173/1392 3787/1173/1392
f 3802/1173/1412 3806/1173/1412 3805/1173/1412 3807/1173/1412
f 3809/1173/1413 3808/1173/1413 3803/1173/1413 3804/1173/1413
f 3798/1173/1410 3810/1173/1410 3801/1173/1410 3811/1173/1410
f 3813/1173/1411 3812/1173/1411 3799/1173/1411 3800/1173/1411
f 3794/1173/1408 3814/1173/1408 3797/1173/1408 3815/1173/1408
f 3817/1173/1409 3816/1173/1409 3795/1173/1409 3796/1173/1409
f 3792/1173/1406 3802/1173/1406 3807/1173/1406 3818/1173/1406
f 3808/1173/1407 3819/1173/1407 3793/1173/1407 3803/1173/1407
f 3790/1173/1404 3798/1173/1404 3811/1173/1404 3820/1173/1404
f 3812/1173/1405 3821/1173/1405 3791/1173/1405 3799/1173/1405
f 3788/1173/1402 3794/1173/1402 3815/1173/1402 3822/1173/1402
f 3816/1173/1403 3823/1173/1403 3789/1173/1403 3795/1173/1403
f 3786/1173/1400 3792/1173/1400 3818/1173/1400 3824/1173/1400
f 3819/1173/1401 3825/1173/1401 3787/1173/1401 3793/1173/1401
f 3806/1173/1418 3790/1173/1418 3820/1173/1418 3805/1173/1418
f 3821/1173/1419 3809/1173/1419 3804/1173/1419 3791/1173/1419
f 3810/1173/1416 3788/1173/1416 3822/1173/1416 3801/1173/1416
f 3823/1173/1417 3813/1173/1417 3800/1173/1417 3789/1173/1417
f 3814/1173/1414 3786/1173/1414 3824/1173/1414 3797/1173/1414
f 3825/1173/1415 3817/1173/1415 3796/1173/1415 3787/1173/1415
f 3871/1173/1365 3874/1173/1365 3863/1173/1365 3860/1173/1365
f 3714/1173/1423 3829/1173/1423 3850/1173/1423
f 3832/1173/1424 3715/1173/1424 3849/1173/1424
f 3875/1173/1443 3873/1173/1443 3862/1173/1443 3859/1173/1443
f 3849/1173/1491 3826/1173/1491 3845/1173/1491 3842/1173/1491
f 3829/1173/1492 3828/1173/1492 3844/1173/1492 3841/1173/1492
f 3831/1173/1493 3830/1173/1493 3843/1173/1493 3840/1173/1493
f 3832/1173/1494 3849/1173/1494 3842/1173/1494 3839/1173/1494
f 3850/1173/1495 3829/1173/1495 3841/1173/1495 3838/1173/1495
f 3834/1173/1496 3831/1173/1496 3840/1173/1496 3837/1173/1496
f 3835/1173/1497 3832/1173/1497 3839/1173/1497 3836/1173/1497
f 3826/1173/1498 3850/1173/1498 3838/1173/1498 3845/1173/1498
f 3828/1173/1499 3834/1173/1499 3837/1173/1499 3844/1173/1499
f 3830/1173/1500 3835/1173/1500 3836/1173/1500 3843/1173/1500
f 3865/1173/1437 3864/1173/1437 3702/1173/1437 3714/1173/1437
f 3864/1173/1438 3866/1173/1438 3715/1173/1438 3702/1173/1438
f 3866/1173/1438 3867/1173/1438 3849/1173/1438 3715/1173/1438
f 3868/1173/1437 3865/1173/1437 3714/1173/1437 3850/1173/1437
f 3869/1173/1437 3868/1173/1437 3850/1173/1437 3826/1173/1437
f 3867/1173/1438 3869/1173/1438 3826/1173/1438 3849/1173/1438
f 3848/1173/1441 3846/1173/1441 3852/1173/1441 3853/1173/1441
f 3846/1173/1442 3847/1173/1442 3854/1173/1442 3852/1173/1442
f 3847/1173/1438 3827/1173/1438 3855/1173/1438 3854/1173/1438
f 3833/1173/1437 3848/1173/1437 3853/1173/1437 3856/1173/1437
f 3857/1173/1439 3833/1173/1439 3856/1173/1439 3851/1173/1439
f 3827/1173/1440 3857/1173/1440 3851/1173/1440 3855/1173/1440
f 3858/1173/1437 3860/1173/1437 3863/1173/1437 3859/1173/1437
f 3861/1173/1438 3858/1173/1438 3859/1173/1438 3862/1173/1438
f 3872/1173/1426 3870/1173/1426 3858/1173/1426 3861/1173/1426
f 3874/1173/1445 3875/1173/1445 3859/1173/1445 3863/1173/1445
f 3873/1173/1360 3872/1173/1360 3861/1173/1360 3862/1173/1360
f 3870/1173/1444 3871/1173/1444 3860/1173/1444 3858/1173/1444
f 3853/1173/1450 3852/1173/1450 3864/1173/1450 3865/1173/1450
f 3852/1173/1451 3854/1173/1451 3866/1173/1451 3864/1173/1451
f 3854/1173/1448 3855/1173/1448 3867/1173/1448 3866/1173/1448
f 3856/1173/1449 3853/1173/1449 3865/1173/1449 3868/1173/1449
f 3851/1173/1446 3856/1173/1446 3868/1173/1446 3869/1173/1446
f 3855/1173/1447 3851/1173/1447 3869/1173/1447 3867/1173/1447
f 3846/1173/1456 3848/1173/1456 3871/1173/1456 3870/1173/1456
f 3847/1173/1457 3846/1173/1457 3870/1173/1457 3872/1173/1457
f 3827/1173/1454 3847/1173/1454 3872/1173/1454 3873/1173/1454
f 3848/1173/1455 3833/1173/1455 3874/1173/1455 3871/1173/1455
f 3833/1173/1452 3857/1173/1452 3875/1173/1452 3874/1173/1452
f 3857/1173/1453 3827/1173/1453 3873/1173/1453 3875/1173/1453
o FirstAidKit00
v -1.477900 0.569830 -2.108360
v -1.506657 0.598588 -2.108360
v -1.106657 0.598588 -2.108360
v -1.135414 0.569830 -2.108360
v -1.477900 0.769830 -2.108360
v -1.506657 0.741073 -2.108360
v -1.135414 0.769830 -2.108360
v -1.106657 0.741073 -2.108360
v -1.486657 0.732789 -2.108360
v -1.486657 0.606872 -2.108360
v -1.126657 0.606872 -2.108360
v -1.126657 0.732789 -2.108360
v -1.143699 0.749830 -2.108360
v -1.469615 0.749830 -2.108360
v -1.477900 0.569830 -2.122921
v -1.506657 0.598588 -2.122921
v -1.106657 0.598588 -2.122921
v -1.135414 0.569830 -2.122921
v -1.477900 0.769830 -2.122921
v -1.506657 0.741073 -2.122921
v -1.135414 0.769830 -2.122921
v -1.106657 0.741073 -2.122921
v -1.147666 0.600275 -2.055590
v -1.143699 0.748845 -2.079122
v -1.465648 0.600275 -2.055590
v -1.469615 0.748845 -2.079122
v -1.472604 0.725090 -2.082958
v -1.472604 0.612223 -2.065081
v -1.140710 0.612223 -2.065081
v -1.140710 0.725090 -2.082958
v -1.188344 0.696321 -2.103031
v -1.188344 0.763931 -2.113740
v -1.424970 0.696321 -2.103031
v -1.424970 0.763931 -2.113740
v -1.400937 0.696321 -2.103031
v -1.212377 0.696321 -2.103031
v -1.212377 0.763931 -2.113740
v -1.400937 0.763931 -2.113740
v -1.188344 0.727667 -2.069747
v -1.188344 0.751677 -2.073550
v -1.424970 0.727667 -2.069747
v -1.424970 0.751677 -2.073550
v -1.212377 0.727667 -2.069747
v -1.400937 0.751677 -2.073550
v -1.400937 0.727667 -2.069747
v -1.212377 0.751677 -2.073550
v -1.486657 0.732014 -2.076456
v -1.486657 0.607647 -2.056758
v -1.126657 0.607647 -2.056758
v -1.126657 0.732014 -2.076456
v -1.147666 0.739386 -2.077624
v -1.465648 0.739386 -2.077624
v -1.477080 0.728095 -2.075835
v -1.477080 0.611565 -2.057379
v -1.463794 0.603522 -2.063703
v -1.149520 0.603522 -2.063703
v -1.136234 0.611565 -2.057379
v -1.136234 0.728095 -2.075835
v -1.149520 0.733791 -2.084336
v -1.463794 0.733791 -2.084336
v -1.469615 0.590815 -2.054092
v -1.469615 0.589830 -2.108360
v -1.143699 0.589830 -2.108360
v -1.143699 0.590815 -2.054092
v -1.354785 0.660261 -2.072085
v -1.258529 0.660261 -2.072085
v -1.258529 0.677238 -2.074774
v -1.354785 0.677238 -2.074774
v -1.260796 0.663021 -2.069148
v -1.260796 0.675521 -2.071128
v -1.352518 0.663021 -2.069148
v -1.352518 0.675521 -2.071128
v -1.298062 0.621214 -2.065901
v -1.298062 0.716285 -2.080959
v -1.315251 0.716285 -2.080959
v -1.315251 0.621214 -2.065901
v -1.300329 0.714827 -2.075673
v -1.312985 0.714827 -2.075673
v -1.300329 0.624234 -2.061325
v -1.312985 0.624234 -2.061325
v -1.188344 0.705826 -2.103909
v -1.188344 0.755967 -2.111851
v -1.424970 0.705826 -2.103909
v -1.424970 0.755967 -2.111851
v -1.424970 0.725014 -2.063361
v -1.424970 0.756835 -2.068401
v -1.188344 0.725014 -2.063361
v -1.188344 0.756835 -2.068401
v -1.400937 0.725014 -2.063361
v -1.400937 0.705826 -2.103909
v -1.400937 0.755967 -2.111851
v -1.212377 0.705826 -2.103909
v -1.212377 0.755967 -2.111851
v -1.400937 0.756835 -2.068401
v -1.212377 0.725014 -2.063361
v -1.212377 0.756835 -2.068401
vn -0.7040 0.7099 0.0204
vn -1.0000 -0.0000 -0.0000
vn -0.0000 -0.0000 1.0000
vn 0.7071 0.7071 -0.0000
vn 0.7071 -0.7071 -0.0000
vn -0.7071 -0.7071 -0.0000
vn -0.0000 1.0000 -0.0000
vn 1.0000 -0.0000 -0.0000
vn -0.0000 -1.0000 -0.0000
vn -0.7071 0.7071 -0.0000
vn -0.0000 0.1564 0.9877
vn 0.7040 0.7099 0.0204
vn 0.7053 -0.7088 0.0118
vn -0.7053 -0.7088 0.0118
vn -0.0000 0.9994 0.0337
vn -0.0000 0.9880 0.1546
vn -0.0000 -0.8103 0.5861
vn 0.8588 0.0801 0.5059
vn 0.6073 0.6799 0.4109
vn -0.0000 0.9284 0.3716
vn -0.6073 0.6799 0.4109
vn -0.8588 0.0801 0.5059
vn -0.6073 -0.5197 0.6010
vn -0.0000 -0.7681 0.6403
vn 0.6073 -0.5197 0.6009
vn -0.0000 -0.9998 0.0181
vn 0.8269 0.0880 0.5554
vn -0.8269 0.0880 0.5554
vn -0.0000 -0.7288 0.6848
vn -0.0000 0.9047 0.4261
vn -0.0000 0.9640 0.2659
vn -0.0000 -0.8347 0.5508
vn 0.9105 0.0647 0.4083
vn -0.9105 0.0647 0.4083
vt 0.092604 0.900000
vt 0.050000 0.814792
vt 0.050000 0.185208
vt 0.000000 0.856213
vt 0.000000 0.143787
vt 0.092604 0.100000
vt 0.071894 0.000000
vt 0.907396 0.100000
vt 0.928106 0.000000
vt 0.950000 0.185208
vt 1.000000 0.143787
vt 0.950000 0.814792
vt 1.000000 0.856213
vt 0.907396 0.900000
vt 0.928106 1.000000
vt 0.071894 1.000000
vt 0.085133 0.214314
vt 0.107157 0.170266
vt 0.107157 0.829734
vt 0.085133 0.785686
vt 0.892843 0.170266
vt 0.914867 0.214314
vt 0.914867 0.785686
vt 0.892843 0.829733
vt 0.635799 0.358672
vt 0.907396 0.358672
vt 0.907396 0.735199
vt 0.635799 0.735199
vt 0.092604 0.358672
vt 0.364201 0.358672
vt 0.364201 0.735199
vt 0.092604 0.735199
vt 0.635799 0.805396
vt 0.635799 0.212109
vt 0.635799 0.400975
vt 0.635799 0.685069
vt 0.364201 0.900000
vt 0.092604 0.805396
vt 0.092604 0.212109
vt 0.092604 0.400975
vt 0.092604 0.685069
vt 0.364201 0.212109
vt 0.364201 0.805396
vt 0.364201 0.685069
vt 0.364201 0.400975
vt 0.635799 0.900000
vt 0.364201 0.100000
vt 0.635799 0.100000
vt 0.907396 0.212109
vt 0.907396 0.805396
vt 0.907396 0.685069
vt 0.907396 0.400975
vt 0.073943 0.205043
vt 0.073943 0.794957
vt 0.102522 0.147886
vt 0.897479 0.147886
vt 0.926057 0.205043
vt 0.926057 0.794957
vt 0.897478 0.852114
vt 0.102522 0.852114
vt 0.125658 0.257226
vt 0.874342 0.257226
vt 0.874342 0.742774
vt 0.125658 0.742774
s 0
usemtl VCol.014
f 3889/1174/1501 3884/1175/1501 3922/1175/1501 3901/1174/1501
f 3884/1175/1502 3885/1176/1502 3923/1176/1502 3922/1175/1502
f 3885/1176/1503 3884/1175/1503 3881/1177/1503 3877/1178/1503
f 3937/1179/1503 3885/1176/1503 3877/1178/1503 3876/1180/1503
f 3938/1181/1503 3937/1179/1503 3876/1180/1503 3879/1182/1503
f 3886/1183/1503 3938/1181/1503 3879/1182/1503 3878/1184/1503
f 3887/1185/1503 3886/1183/1503 3878/1184/1503 3883/1186/1503
f 3888/1187/1503 3887/1185/1503 3883/1186/1503 3882/1188/1503
f 3889/1174/1503 3888/1187/1503 3882/1188/1503 3880/1189/1503
f 3884/1175/1503 3889/1174/1503 3880/1189/1503 3881/1177/1503
f 3882/1188/1504 3883/1186/1504 3897/1186/1504 3896/1188/1504
f 3878/1184/1505 3879/1182/1505 3893/1182/1505 3892/1184/1505
f 3876/1180/1506 3877/1178/1506 3891/1178/1506 3890/1180/1506
f 3880/1189/1507 3882/1188/1507 3896/1188/1507 3894/1189/1507
f 3883/1186/1508 3878/1184/1508 3892/1184/1508 3897/1186/1508
f 3879/1182/1509 3876/1180/1509 3890/1180/1509 3893/1182/1509
f 3877/1178/1502 3881/1177/1502 3895/1177/1502 3891/1178/1502
f 3881/1177/1510 3880/1189/1510 3894/1189/1510 3895/1177/1510
f 3903/1190/1511 3930/1191/1511 3935/1192/1511 3902/1193/1511
f 3931/1194/1511 3904/1195/1511 3905/1196/1511 3934/1197/1511
f 3930/1191/1511 3931/1194/1511 3934/1197/1511 3935/1192/1511
f 3887/1185/1512 3888/1187/1512 3899/1187/1512 3925/1185/1512
f 3938/1181/1513 3886/1183/1513 3924/1183/1513 3939/1181/1513
f 3885/1176/1514 3937/1179/1514 3936/1179/1514 3923/1176/1514
f 3888/1187/1515 3889/1174/1515 3901/1174/1515 3899/1187/1515
f 3886/1183/1508 3887/1185/1508 3925/1185/1508 3924/1183/1508
f 3970/1198/1511 3962/1199/1511 3963/1200/1511 3971/1201/1511
f 3960/1202/1511 3964/1203/1511 3969/1204/1511 3961/1205/1511
f 3968/1206/1502 3967/1207/1502 3918/1208/1502 3921/1209/1502
f 3913/1210/1516 3909/1174/1516 3961/1205/1516 3969/1204/1516
f 3959/1211/1502 3958/1212/1502 3916/1213/1502 3917/1214/1502
f 3965/1215/1508 3966/1216/1508 3919/1217/1508 3920/1218/1508
f 3907/1187/1516 3912/1219/1516 3971/1201/1516 3963/1200/1516
f 3908/1179/1517 3910/1220/1517 3964/1203/1517 3960/1202/1517
f 3911/1221/1517 3906/1181/1517 3962/1199/1517 3970/1198/1517
f 3956/1222/1508 3957/1223/1508 3915/1224/1508 3914/1225/1508
f 3929/1226/1511 3928/1227/1511 3922/1175/1511 3923/1176/1511
f 3900/1228/1511 3929/1226/1511 3923/1176/1511 3936/1179/1511
f 3898/1229/1511 3900/1228/1511 3936/1179/1511 3939/1181/1511
f 3932/1230/1511 3898/1229/1511 3939/1181/1511 3924/1183/1511
f 3933/1231/1511 3932/1230/1511 3924/1183/1511 3925/1185/1511
f 3926/1232/1511 3933/1231/1511 3925/1185/1511 3899/1187/1511
f 3927/1233/1511 3926/1232/1511 3899/1187/1511 3901/1174/1511
f 3928/1227/1511 3927/1233/1511 3901/1174/1511 3922/1175/1511
f 3903/1190/1518 3902/1193/1518 3928/1227/1518 3929/1226/1518
f 3930/1191/1519 3903/1190/1519 3929/1226/1519 3900/1228/1519
f 3931/1194/1520 3930/1191/1520 3900/1228/1520 3898/1229/1520
f 3904/1195/1521 3931/1194/1521 3898/1229/1521 3932/1230/1521
f 3905/1196/1522 3904/1195/1522 3932/1230/1522 3933/1231/1522
f 3934/1197/1523 3905/1196/1523 3933/1231/1523 3926/1232/1523
f 3935/1192/1524 3934/1197/1524 3926/1232/1524 3927/1233/1524
f 3902/1193/1525 3935/1192/1525 3927/1233/1525 3928/1227/1525
f 3936/1179/1526 3937/1179/1526 3938/1181/1526 3939/1181/1526
f 3946/1234/1511 3944/1235/1511 3945/1236/1511 3947/1237/1511
f 3945/1236/1527 3944/1235/1527 3941/1194/1527 3942/1197/1527
f 3946/1234/1528 3947/1237/1528 3943/1192/1528 3940/1191/1528
f 3944/1235/1529 3946/1234/1529 3940/1191/1529 3941/1194/1529
f 3947/1237/1530 3945/1236/1530 3942/1197/1530 3943/1192/1530
f 3954/1234/1511 3952/1235/1511 3953/1236/1511 3955/1237/1511
f 3953/1236/1531 3952/1235/1531 3949/1194/1531 3950/1197/1531
f 3954/1234/1532 3955/1237/1532 3951/1192/1532 3948/1191/1532
f 3952/1235/1533 3954/1234/1533 3948/1191/1533 3949/1194/1533
f 3955/1237/1534 3953/1236/1534 3950/1197/1534 3951/1192/1534
f 3917/1214/1502 3916/1213/1502 3960/1202/1502 3961/1205/1502
f 3914/1225/1508 3915/1224/1508 3963/1200/1508 3962/1199/1508
f 3920/1218/1508 3919/1217/1508 3969/1204/1508 3964/1203/1508
f 3921/1209/1502 3918/1208/1502 3970/1198/1502 3971/1201/1502
f 3918/1208/1502 3967/1207/1502 3911/1221/1502 3970/1198/1502
f 3968/1206/1502 3921/1209/1502 3971/1201/1502 3912/1219/1502
f 3959/1211/1502 3917/1214/1502 3961/1205/1502 3909/1174/1502
f 3919/1217/1508 3966/1216/1508 3913/1210/1508 3969/1204/1508
f 3916/1213/1502 3958/1212/1502 3908/1179/1502 3960/1202/1502
f 3965/1215/1508 3920/1218/1508 3964/1203/1508 3910/1220/1508
f 3915/1224/1508 3957/1223/1508 3907/1187/1508 3963/1200/1508
f 3956/1222/1508 3914/1225/1508 3962/1199/1508 3906/1181/1508
o DoorPanel00
v 1.545545 0.537422 -2.116633
v 1.540154 0.542813 -2.116633
v 1.595447 0.542813 -2.116633
v 1.590056 0.537422 -2.116633
v 1.545545 0.650162 -2.116633
v 1.540154 0.644771 -2.116633
v 1.590056 0.650162 -2.116633
v 1.595447 0.644771 -2.116633
v 1.543744 0.643284 -2.116633
v 1.543744 0.544300 -2.116633
v 1.547032 0.541012 -2.116633
v 1.588569 0.541012 -2.116633
v 1.591857 0.544300 -2.116633
v 1.591857 0.643284 -2.116633
v 1.588569 0.646572 -2.116633
v 1.547032 0.646572 -2.116633
v 1.545099 0.536344 -2.121187
v 1.539077 0.542367 -2.121187
v 1.596524 0.542367 -2.121187
v 1.590502 0.536344 -2.121187
v 1.545099 0.651239 -2.121187
v 1.539077 0.645217 -2.121187
v 1.590502 0.651239 -2.121187
v 1.596524 0.645217 -2.121187
v 1.544822 0.642837 -2.118315
v 1.544822 0.544746 -2.118315
v 1.547479 0.542089 -2.118315
v 1.588123 0.542089 -2.118315
v 1.590780 0.544746 -2.118315
v 1.590780 0.642837 -2.118315
v 1.588123 0.645494 -2.118315
v 1.547479 0.645494 -2.118315
v 1.539077 0.645217 -2.118315
v 1.539077 0.542367 -2.118315
v 1.545099 0.536344 -2.118315
v 1.590502 0.536344 -2.118315
v 1.596524 0.542367 -2.118315
v 1.596524 0.645217 -2.118315
v 1.590502 0.651239 -2.118315
v 1.545099 0.651239 -2.118315
v 1.589343 0.595228 -2.118315
v 1.589343 0.642243 -2.118315
v 1.587528 0.644058 -2.118315
v 1.548074 0.644058 -2.118315
v 1.546258 0.642243 -2.118315
v 1.546258 0.595228 -2.118315
v 1.546258 0.592356 -2.118315
v 1.546258 0.545341 -2.118315
v 1.548074 0.543525 -2.118315
v 1.587528 0.543525 -2.118315
v 1.589343 0.545341 -2.118315
v 1.589343 0.592356 -2.118315
v 1.546970 0.591644 -2.114469
v 1.546970 0.545636 -2.114469
v 1.548368 0.544237 -2.114469
v 1.587233 0.544237 -2.114469
v 1.588632 0.545636 -2.114469
v 1.588632 0.595940 -2.114469
v 1.588632 0.641948 -2.114469
v 1.587233 0.643346 -2.114469
v 1.548368 0.643346 -2.114469
v 1.546970 0.641948 -2.114469
v 1.546970 0.595940 -2.114469
v 1.588632 0.591644 -2.114469
v 1.596524 0.613174 -2.121187
v 1.596524 0.631427 -2.121187
v 1.596524 0.631427 -2.118315
v 1.596524 0.613174 -2.118315
v 1.611539 0.613174 -2.121187
v 1.614317 0.615952 -2.121187
v 1.611539 0.631427 -2.121187
v 1.614317 0.628649 -2.121187
v 1.611539 0.613174 -2.118315
v 1.612481 0.616713 -2.116633
v 1.611539 0.631427 -2.118315
v 1.612481 0.627888 -2.116633
v 1.598360 0.629591 -2.116633
v 1.598360 0.615010 -2.116633
v 1.610779 0.629591 -2.116633
v 1.610779 0.615010 -2.116633
v 1.614317 0.615952 -2.118315
v 1.614317 0.628649 -2.118315
v 1.596524 0.574409 -2.121187
v 1.596524 0.556157 -2.121187
v 1.596524 0.556157 -2.118315
v 1.596524 0.574409 -2.118315
v 1.611539 0.574409 -2.121187
v 1.614317 0.571632 -2.121187
v 1.611539 0.556157 -2.121187
v 1.614317 0.558935 -2.121187
v 1.611539 0.574409 -2.118315
v 1.612481 0.570871 -2.116633
v 1.611539 0.556157 -2.118315
v 1.612481 0.559695 -2.116633
v 1.598360 0.557993 -2.116633
v 1.598360 0.572573 -2.116633
v 1.610779 0.557993 -2.116633
v 1.610779 0.572573 -2.116633
v 1.614317 0.571632 -2.118315
v 1.614317 0.558935 -2.118315
v 1.539077 0.602918 -2.121187
v 1.539077 0.584666 -2.121187
v 1.539077 0.584666 -2.118315
v 1.539077 0.602918 -2.118315
v 1.524062 0.602918 -2.121187
v 1.521284 0.600140 -2.121187
v 1.524062 0.584666 -2.121187
v 1.521284 0.587443 -2.121187
v 1.524062 0.602918 -2.118315
v 1.523120 0.599380 -2.116633
v 1.524062 0.584666 -2.118315
v 1.523120 0.588204 -2.116633
v 1.537241 0.586502 -2.116633
v 1.537241 0.601082 -2.116633
v 1.524823 0.586502 -2.116633
v 1.524823 0.601082 -2.116633
v 1.521284 0.600140 -2.118315
v 1.521284 0.587443 -2.118315
vn -0.0000 -0.0000 1.0000
vn -0.0000 -1.0000 -0.0000
vn -1.0000 -0.0000 -0.0000
vn -0.7071 0.7071 -0.0000
vn 0.7071 0.7071 -0.0000
vn 0.7071 -0.7071 -0.0000
vn -0.7071 -0.7071 -0.0000
vn -0.0000 1.0000 -0.0000
vn 1.0000 -0.0000 -0.0000
vn 0.8420 -0.0000 0.5395
vn 0.5954 0.5954 0.5395
vn -0.0000 0.8420 0.5395
vn -0.5954 0.5954 0.5395
vn -0.8420 -0.0000 0.5395
vn -0.5954 -0.5954 0.5395
vn -0.0000 -0.8420 0.5395
vn 0.5954 -0.5954 0.5395
vn -0.9833 -0.0000 0.1820
vn -0.6953 -0.6953 0.1820
vn -0.0000 -0.9833 0.1820
vn 0.6953 -0.6953 0.1820
vn 0.9833 -0.0000 0.1820
vn 0.6953 0.6953 0.1820
vn -0.0000 0.9833 0.1820
vn -0.6953 0.6953 0.1820
vn -0.6754 -0.0000 0.7374
vn -0.0000 0.6754 0.7374
vn -0.0000 -0.6754 0.7374
vn 0.4776 -0.4776 0.7374
vn 0.6754 -0.0000 0.7374
vn 0.4776 0.4776 0.7374
vn -0.4776 0.4776 0.7374
vn -0.4776 -0.4776 0.7374
vt 0.100000 0.073126
vt 0.146251 0.050000
vt 0.853749 0.050000
vt 0.900000 0.073125
vt 0.100000 0.926875
vt 0.900000 0.926875
vt 0.853749 0.950000
vt 0.146251 0.950000
vt 0.081247 0.069242
vt 0.081247 0.930758
vt 0.018753 0.943701
vt 0.018753 0.056299
vt 0.138483 0.040623
vt 0.112597 0.009377
vt 0.861517 0.040623
vt 0.887403 0.009377
vt 0.918753 0.069242
vt 0.981247 0.056299
vt 0.918753 0.930758
vt 0.981247 0.943701
vt 0.861517 0.959377
vt 0.887403 0.990624
vt 0.138483 0.959377
vt 0.112597 0.990623
vt 0.895170 0.000000
vt 0.104830 0.000000
vt 0.000000 0.052415
vt 0.000000 0.947585
vt 0.104830 1.000000
vt 0.895170 1.000000
vt 1.000000 0.947585
vt 1.000000 0.052415
vt 0.137391 0.080869
vt 0.161739 0.068695
vt 0.838261 0.068695
vt 0.862609 0.080869
vt 0.137391 0.919131
vt 0.862609 0.919131
vt 0.838261 0.931305
vt 0.161739 0.931305
vt 0.137391 0.481305
vt 0.862609 0.481305
vt 0.137391 0.518695
vt 0.862609 0.518695
vt 0.125000 0.487500
vt 0.125000 0.078303
vt 0.156606 0.062500
vt 0.843394 0.062500
vt 0.875000 0.078303
vt 0.875000 0.512500
vt 0.875000 0.921697
vt 0.843394 0.937500
vt 0.156606 0.937500
vt 0.125000 0.921697
vt 0.125000 0.512500
vt 0.875000 0.487500
vt 0.000000 0.000000
s 0
usemtl VCol.015
f 3997/1238/1535 3998/1239/1535 3999/1240/1535 4000/1241/1535
f 3996/1242/1535 4001/1243/1535 4002/1244/1535 4003/1245/1535
f 3996/1242/1535 3997/1238/1535 4000/1241/1535 4001/1243/1535
f 3981/1246/1535 3980/1247/1535 3977/1248/1535 3973/1249/1535
f 3982/1250/1535 3981/1246/1535 3973/1249/1535 3972/1251/1535
f 3983/1252/1535 3982/1250/1535 3972/1251/1535 3975/1253/1535
f 3984/1254/1535 3983/1252/1535 3975/1253/1535 3974/1255/1535
f 3985/1256/1535 3984/1254/1535 3974/1255/1535 3979/1257/1535
f 3986/1258/1535 3985/1256/1535 3979/1257/1535 3978/1259/1535
f 3987/1260/1535 3986/1258/1535 3978/1259/1535 3976/1261/1535
f 3980/1247/1535 3987/1260/1535 3976/1261/1535 3977/1248/1535
f 4007/1262/1536 4006/1263/1536 3988/1263/1536 3991/1262/1536
f 4005/1264/1537 4004/1265/1537 3993/1265/1537 3989/1264/1537
f 4004/1265/1538 4011/1266/1538 3992/1266/1538 3993/1265/1538
f 4010/1267/1539 4009/1268/1539 3995/1268/1539 3994/1267/1539
f 4008/1269/1540 4007/1262/1540 3991/1262/1540 3990/1269/1540
f 4006/1263/1541 4005/1264/1541 3989/1264/1541 3988/1263/1541
f 4011/1266/1542 4010/1267/1542 3994/1267/1542 3992/1266/1542
f 4009/1268/1543 4008/1269/1543 3990/1269/1543 3995/1268/1543
f 3980/1247/1544 3981/1246/1544 3997/1238/1544 3996/1242/1544
f 3981/1246/1545 3982/1250/1545 3998/1239/1545 3997/1238/1545
f 3982/1250/1546 3983/1252/1546 3999/1240/1546 3998/1239/1546
f 3983/1252/1547 3984/1254/1547 4000/1241/1547 3999/1240/1547
f 3984/1254/1548 3985/1256/1548 4001/1243/1548 4000/1241/1548
f 3985/1256/1549 3986/1258/1549 4002/1244/1549 4001/1243/1549
f 3986/1258/1550 3987/1260/1550 4003/1245/1550 4002/1244/1550
f 3987/1260/1551 3980/1247/1551 3996/1242/1551 4003/1245/1551
f 3973/1249/1548 3977/1248/1548 4004/1265/1548 4005/1264/1548
f 3972/1251/1549 3973/1249/1549 4005/1264/1549 4006/1263/1549
f 3975/1253/1550 3972/1251/1550 4006/1263/1550 4007/1262/1550
f 3974/1255/1551 3975/1253/1551 4007/1262/1551 4008/1269/1551
f 3979/1257/1544 3974/1255/1544 4008/1269/1544 4009/1268/1544
f 3978/1259/1545 3979/1257/1545 4009/1268/1545 4010/1267/1545
f 3976/1261/1546 3978/1259/1546 4010/1267/1546 4011/1266/1546
f 3977/1248/1547 3976/1261/1547 4011/1266/1547 4004/1265/1547
f 4025/1270/1535 4026/1271/1535 4027/1272/1535 4028/1273/1535
f 4033/1274/1535 4030/1275/1535 4031/1276/1535 4032/1277/1535
f 4024/1278/1535 4025/1270/1535 4028/1273/1535 4035/1279/1535
f 4033/1274/1535 4034/1280/1535 4029/1281/1535 4030/1275/1535
f 4025/1270/1552 4024/1278/1552 4018/1282/1552 4019/1283/1552
f 4026/1271/1553 4025/1270/1553 4019/1283/1553 4020/1284/1553
f 4027/1272/1554 4026/1271/1554 4020/1284/1554 4021/1285/1554
f 4028/1273/1555 4027/1272/1555 4021/1285/1555 4022/1286/1555
f 4030/1275/1556 4029/1281/1556 4012/1287/1556 4013/1288/1556
f 4031/1276/1557 4030/1275/1557 4013/1288/1557 4014/1289/1557
f 4032/1277/1558 4031/1276/1558 4014/1289/1558 4015/1290/1558
f 4033/1274/1559 4032/1277/1559 4015/1290/1559 4016/1291/1559
f 4034/1280/1552 4033/1274/1552 4016/1291/1552 4017/1292/1552
f 4035/1279/1556 4028/1273/1556 4022/1286/1556 4023/1293/1556
f 4029/1281/1554 4034/1280/1554 4017/1292/1554 4012/1287/1554
f 4024/1278/1558 4035/1279/1558 4023/1293/1558 4018/1282/1558
f 4048/1294/1535 4049/1294/1535 4051/1294/1535 4050/1294/1535
f 4050/1294/1535 4051/1294/1535 4045/1294/1535 4047/1294/1535
f 4042/1294/1542 4037/1294/1542 4038/1294/1542 4046/1294/1542
f 4041/1294/1543 4043/1294/1543 4053/1294/1543 4052/1294/1543
f 4036/1294/1536 4040/1294/1536 4044/1294/1536 4039/1294/1536
f 4043/1294/1539 4042/1294/1539 4046/1294/1539 4053/1294/1539
f 4040/1294/1540 4041/1294/1540 4052/1294/1540 4044/1294/1540
f 4049/1294/1560 4048/1294/1560 4038/1294/1560 4039/1294/1560
f 4048/1294/1561 4050/1294/1561 4046/1294/1561 4038/1294/1561
f 4051/1294/1562 4049/1294/1562 4039/1294/1562 4044/1294/1562
f 4045/1294/1563 4051/1294/1563 4044/1294/1563 4052/1294/1563
f 4047/1294/1564 4045/1294/1564 4052/1294/1564 4053/1294/1564
f 4050/1294/1565 4047/1294/1565 4053/1294/1565 4046/1294/1565
f 4066/1294/1535 4068/1294/1535 4069/1294/1535 4067/1294/1535
f 4068/1294/1535 4065/1294/1535 4063/1294/1535 4069/1294/1535
f 4060/1294/1536 4064/1294/1536 4056/1294/1536 4055/1294/1536
f 4059/1294/1543 4070/1294/1543 4071/1294/1543 4061/1294/1543
f 4054/1294/1542 4057/1294/1542 4062/1294/1542 4058/1294/1542
f 4061/1294/1540 4071/1294/1540 4064/1294/1540 4060/1294/1540
f 4058/1294/1539 4062/1294/1539 4070/1294/1539 4059/1294/1539
f 4067/1294/1560 4057/1294/1560 4056/1294/1560 4066/1294/1560
f 4066/1294/1562 4056/1294/1562 4064/1294/1562 4068/1294/1562
f 4069/1294/1561 4062/1294/1561 4057/1294/1561 4067/1294/1561
f 4063/1294/1565 4070/1294/1565 4062/1294/1565 4069/1294/1565
f 4065/1294/1564 4071/1294/1564 4070/1294/1564 4063/1294/1564
f 4068/1294/1563 4064/1294/1563 4071/1294/1563 4065/1294/1563
f 4084/1294/1535 4085/1294/1535 4087/1294/1535 4086/1294/1535
f 4086/1294/1535 4087/1294/1535 4081/1294/1535 4083/1294/1535
f 4078/1294/1536 4073/1294/1536 4074/1294/1536 4082/1294/1536
f 4077/1294/1537 4079/1294/1537 4089/1294/1537 4088/1294/1537
f 4072/1294/1542 4076/1294/1542 4080/1294/1542 4075/1294/1542
f 4079/1294/1541 4078/1294/1541 4082/1294/1541 4089/1294/1541
f 4076/1294/1538 4077/1294/1538 4088/1294/1538 4080/1294/1538
f 4085/1294/1564 4084/1294/1564 4074/1294/1564 4075/1294/1564
f 4084/1294/1562 4086/1294/1562 4082/1294/1562 4074/1294/1562
f 4087/1294/1561 4085/1294/1561 4075/1294/1561 4080/1294/1561
f 4081/1294/1566 4087/1294/1566 4080/1294/1566 4088/1294/1566
f 4083/1294/1560 4081/1294/1560 4088/1294/1560 4089/1294/1560
f 4086/1294/1567 4083/1294/1567 4089/1294/1567 4082/1294/1567
o Cube.001
v -0.126987 1.405363 -0.051252
v -0.126987 1.399304 -0.051252
v -0.126987 1.405363 -1.160153
v -0.126987 1.399304 -1.160153
v -0.428826 1.405363 -0.051252
v -0.428826 1.399304 -0.051252
v -0.428826 1.405363 -1.160153
v -0.428826 1.399304 -1.160153
vn 1.0000 -0.0000 -0.0000
vn -0.0000 -0.0000 -1.0000
vn -1.0000 -0.0000 -0.0000
vn -0.0000 -0.0000 1.0000
vn -0.0000 1.0000 -0.0000
vn -0.0000 -1.0000 -0.0000
vt 0.375000 0.000000
vt 0.625000 0.000000
vt 0.625000 0.250000
vt 0.375000 0.250000
vt 0.625000 0.500000
vt 0.375000 0.500000
vt 0.625000 0.750000
vt 0.375000 0.750000
vt 0.625000 1.000000
vt 0.375000 1.000000
vt 0.125000 0.500000
vt 0.125000 0.750000
vt 0.875000 0.500000
vt 0.875000 0.750000
s 0
usemtl Material.002
f 4090/1295/1568 4091/1296/1568 4093/1297/1568 4092/1298/1568
f 4092/1298/1569 4093/1297/1569 4097/1299/1569 4096/1300/1569
f 4096/1300/1570 4097/1299/1570 4095/1301/1570 4094/1302/1570
f 4094/1302/1571 4095/1301/1571 4091/1303/1571 4090/1304/1571
f 4092/1305/1572 4096/1300/1572 4094/1302/1572 4090/1306/1572
f 4097/1299/1573 4093/1307/1573 4091/1308/1573 4095/1301/1573
o Cube.002
v 1.133353 1.405363 -0.255077
v 1.133353 1.399304 -0.255077
v 1.133353 1.405363 -1.363978
v 1.133353 1.399304 -1.363978
v 0.831514 1.405363 -0.255077
v 0.831514 1.399304 -0.255077
v 0.831514 1.405363 -1.363978
v 0.831514 1.399304 -1.363978
vn 1.0000 -0.0000 -0.0000
vn -0.0000 -0.0000 -1.0000
vn -1.0000 -0.0000 -0.0000
vn -0.0000 -0.0000 1.0000
vn -0.0000 1.0000 -0.0000
vn -0.0000 -1.0000 -0.0000
vt 0.375000 0.000000
vt 0.625000 0.000000
vt 0.625000 0.250000
vt 0.375000 0.250000
vt 0.625000 0.500000
vt 0.375000 0.500000
vt 0.625000 0.750000
vt 0.375000 0.750000
vt 0.625000 1.000000
vt 0.375000 1.000000
vt 0.125000 0.500000
vt 0.125000 0.750000
vt 0.875000 0.500000
vt 0.875000 0.750000
s 0
usemtl Material.003
f 4098/1309/1574 4099/1310/1574 4101/1311/1574 4100/1312/1574
f 4100/1312/1575 4101/1311/1575 4105/1313/1575 4104/1314/1575
f 4104/1314/1576 4105/1313/1576 4103/1315/1576 4102/1316/1576
f 4102/1316/1577 4103/1315/1577 4099/1317/1577 4098/1318/1577
f 4100/1319/1578 4104/1314/1578 4102/1316/1578 4098/1320/1578
f 4105/1313/1579 4101/1321/1579 4099/1322/1579 4103/1315/1579
o Cube.003
v -1.146160 1.405363 -0.159966
v -1.146160 1.399304 -0.159966
v -1.146160 1.405363 -1.268868
v -1.146160 1.399304 -1.268868
v -1.447999 1.405363 -0.159966
v -1.447999 1.399304 -0.159966
v -1.447999 1.405363 -1.268868
v -1.447999 1.399304 -1.268868
vn 1.0000 -0.0000 -0.0000
vn -0.0000 -0.0000 -1.0000
vn -1.0000 -0.0000 -0.0000
vn -0.0000 -0.0000 1.0000
vn -0.0000 1.0000 -0.0000
vn -0.0000 -1.0000 -0.0000
vt 0.375000 0.000000
vt 0.625000 0.000000
vt 0.625000 0.250000
vt 0.375000 0.250000
vt 0.625000 0.500000
vt 0.375000 0.500000
vt 0.625000 0.750000
vt 0.375000 0.750000
vt 0.625000 1.000000
vt 0.375000 1.000000
vt 0.125000 0.500000
vt 0.125000 0.750000
vt 0.875000 0.500000
vt 0.875000 0.750000
s 0
usemtl Material.004
f 4106/1323/1580 4107/1324/1580 4109/1325/1580 4108/1326/1580
f 4108/1326/1581 4109/1325/1581 4113/1327/1581 4112/1328/1581
f 4112/1328/1582 4113/1327/1582 4111/1329/1582 4110/1330/1582
f 4110/1330/1583 4111/1329/1583 4107/1331/1583 4106/1332/1583
f 4108/1333/1584 4112/1328/1584 4110/1330/1584 4106/1334/1584
f 4113/1327/1585 4109/1335/1585 4107/1336/1585 4111/1329/1585
o ShipDevice
v -0.182444 0.350291 -1.949305
v -0.207204 0.350291 -1.946045
v -0.230278 0.350291 -1.936488
v -0.250091 0.350291 -1.921285
v -0.265294 0.350291 -1.901471
v -0.274852 0.350291 -1.878398
v -0.278111 0.350291 -1.853637
v -0.274852 0.350291 -1.828877
v -0.265294 0.350291 -1.805804
v -0.250091 0.350291 -1.785990
v -0.230278 0.350291 -1.770787
v -0.207204 0.350291 -1.761230
v -0.182444 0.350291 -1.757970
v -0.157683 0.350291 -1.761230
v -0.134610 0.350291 -1.770787
v -0.114797 0.350291 -1.785990
v -0.099593 0.350291 -1.805804
v -0.090036 0.350291 -1.828877
v -0.086776 0.350291 -1.853637
v -0.090036 0.350291 -1.878398
v -0.099593 0.350291 -1.901471
v -0.114797 0.350291 -1.921285
v -0.134610 0.350291 -1.936488
v -0.157683 0.350291 -1.946045
v -0.182444 0.380905 -1.900666
v -0.194616 0.380905 -1.899064
v -0.205958 0.380905 -1.894366
v -0.215698 0.380905 -1.886892
v -0.223172 0.380905 -1.877152
v -0.227870 0.380905 -1.865809
v -0.229472 0.380905 -1.853637
v -0.227870 0.380905 -1.841466
v -0.223172 0.380905 -1.830123
v -0.215698 0.380905 -1.820383
v -0.205958 0.380905 -1.812909
v -0.194616 0.380905 -1.808211
v -0.182444 0.380905 -1.806609
v -0.170272 0.380905 -1.808211
v -0.158929 0.380905 -1.812909
v -0.149190 0.380905 -1.820383
v -0.141716 0.380905 -1.830123
v -0.137018 0.380905 -1.841465
v -0.135415 0.380905 -1.853637
v -0.137018 0.380905 -1.865809
v -0.141716 0.380905 -1.877152
v -0.149189 0.380905 -1.886892
v -0.158929 0.380905 -1.894365
v -0.170272 0.380905 -1.899064
v -0.182444 0.368162 -1.803073
v -0.182444 0.365943 -1.801000
v -0.196067 0.365943 -1.802794
v -0.195763 0.369080 -1.803929
v -0.231285 0.368162 -1.866724
v -0.233288 0.365943 -1.867261
v -0.228029 0.365943 -1.879956
v -0.227011 0.369080 -1.879368
v -0.138654 0.368162 -1.878920
v -0.136858 0.365943 -1.879956
v -0.131600 0.365943 -1.867261
v -0.132736 0.369080 -1.866957
v -0.169357 0.368162 -1.804796
v -0.168820 0.365943 -1.802794
v -0.233008 0.368162 -1.853637
v -0.235081 0.365943 -1.853637
v -0.146689 0.368162 -1.889392
v -0.145223 0.365943 -1.890858
v -0.157162 0.368162 -1.809847
v -0.156125 0.365943 -1.808052
v -0.231285 0.368162 -1.840550
v -0.233288 0.365943 -1.840014
v -0.157162 0.368162 -1.897428
v -0.156125 0.365943 -1.899223
v -0.146689 0.368162 -1.817883
v -0.145223 0.365943 -1.816417
v -0.226234 0.368162 -1.828355
v -0.228029 0.365943 -1.827319
v -0.169357 0.368162 -1.902479
v -0.168820 0.365943 -1.904481
v -0.195531 0.368162 -1.902479
v -0.196067 0.365943 -1.904481
v -0.182444 0.365943 -1.906275
v -0.182444 0.369080 -1.905099
v -0.138654 0.368162 -1.828355
v -0.136858 0.365943 -1.827319
v -0.218198 0.368162 -1.817883
v -0.219664 0.365943 -1.816417
v -0.207726 0.368162 -1.897428
v -0.208762 0.365943 -1.899223
v -0.133602 0.368162 -1.840550
v -0.131600 0.365943 -1.840014
v -0.207726 0.368162 -1.809847
v -0.208763 0.365943 -1.808052
v -0.218198 0.368162 -1.889392
v -0.219664 0.365943 -1.890858
v -0.131879 0.368162 -1.853637
v -0.129806 0.365943 -1.853637
v -0.133602 0.368162 -1.866724
v -0.130982 0.369080 -1.853637
v -0.131042 0.365943 -1.853637
v -0.132793 0.365943 -1.866941
v -0.226234 0.368162 -1.878920
v -0.218833 0.369080 -1.890026
v -0.218791 0.365943 -1.889984
v -0.226959 0.365943 -1.879339
v -0.195531 0.368162 -1.804796
v -0.208175 0.369080 -1.809070
v -0.208145 0.365943 -1.809122
v -0.195748 0.365943 -1.803987
v -0.132736 0.369080 -1.840318
v -0.132793 0.365943 -1.840334
v -0.208175 0.369080 -1.898204
v -0.208145 0.365943 -1.898153
v -0.218833 0.369080 -1.817249
v -0.218791 0.365943 -1.817291
v -0.137877 0.369080 -1.827907
v -0.137928 0.365943 -1.827936
v -0.195763 0.369080 -1.903345
v -0.195748 0.365943 -1.903288
v -0.182444 0.368162 -1.904202
v -0.169124 0.369080 -1.903345
v -0.169140 0.365943 -1.903288
v -0.182444 0.365943 -1.905040
v -0.227011 0.369080 -1.827907
v -0.226959 0.365943 -1.827936
v -0.146055 0.369080 -1.817249
v -0.146097 0.365943 -1.817291
v -0.156713 0.369080 -1.898204
v -0.156743 0.365943 -1.898153
v -0.232152 0.369080 -1.840318
v -0.232094 0.365943 -1.840334
v -0.156713 0.369080 -1.809070
v -0.156743 0.365943 -1.809122
v -0.146055 0.369080 -1.890026
v -0.146097 0.365943 -1.889984
v -0.233905 0.369080 -1.853637
v -0.233846 0.365943 -1.853637
v -0.169125 0.369080 -1.803929
v -0.169140 0.365943 -1.803987
v -0.137877 0.369080 -1.879368
v -0.137928 0.365943 -1.879339
v -0.232152 0.369080 -1.866957
v -0.232094 0.365943 -1.866941
v -0.182444 0.369080 -1.802176
v -0.182444 0.365943 -1.802235
v -0.207204 0.354118 -1.946045
v -0.182444 0.354118 -1.949305
v -0.230278 0.354118 -1.936488
v -0.250091 0.354118 -1.921285
v -0.265294 0.354118 -1.901471
v -0.274852 0.354118 -1.878398
v -0.278111 0.354118 -1.853637
v -0.274852 0.354118 -1.828877
v -0.265294 0.354118 -1.805804
v -0.250091 0.354118 -1.785990
v -0.230278 0.354118 -1.770787
v -0.207204 0.354118 -1.761230
v -0.182444 0.354118 -1.757970
v -0.157683 0.354118 -1.761230
v -0.134610 0.354118 -1.770787
v -0.114797 0.354118 -1.785990
v -0.099593 0.354118 -1.805804
v -0.090036 0.354118 -1.828877
v -0.086776 0.354118 -1.853637
v -0.090036 0.354118 -1.878398
v -0.099593 0.354118 -1.901471
v -0.114797 0.354118 -1.921285
v -0.134610 0.354118 -1.936488
v -0.157683 0.354118 -1.946045
v -0.197215 0.354118 -1.908763
v -0.182444 0.354118 -1.910708
v -0.210979 0.354118 -1.903062
v -0.222799 0.354118 -1.893992
v -0.231868 0.354118 -1.882173
v -0.237569 0.354118 -1.868408
v -0.239514 0.354118 -1.853637
v -0.237569 0.354118 -1.838867
v -0.231868 0.354118 -1.825102
v -0.222799 0.354118 -1.813283
v -0.210979 0.354118 -1.804213
v -0.197215 0.354118 -1.798512
v -0.182444 0.354118 -1.796567
v -0.167673 0.354118 -1.798512
v -0.153909 0.354118 -1.804213
v -0.142089 0.354118 -1.813283
v -0.133019 0.354118 -1.825102
v -0.127318 0.354118 -1.838867
v -0.125373 0.354118 -1.853637
v -0.127318 0.354118 -1.868408
v -0.133019 0.354118 -1.882173
v -0.142089 0.354118 -1.893992
v -0.153909 0.354118 -1.903062
v -0.167673 0.354118 -1.908763
v -0.193150 0.380421 -1.893593
v -0.203126 0.380421 -1.889460
v -0.211693 0.380421 -1.882887
v -0.218267 0.380421 -1.874320
v -0.222399 0.380421 -1.864343
v -0.223809 0.380421 -1.853637
v -0.222399 0.380421 -1.842932
v -0.218267 0.380421 -1.832955
v -0.211693 0.380421 -1.824388
v -0.203126 0.380421 -1.817814
v -0.193150 0.380421 -1.813682
v -0.182444 0.380421 -1.812273
v -0.171738 0.380421 -1.813682
v -0.161761 0.380421 -1.817814
v -0.153194 0.380421 -1.824388
v -0.146621 0.380421 -1.832955
v -0.142488 0.380421 -1.842931
v -0.141079 0.380421 -1.853637
v -0.142488 0.380421 -1.864343
v -0.146621 0.380421 -1.874320
v -0.153194 0.380421 -1.882887
v -0.161761 0.380421 -1.889460
v -0.171738 0.380421 -1.893593
v -0.182444 0.380421 -1.895002
v -0.202732 0.380421 -1.888778
v -0.211136 0.380421 -1.882330
v -0.217584 0.380421 -1.873926
v -0.221638 0.380421 -1.864140
v -0.223021 0.380421 -1.853637
v -0.221638 0.380421 -1.843135
v -0.217584 0.380421 -1.833349
v -0.211136 0.380421 -1.824945
v -0.202732 0.380421 -1.818497
v -0.192946 0.380421 -1.814443
v -0.182444 0.380421 -1.813061
v -0.171942 0.380421 -1.814443
v -0.162155 0.380421 -1.818497
v -0.153752 0.380421 -1.824945
v -0.147303 0.380421 -1.833349
v -0.143249 0.380421 -1.843135
v -0.141867 0.380421 -1.853637
v -0.143249 0.380421 -1.864140
v -0.147303 0.380421 -1.873926
v -0.153752 0.380421 -1.882330
v -0.162155 0.380421 -1.888778
v -0.171942 0.380421 -1.892832
v -0.182444 0.380421 -1.894214
v -0.192946 0.380421 -1.892832
v -0.203236 0.380905 -1.889651
v -0.193207 0.380905 -1.893806
v -0.182444 0.380905 -1.895223
v -0.211849 0.380905 -1.883043
v -0.218458 0.380905 -1.874430
v -0.222612 0.380905 -1.864401
v -0.224029 0.380905 -1.853637
v -0.222612 0.380905 -1.842874
v -0.218458 0.380905 -1.832845
v -0.211849 0.380905 -1.824232
v -0.203236 0.380905 -1.817623
v -0.193207 0.380905 -1.813469
v -0.182444 0.380905 -1.812052
v -0.171681 0.380905 -1.813469
v -0.161651 0.380905 -1.817623
v -0.153038 0.380905 -1.824232
v -0.146430 0.380905 -1.832845
v -0.142275 0.380905 -1.842874
v -0.140858 0.380905 -1.853637
v -0.142275 0.380905 -1.864401
v -0.146430 0.380905 -1.874430
v -0.153038 0.380905 -1.883043
v -0.161651 0.380905 -1.889651
v -0.171681 0.380905 -1.893806
v -0.210980 0.380905 -1.882174
v -0.202622 0.380905 -1.888587
v -0.192889 0.380905 -1.892619
v -0.217393 0.380905 -1.873816
v -0.221425 0.380905 -1.864082
v -0.222800 0.380905 -1.853637
v -0.221425 0.380905 -1.843192
v -0.217393 0.380905 -1.833459
v -0.210980 0.380905 -1.825101
v -0.202622 0.380905 -1.818688
v -0.192889 0.380905 -1.814656
v -0.182444 0.380905 -1.813281
v -0.171999 0.380905 -1.814656
v -0.162266 0.380905 -1.818688
v -0.153908 0.380905 -1.825101
v -0.147494 0.380905 -1.833459
v -0.143463 0.380905 -1.843192
v -0.142087 0.380905 -1.853637
v -0.143463 0.380905 -1.864082
v -0.147494 0.380905 -1.873816
v -0.153908 0.380905 -1.882174
v -0.162266 0.380905 -1.888587
v -0.171999 0.380905 -1.892619
v -0.182444 0.380905 -1.893994
v -0.190856 0.380905 -1.868208
v -0.186798 0.380905 -1.869889
v -0.182444 0.380905 -1.870463
v -0.194341 0.380905 -1.865535
v -0.197015 0.380905 -1.862050
v -0.198696 0.380905 -1.857992
v -0.199269 0.380905 -1.853637
v -0.198696 0.380905 -1.849283
v -0.197015 0.380905 -1.845225
v -0.194341 0.380905 -1.841740
v -0.190856 0.380905 -1.839067
v -0.186798 0.380905 -1.837386
v -0.182444 0.380905 -1.836812
v -0.178089 0.380905 -1.837386
v -0.174031 0.380905 -1.839067
v -0.170547 0.380905 -1.841740
v -0.167873 0.380905 -1.845225
v -0.166192 0.380905 -1.849283
v -0.165619 0.380905 -1.853637
v -0.166192 0.380905 -1.857992
v -0.167873 0.380905 -1.862050
v -0.170547 0.380905 -1.865535
v -0.174031 0.380905 -1.868208
v -0.178089 0.380905 -1.869889
v -0.187045 0.415546 -1.861608
v -0.184826 0.415546 -1.862527
v -0.182444 0.415546 -1.862841
v -0.188952 0.415546 -1.860145
v -0.190414 0.415546 -1.858239
v -0.191334 0.415546 -1.856019
v -0.191647 0.415546 -1.853637
v -0.191334 0.415546 -1.851255
v -0.190414 0.415546 -1.849036
v -0.188952 0.415546 -1.847130
v -0.187045 0.415546 -1.845667
v -0.184826 0.415546 -1.844748
v -0.182444 0.415546 -1.844434
v -0.180062 0.415546 -1.844748
v -0.177842 0.415546 -1.845667
v -0.175936 0.415546 -1.847130
v -0.174473 0.415546 -1.849036
v -0.173554 0.415546 -1.851255
v -0.173240 0.415546 -1.853637
v -0.173554 0.415546 -1.856019
v -0.174473 0.415546 -1.858239
v -0.175936 0.415546 -1.860145
v -0.177842 0.415546 -1.861608
v -0.180062 0.415546 -1.862527
v -0.190856 0.412010 -1.868208
v -0.186798 0.412010 -1.869889
v -0.182444 0.412010 -1.870463
v -0.194341 0.412010 -1.865535
v -0.197015 0.412010 -1.862050
v -0.198696 0.412010 -1.857992
v -0.199269 0.412010 -1.853637
v -0.198696 0.412010 -1.849283
v -0.197015 0.412010 -1.845225
v -0.194341 0.412010 -1.841740
v -0.190856 0.412010 -1.839067
v -0.186798 0.412010 -1.837386
v -0.182444 0.412010 -1.836812
v -0.178089 0.412010 -1.837386
v -0.174031 0.412010 -1.839067
v -0.170547 0.412010 -1.841740
v -0.167873 0.412010 -1.845225
v -0.166192 0.412010 -1.849283
v -0.165619 0.412010 -1.853637
v -0.166192 0.412010 -1.857992
v -0.167873 0.412010 -1.862050
v -0.170547 0.412010 -1.865535
v -0.174031 0.412010 -1.868208
v -0.178089 0.412010 -1.869889
v -0.189327 0.415546 -1.865560
v -0.186007 0.415546 -1.866935
v -0.182444 0.415546 -1.867405
v -0.192179 0.415546 -1.863372
v -0.194366 0.415546 -1.860521
v -0.195742 0.415546 -1.857201
v -0.196211 0.415546 -1.853637
v -0.195742 0.415546 -1.850074
v -0.194366 0.415546 -1.846754
v -0.192179 0.415546 -1.843903
v -0.189327 0.415546 -1.841715
v -0.186007 0.415546 -1.840339
v -0.182444 0.415546 -1.839870
v -0.178881 0.415546 -1.840339
v -0.175560 0.415546 -1.841715
v -0.172709 0.415546 -1.843903
v -0.170521 0.415546 -1.846754
v -0.169146 0.415546 -1.850074
v -0.168677 0.415546 -1.853637
v -0.169146 0.415546 -1.857201
v -0.170521 0.415546 -1.860521
v -0.172709 0.415546 -1.863372
v -0.175560 0.415546 -1.865560
v -0.178881 0.415546 -1.866935
v -0.185376 0.464088 -1.858716
v -0.183961 0.464088 -1.859301
v -0.182444 0.464088 -1.859501
v -0.186590 0.464088 -1.857784
v -0.187522 0.464088 -1.856569
v -0.188108 0.464088 -1.855155
v -0.188307 0.464088 -1.853637
v -0.188108 0.464088 -1.852120
v -0.187522 0.464088 -1.850706
v -0.186590 0.464088 -1.849491
v -0.185376 0.464088 -1.848559
v -0.183961 0.464088 -1.847974
v -0.182444 0.464088 -1.847774
v -0.180926 0.464088 -1.847974
v -0.179512 0.464088 -1.848559
v -0.178298 0.464088 -1.849491
v -0.177366 0.464088 -1.850706
v -0.176780 0.464088 -1.852120
v -0.176580 0.464088 -1.853637
v -0.176780 0.464088 -1.855155
v -0.177366 0.464088 -1.856569
v -0.178298 0.464088 -1.857784
v -0.179512 0.464088 -1.858716
v -0.180926 0.464088 -1.859301
v -0.215177 0.380905 -1.858980
v -0.213689 0.380905 -1.859596
v -0.212092 0.380905 -1.859807
v -0.216455 0.380905 -1.858000
v -0.217435 0.380905 -1.856722
v -0.218051 0.380905 -1.855234
v -0.218262 0.380905 -1.853637
v -0.218051 0.380905 -1.852041
v -0.217435 0.380905 -1.850553
v -0.216455 0.380905 -1.849275
v -0.215177 0.380905 -1.848295
v -0.213689 0.380905 -1.847678
v -0.212092 0.380905 -1.847468
v -0.210496 0.380905 -1.847678
v -0.209008 0.380905 -1.848295
v -0.207730 0.380905 -1.849275
v -0.206750 0.380905 -1.850553
v -0.206133 0.380905 -1.852041
v -0.205923 0.380905 -1.853637
v -0.206133 0.380905 -1.855234
v -0.206750 0.380905 -1.856722
v -0.207730 0.380905 -1.858000
v -0.209008 0.380905 -1.858980
v -0.210496 0.380905 -1.859596
v -0.213583 0.422102 -1.856220
v -0.212864 0.422102 -1.856518
v -0.212092 0.422102 -1.856619
v -0.214201 0.422102 -1.855746
v -0.214675 0.422102 -1.855128
v -0.214972 0.422102 -1.854409
v -0.215074 0.422102 -1.853637
v -0.214972 0.422102 -1.852866
v -0.214675 0.422102 -1.852147
v -0.214201 0.422102 -1.851529
v -0.213583 0.422102 -1.851055
v -0.212864 0.422102 -1.850757
v -0.212092 0.422102 -1.850656
v -0.211321 0.422102 -1.850757
v -0.210601 0.422102 -1.851055
v -0.209984 0.422102 -1.851529
v -0.209510 0.422102 -1.852147
v -0.209212 0.422102 -1.852866
v -0.209111 0.422102 -1.853637
v -0.209212 0.422102 -1.854409
v -0.209510 0.422102 -1.855128
v -0.209984 0.422102 -1.855746
v -0.210601 0.422102 -1.856220
v -0.211321 0.422102 -1.856518
v -0.215177 0.420594 -1.858980
v -0.213689 0.420594 -1.859596
v -0.212092 0.420594 -1.859807
v -0.216455 0.420594 -1.858000
v -0.217435 0.420594 -1.856722
v -0.218051 0.420594 -1.855234
v -0.218262 0.420594 -1.853637
v -0.218051 0.420594 -1.852041
v -0.217435 0.420594 -1.850553
v -0.216455 0.420594 -1.849275
v -0.215177 0.420594 -1.848295
v -0.213689 0.420594 -1.847678
v -0.212092 0.420594 -1.847468
v -0.210496 0.420594 -1.847678
v -0.209008 0.420594 -1.848295
v -0.207730 0.420594 -1.849275
v -0.206750 0.420594 -1.850553
v -0.206133 0.420594 -1.852041
v -0.205923 0.420594 -1.853637
v -0.206133 0.420594 -1.855234
v -0.206750 0.420594 -1.856722
v -0.207730 0.420594 -1.858000
v -0.209008 0.420594 -1.858980
v -0.210496 0.420594 -1.859596
v -0.208006 0.380905 -1.843871
v -0.206518 0.380905 -1.844487
v -0.204921 0.380905 -1.844697
v -0.209283 0.380905 -1.842891
v -0.210264 0.380905 -1.841613
v -0.210880 0.380905 -1.840125
v -0.211090 0.380905 -1.838528
v -0.210880 0.380905 -1.836932
v -0.210264 0.380905 -1.835444
v -0.209283 0.380905 -1.834166
v -0.208006 0.380905 -1.833186
v -0.206518 0.380905 -1.832569
v -0.204921 0.380905 -1.832359
v -0.203324 0.380905 -1.832569
v -0.201836 0.380905 -1.833186
v -0.200559 0.380905 -1.834166
v -0.199578 0.380905 -1.835444
v -0.198962 0.380905 -1.836932
v -0.198752 0.380905 -1.838528
v -0.198962 0.380905 -1.840125
v -0.199578 0.380905 -1.841613
v -0.200559 0.380905 -1.842891
v -0.201836 0.380905 -1.843871
v -0.203324 0.380905 -1.844487
v -0.206412 0.402308 -1.841111
v -0.205693 0.402308 -1.841408
v -0.204921 0.402308 -1.841510
v -0.207029 0.402308 -1.840637
v -0.207503 0.402308 -1.840019
v -0.207801 0.402308 -1.839300
v -0.207903 0.402308 -1.838528
v -0.207801 0.402308 -1.837757
v -0.207503 0.402308 -1.837037
v -0.207029 0.402308 -1.836420
v -0.206412 0.402308 -1.835946
v -0.205693 0.402308 -1.835648
v -0.204921 0.402308 -1.835546
v -0.204149 0.402308 -1.835648
v -0.203430 0.402308 -1.835946
v -0.202813 0.402308 -1.836420
v -0.202339 0.402308 -1.837037
v -0.202041 0.402308 -1.837757
v -0.201939 0.402308 -1.838528
v -0.202041 0.402308 -1.839300
v -0.202339 0.402308 -1.840019
v -0.202813 0.402308 -1.840637
v -0.203430 0.402308 -1.841111
v -0.204149 0.402308 -1.841408
v -0.208006 0.400801 -1.843871
v -0.206518 0.400801 -1.844487
v -0.204921 0.400801 -1.844697
v -0.209283 0.400801 -1.842891
v -0.210264 0.400801 -1.841613
v -0.210880 0.400801 -1.840125
v -0.211090 0.400801 -1.838528
v -0.210880 0.400801 -1.836932
v -0.210264 0.400801 -1.835444
v -0.209283 0.400801 -1.834166
v -0.208006 0.400801 -1.833186
v -0.206518 0.400801 -1.832569
v -0.204921 0.400801 -1.832359
v -0.203324 0.400801 -1.832569
v -0.201836 0.400801 -1.833186
v -0.200559 0.400801 -1.834166
v -0.199578 0.400801 -1.835444
v -0.198962 0.400801 -1.836932
v -0.198752 0.400801 -1.838528
v -0.198962 0.400801 -1.840125
v -0.199578 0.400801 -1.841613
v -0.200559 0.400801 -1.842891
v -0.201836 0.400801 -1.843871
v -0.203324 0.400801 -1.844487
v -0.165713 0.380905 -1.836466
v -0.164225 0.380905 -1.837082
v -0.162629 0.380905 -1.837292
v -0.166991 0.380905 -1.835485
v -0.167971 0.380905 -1.834208
v -0.168588 0.380905 -1.832720
v -0.168798 0.380905 -1.831123
v -0.168588 0.380905 -1.829526
v -0.167971 0.380905 -1.828038
v -0.166991 0.380905 -1.826761
v -0.165713 0.380905 -1.825780
v -0.164225 0.380905 -1.825164
v -0.162629 0.380905 -1.824954
v -0.161032 0.380905 -1.825164
v -0.159544 0.380905 -1.825780
v -0.158266 0.380905 -1.826761
v -0.157286 0.380905 -1.828038
v -0.156670 0.380905 -1.829526
v -0.156459 0.380905 -1.831123
v -0.156670 0.380905 -1.832720
v -0.157286 0.380905 -1.834208
v -0.158266 0.380905 -1.835485
v -0.159544 0.380905 -1.836466
v -0.161032 0.380905 -1.837082
v -0.164120 0.440919 -1.833705
v -0.163400 0.440919 -1.834003
v -0.162629 0.440919 -1.834105
v -0.164737 0.440919 -1.833231
v -0.165211 0.440919 -1.832614
v -0.165509 0.440919 -1.831895
v -0.165610 0.440919 -1.831123
v -0.165509 0.440919 -1.830351
v -0.165211 0.440919 -1.829632
v -0.164737 0.440919 -1.829015
v -0.164120 0.440919 -1.828541
v -0.163400 0.440919 -1.828243
v -0.162629 0.440919 -1.828141
v -0.161857 0.440919 -1.828243
v -0.161138 0.440919 -1.828541
v -0.160520 0.440919 -1.829015
v -0.160046 0.440919 -1.829632
v -0.159748 0.440919 -1.830351
v -0.159647 0.440919 -1.831123
v -0.159748 0.440919 -1.831895
v -0.160046 0.440919 -1.832614
v -0.160520 0.440919 -1.833231
v -0.161138 0.440919 -1.833705
v -0.161857 0.440919 -1.834003
v -0.165713 0.439411 -1.836466
v -0.164225 0.439411 -1.837082
v -0.162629 0.439411 -1.837292
v -0.166991 0.439411 -1.835485
v -0.167971 0.439411 -1.834208
v -0.168588 0.439411 -1.832720
v -0.168798 0.439411 -1.831123
v -0.168588 0.439411 -1.829526
v -0.167971 0.439411 -1.828038
v -0.166991 0.439411 -1.826761
v -0.165713 0.439411 -1.825780
v -0.164225 0.439411 -1.825164
v -0.162629 0.439411 -1.824954
v -0.161032 0.439411 -1.825164
v -0.159544 0.439411 -1.825780
v -0.158266 0.439411 -1.826761
v -0.157286 0.439411 -1.828038
v -0.156670 0.439411 -1.829526
v -0.156459 0.439411 -1.831123
v -0.156670 0.439411 -1.832720
v -0.157286 0.439411 -1.834208
v -0.158266 0.439411 -1.835485
v -0.159544 0.439411 -1.836466
v -0.161032 0.439411 -1.837082
v -0.179372 0.380905 -1.885999
v -0.177884 0.380905 -1.886615
v -0.176287 0.380905 -1.886825
v -0.180650 0.380905 -1.885018
v -0.181630 0.380905 -1.883741
v -0.182246 0.380905 -1.882253
v -0.182456 0.380905 -1.880656
v -0.182246 0.380905 -1.879059
v -0.181630 0.380905 -1.877571
v -0.180650 0.380905 -1.876294
v -0.179372 0.380905 -1.875313
v -0.177884 0.380905 -1.874697
v -0.176287 0.380905 -1.874487
v -0.174691 0.380905 -1.874697
v -0.173203 0.380905 -1.875313
v -0.171925 0.380905 -1.876294
v -0.170945 0.380905 -1.877571
v -0.170328 0.380905 -1.879059
v -0.170118 0.380905 -1.880656
v -0.170328 0.380905 -1.882253
v -0.170945 0.380905 -1.883741
v -0.171925 0.380905 -1.885018
v -0.173203 0.380905 -1.885999
v -0.174691 0.380905 -1.886615
v -0.177778 0.396431 -1.883238
v -0.177059 0.396431 -1.883536
v -0.176287 0.396431 -1.883638
v -0.178396 0.396431 -1.882764
v -0.178870 0.396431 -1.882147
v -0.179167 0.396431 -1.881428
v -0.179269 0.396431 -1.880656
v -0.179167 0.396431 -1.879884
v -0.178870 0.396431 -1.879165
v -0.178396 0.396431 -1.878548
v -0.177778 0.396431 -1.878074
v -0.177059 0.396431 -1.877776
v -0.176287 0.396431 -1.877674
v -0.175516 0.396431 -1.877776
v -0.174796 0.396431 -1.878074
v -0.174179 0.396431 -1.878548
v -0.173705 0.396431 -1.879165
v -0.173407 0.396431 -1.879884
v -0.173305 0.396431 -1.880656
v -0.173407 0.396431 -1.881428
v -0.173705 0.396431 -1.882147
v -0.174179 0.396431 -1.882764
v -0.174796 0.396431 -1.883238
v -0.175516 0.396431 -1.883536
v -0.179372 0.394923 -1.885999
v -0.177884 0.394923 -1.886615
v -0.176287 0.394923 -1.886825
v -0.180650 0.394923 -1.885018
v -0.181630 0.394923 -1.883741
v -0.182246 0.394923 -1.882253
v -0.182456 0.394923 -1.880656
v -0.182246 0.394923 -1.879059
v -0.181630 0.394923 -1.877571
v -0.180650 0.394923 -1.876294
v -0.179372 0.394923 -1.875313
v -0.177884 0.394923 -1.874697
v -0.176287 0.394923 -1.874487
v -0.174691 0.394923 -1.874697
v -0.173203 0.394923 -1.875313
v -0.171925 0.394923 -1.876294
v -0.170945 0.394923 -1.877571
v -0.170328 0.394923 -1.879059
v -0.170118 0.394923 -1.880656
v -0.170328 0.394923 -1.882253
v -0.170945 0.394923 -1.883741
v -0.171925 0.394923 -1.885018
v -0.173203 0.394923 -1.885999
v -0.174691 0.394923 -1.886615
v -0.196866 0.354118 -1.911897
v -0.183592 0.354118 -1.913644
v -0.183592 0.354118 -1.946066
v -0.205257 0.354118 -1.943214
v -0.211453 0.354118 -1.906179
v -0.199084 0.354118 -1.911303
v -0.207475 0.354118 -1.942620
v -0.227664 0.354118 -1.934257
v -0.224063 0.354118 -1.896881
v -0.213441 0.354118 -1.905031
v -0.229652 0.354118 -1.933109
v -0.246989 0.354118 -1.919806
v -0.233837 0.354118 -1.884635
v -0.225687 0.354118 -1.895257
v -0.248612 0.354118 -1.918183
v -0.261915 0.354118 -1.900846
v -0.240109 0.354118 -1.870277
v -0.234985 0.354118 -1.882647
v -0.263063 0.354118 -1.898858
v -0.271426 0.354118 -1.878669
v -0.242451 0.354118 -1.854785
v -0.240703 0.354118 -1.868060
v -0.272020 0.354118 -1.876451
v -0.274872 0.354118 -1.854785
v -0.240703 0.354118 -1.839215
v -0.242451 0.354118 -1.852489
v -0.274872 0.354118 -1.852489
v -0.272020 0.354118 -1.830824
v -0.234985 0.354118 -1.824628
v -0.240109 0.354118 -1.836998
v -0.271426 0.354118 -1.828606
v -0.263063 0.354118 -1.808417
v -0.225687 0.354118 -1.812018
v -0.233837 0.354118 -1.822640
v -0.261915 0.354118 -1.806429
v -0.248612 0.354118 -1.789092
v -0.213441 0.354118 -1.802244
v -0.224063 0.354118 -1.810394
v -0.246989 0.354118 -1.787469
v -0.229652 0.354118 -1.774166
v -0.199084 0.354118 -1.795972
v -0.211453 0.354118 -1.801096
v -0.227664 0.354118 -1.773018
v -0.207475 0.354118 -1.764655
v -0.183592 0.354118 -1.793630
v -0.196866 0.354118 -1.795378
v -0.205257 0.354118 -1.764061
v -0.183592 0.354118 -1.761209
v -0.168022 0.354118 -1.795378
v -0.181296 0.354118 -1.793630
v -0.181296 0.354118 -1.761209
v -0.159630 0.354118 -1.764061
v -0.153435 0.354118 -1.801096
v -0.165804 0.354118 -1.795972
v -0.157413 0.354118 -1.764655
v -0.137224 0.354118 -1.773018
v -0.140824 0.354118 -1.810394
v -0.151446 0.354118 -1.802244
v -0.135235 0.354118 -1.774166
v -0.117899 0.354118 -1.787469
v -0.131050 0.354118 -1.822640
v -0.139201 0.354118 -1.812018
v -0.116275 0.354118 -1.789092
v -0.102972 0.354118 -1.806429
v -0.124779 0.354118 -1.836998
v -0.129902 0.354118 -1.824628
v -0.101824 0.354118 -1.808417
v -0.093462 0.354118 -1.828606
v -0.122437 0.354118 -1.852489
v -0.124184 0.354118 -1.839215
v -0.092867 0.354118 -1.830824
v -0.090015 0.354118 -1.852489
v -0.124184 0.354118 -1.868060
v -0.122437 0.354118 -1.854785
v -0.090015 0.354118 -1.854785
v -0.092867 0.354118 -1.876451
v -0.129902 0.354118 -1.882647
v -0.124779 0.354118 -1.870277
v -0.093462 0.354118 -1.878669
v -0.101824 0.354118 -1.898857
v -0.139201 0.354118 -1.895257
v -0.131050 0.354118 -1.884635
v -0.102972 0.354118 -1.900846
v -0.116275 0.354118 -1.918183
v -0.151446 0.354118 -1.905031
v -0.140824 0.354118 -1.896881
v -0.117899 0.354118 -1.919806
v -0.135235 0.354118 -1.933109
v -0.165804 0.354118 -1.911303
v -0.153434 0.354118 -1.906179
v -0.137224 0.354118 -1.934257
v -0.157413 0.354118 -1.942620
v -0.181296 0.354118 -1.913644
v -0.168022 0.354118 -1.911897
v -0.159630 0.354118 -1.943214
v -0.181296 0.354118 -1.946066
v -0.196411 0.354644 -1.912578
v -0.184207 0.354644 -1.914184
v -0.184207 0.354644 -1.945364
v -0.204481 0.354644 -1.942695
v -0.211190 0.354644 -1.906954
v -0.199818 0.354644 -1.911665
v -0.207888 0.354644 -1.941782
v -0.226780 0.354644 -1.933957
v -0.224010 0.354644 -1.897697
v -0.214244 0.354644 -1.905191
v -0.229834 0.354644 -1.932194
v -0.246058 0.354644 -1.919745
v -0.233997 0.354644 -1.885438
v -0.226504 0.354644 -1.895203
v -0.248551 0.354644 -1.917251
v -0.261000 0.354644 -1.901028
v -0.240471 0.354644 -1.871011
v -0.235760 0.354644 -1.882384
v -0.262763 0.354644 -1.897974
v -0.270589 0.354644 -1.879081
v -0.242990 0.354644 -1.855401
v -0.241384 0.354644 -1.867605
v -0.271502 0.354644 -1.875675
v -0.274171 0.354644 -1.855401
v -0.241384 0.354644 -1.839670
v -0.242990 0.354644 -1.851874
v -0.274171 0.354644 -1.851874
v -0.271502 0.354644 -1.831600
v -0.235760 0.354644 -1.824891
v -0.240471 0.354644 -1.836264
v -0.270589 0.354644 -1.828193
v -0.262763 0.354644 -1.809301
v -0.226504 0.354644 -1.812071
v -0.233997 0.354644 -1.821837
v -0.261000 0.354644 -1.806247
v -0.248551 0.354644 -1.790024
v -0.214244 0.354644 -1.802084
v -0.224010 0.354644 -1.809578
v -0.246058 0.354644 -1.787530
v -0.229834 0.354644 -1.775081
v -0.199818 0.354644 -1.795610
v -0.211190 0.354644 -1.800321
v -0.226780 0.354644 -1.773318
v -0.207888 0.354644 -1.765492
v -0.184207 0.354644 -1.793091
v -0.196411 0.354644 -1.794697
v -0.204481 0.354644 -1.764580
v -0.184207 0.354644 -1.761911
v -0.168476 0.354644 -1.794697
v -0.180680 0.354644 -1.793091
v -0.180680 0.354644 -1.761911
v -0.160406 0.354644 -1.764580
v -0.153698 0.354644 -1.800321
v -0.165070 0.354644 -1.795610
v -0.157000 0.354644 -1.765492
v -0.138108 0.354644 -1.773318
v -0.140878 0.354644 -1.809578
v -0.150643 0.354644 -1.802084
v -0.135053 0.354644 -1.775081
v -0.118830 0.354644 -1.787530
v -0.130891 0.354644 -1.821837
v -0.138384 0.354644 -1.812071
v -0.116336 0.354644 -1.790024
v -0.103888 0.354644 -1.806247
v -0.124417 0.354644 -1.836263
v -0.129127 0.354644 -1.824891
v -0.102124 0.354644 -1.809301
v -0.094299 0.354644 -1.828193
v -0.121897 0.354644 -1.851874
v -0.123504 0.354644 -1.839670
v -0.093386 0.354644 -1.831600
v -0.090717 0.354644 -1.851874
v -0.123504 0.354644 -1.867605
v -0.121897 0.354644 -1.855401
v -0.090717 0.354644 -1.855401
v -0.093386 0.354644 -1.875675
v -0.129127 0.354644 -1.882384
v -0.124417 0.354644 -1.871011
v -0.094299 0.354644 -1.879081
v -0.102124 0.354644 -1.897974
v -0.138384 0.354644 -1.895203
v -0.130890 0.354644 -1.885438
v -0.103888 0.354644 -1.901028
v -0.116336 0.354644 -1.917251
v -0.150643 0.354644 -1.905191
v -0.140878 0.354644 -1.897697
v -0.118830 0.354644 -1.919745
v -0.135053 0.354644 -1.932194
v -0.165070 0.354644 -1.911665
v -0.153698 0.354644 -1.906954
v -0.138107 0.354644 -1.933957
v -0.157000 0.354644 -1.941782
v -0.180680 0.354644 -1.914184
v -0.168476 0.354644 -1.912577
v -0.160406 0.354644 -1.942695
v -0.180680 0.354644 -1.945364
v -0.209008 0.415379 -1.848295
v -0.207730 0.415379 -1.849275
v -0.218051 0.415379 -1.852041
v -0.217435 0.415379 -1.850553
v -0.209008 0.415379 -1.858980
v -0.210496 0.415379 -1.859596
v -0.213689 0.415379 -1.859596
v -0.215177 0.415379 -1.858980
v -0.206750 0.415379 -1.850553
v -0.216455 0.415379 -1.849275
v -0.212092 0.415379 -1.859807
v -0.206133 0.415379 -1.852041
v -0.215177 0.415379 -1.848295
v -0.216455 0.415379 -1.858000
v -0.205923 0.415379 -1.853637
v -0.213689 0.415379 -1.847678
v -0.217435 0.415379 -1.856722
v -0.206133 0.415379 -1.855234
v -0.212092 0.415379 -1.847468
v -0.218051 0.415379 -1.855234
v -0.206750 0.415379 -1.856722
v -0.210496 0.415379 -1.847678
v -0.218262 0.415379 -1.853637
v -0.207730 0.415379 -1.858000
v -0.201836 0.396784 -1.833186
v -0.200559 0.396784 -1.834166
v -0.210880 0.396784 -1.836932
v -0.210264 0.396784 -1.835444
v -0.201836 0.396784 -1.843871
v -0.203324 0.396784 -1.844487
v -0.206518 0.396784 -1.844487
v -0.208006 0.396784 -1.843871
v -0.199578 0.396784 -1.835444
v -0.209283 0.396784 -1.834166
v -0.204921 0.396784 -1.844697
v -0.198962 0.396784 -1.836932
v -0.208006 0.396784 -1.833186
v -0.209283 0.396784 -1.842891
v -0.198752 0.396784 -1.838528
v -0.206518 0.396784 -1.832569
v -0.210264 0.396784 -1.841613
v -0.198962 0.396784 -1.840125
v -0.204921 0.396784 -1.832359
v -0.210880 0.396784 -1.840125
v -0.199578 0.396784 -1.841613
v -0.203324 0.396784 -1.832569
v -0.211090 0.396784 -1.838528
v -0.200559 0.396784 -1.842891
v -0.159544 0.434834 -1.825780
v -0.158266 0.434834 -1.826761
v -0.168588 0.434834 -1.829526
v -0.167971 0.434834 -1.828038
v -0.159544 0.434834 -1.836466
v -0.161032 0.434834 -1.837082
v -0.164225 0.434834 -1.837082
v -0.165713 0.434834 -1.836466
v -0.157286 0.434834 -1.828038
v -0.166991 0.434834 -1.826761
v -0.162629 0.434834 -1.837292
v -0.156670 0.434834 -1.829526
v -0.165713 0.434834 -1.825780
v -0.166991 0.434834 -1.835485
v -0.156459 0.434834 -1.831123
v -0.164225 0.434834 -1.825164
v -0.167971 0.434834 -1.834208
v -0.156670 0.434834 -1.832720
v -0.162629 0.434834 -1.824954
v -0.168588 0.434834 -1.832720
v -0.157286 0.434834 -1.834208
v -0.161032 0.434834 -1.825164
v -0.168798 0.434834 -1.831123
v -0.158266 0.434834 -1.835485
v -0.173203 0.391200 -1.875313
v -0.171925 0.391200 -1.876294
v -0.182246 0.391200 -1.879059
v -0.181630 0.391200 -1.877571
v -0.173203 0.391200 -1.885999
v -0.174691 0.391200 -1.886615
v -0.177884 0.391200 -1.886615
v -0.179372 0.391200 -1.885999
v -0.170945 0.391200 -1.877571
v -0.180650 0.391200 -1.876294
v -0.176287 0.391200 -1.886825
v -0.170328 0.391200 -1.879059
v -0.179372 0.391200 -1.875313
v -0.180650 0.391200 -1.885018
v -0.170118 0.391200 -1.880656
v -0.177884 0.391200 -1.874697
v -0.181630 0.391200 -1.883741
v -0.170328 0.391200 -1.882253
v -0.176287 0.391200 -1.874487
v -0.182246 0.391200 -1.882253
v -0.170945 0.391200 -1.883741
v -0.174691 0.391200 -1.874697
v -0.182456 0.391200 -1.880656
v -0.171925 0.391200 -1.885018
v -0.177842 0.455093 -1.845667
v -0.175936 0.455093 -1.847130
v -0.191334 0.455093 -1.851255
v -0.190414 0.455093 -1.849036
v -0.177842 0.455093 -1.861608
v -0.180062 0.455093 -1.862527
v -0.184826 0.455093 -1.862527
v -0.187045 0.455093 -1.861608
v -0.174473 0.455093 -1.849036
v -0.188952 0.455093 -1.847130
v -0.182444 0.455093 -1.862841
v -0.173554 0.455093 -1.851255
v -0.187045 0.455093 -1.845667
v -0.188952 0.455093 -1.860145
v -0.173240 0.455093 -1.853637
v -0.184826 0.455093 -1.844748
v -0.190414 0.455093 -1.858239
v -0.173554 0.455093 -1.856019
v -0.182444 0.455093 -1.844434
v -0.191334 0.455093 -1.856019
v -0.174473 0.455093 -1.858239
v -0.180062 0.455093 -1.844748
v -0.191647 0.455093 -1.853637
v -0.175936 0.455093 -1.860145
v -0.175936 0.432088 -1.847130
v -0.190414 0.432088 -1.849036
v -0.180062 0.432088 -1.862527
v -0.187045 0.432088 -1.861608
v -0.174473 0.432088 -1.849036
v -0.188952 0.432088 -1.847130
v -0.182444 0.432088 -1.862841
v -0.173554 0.432088 -1.851255
v -0.187045 0.432088 -1.845667
v -0.188952 0.432088 -1.860145
v -0.173240 0.432088 -1.853637
v -0.184826 0.432088 -1.844748
v -0.190414 0.432088 -1.858239
v -0.173554 0.432088 -1.856019
v -0.182444 0.432088 -1.844434
v -0.191334 0.432088 -1.856019
v -0.174473 0.432088 -1.858239
v -0.180062 0.432088 -1.844748
v -0.191647 0.432088 -1.853637
v -0.175936 0.432088 -1.860145
v -0.177842 0.432088 -1.845667
v -0.191334 0.432088 -1.851255
v -0.177842 0.432088 -1.861608
v -0.184826 0.432088 -1.862527
v -0.187045 0.462564 -1.861608
v -0.184826 0.462564 -1.862527
v -0.182444 0.462564 -1.862841
v -0.188952 0.462564 -1.860145
v -0.190414 0.462564 -1.858239
v -0.191334 0.462564 -1.856019
v -0.191647 0.462564 -1.853637
v -0.191334 0.462564 -1.851255
v -0.190414 0.462564 -1.849036
v -0.188952 0.462564 -1.847130
v -0.187045 0.462564 -1.845667
v -0.184826 0.462564 -1.844748
v -0.182444 0.462564 -1.844434
v -0.180062 0.462564 -1.844748
v -0.177842 0.462564 -1.845667
v -0.175936 0.462564 -1.847130
v -0.174473 0.462564 -1.849036
v -0.173554 0.462564 -1.851255
v -0.173240 0.462564 -1.853637
v -0.173554 0.462564 -1.856019
v -0.174473 0.462564 -1.858239
v -0.175936 0.462564 -1.860145
v -0.177842 0.462564 -1.861608
v -0.180062 0.462564 -1.862527
v -0.214367 0.422102 -1.857578
v -0.213270 0.422102 -1.858032
v -0.212092 0.422102 -1.858187
v -0.215310 0.422102 -1.856855
v -0.216033 0.422102 -1.855912
v -0.216487 0.422102 -1.854815
v -0.216642 0.422102 -1.853637
v -0.216487 0.422102 -1.852460
v -0.216033 0.422102 -1.851363
v -0.215310 0.422102 -1.850420
v -0.214367 0.422102 -1.849697
v -0.213270 0.422102 -1.849243
v -0.212092 0.422102 -1.849088
v -0.210915 0.422102 -1.849243
v -0.209817 0.422102 -1.849697
v -0.208875 0.422102 -1.850420
v -0.208152 0.422102 -1.851363
v -0.207698 0.422102 -1.852460
v -0.207542 0.422102 -1.853637
v -0.207698 0.422102 -1.854815
v -0.208152 0.422102 -1.855912
v -0.208875 0.422102 -1.856855
v -0.209817 0.422102 -1.857578
v -0.210915 0.422102 -1.858032
v -0.207196 0.402308 -1.842469
v -0.206099 0.402308 -1.842923
v -0.204921 0.402308 -1.843078
v -0.208138 0.402308 -1.841745
v -0.208861 0.402308 -1.840803
v -0.209316 0.402308 -1.839706
v -0.209471 0.402308 -1.838528
v -0.209316 0.402308 -1.837351
v -0.208861 0.402308 -1.836253
v -0.208138 0.402308 -1.835311
v -0.207196 0.402308 -1.834588
v -0.206099 0.402308 -1.834134
v -0.204921 0.402308 -1.833978
v -0.203743 0.402308 -1.834134
v -0.202646 0.402308 -1.834588
v -0.201704 0.402308 -1.835311
v -0.200981 0.402308 -1.836253
v -0.200526 0.402308 -1.837351
v -0.200371 0.402308 -1.838528
v -0.200526 0.402308 -1.839706
v -0.200981 0.402308 -1.840803
v -0.201704 0.402308 -1.841745
v -0.202646 0.402308 -1.842469
v -0.203743 0.402308 -1.842923
v -0.164904 0.440919 -1.835063
v -0.163806 0.440919 -1.835518
v -0.162629 0.440919 -1.835673
v -0.165846 0.440919 -1.834340
v -0.166569 0.440919 -1.833398
v -0.167023 0.440919 -1.832301
v -0.167178 0.440919 -1.831123
v -0.167023 0.440919 -1.829945
v -0.166569 0.440919 -1.828848
v -0.165846 0.440919 -1.827906
v -0.164904 0.440919 -1.827183
v -0.163806 0.440919 -1.826728
v -0.162629 0.440919 -1.826573
v -0.161451 0.440919 -1.826728
v -0.160354 0.440919 -1.827183
v -0.159411 0.440919 -1.827906
v -0.158688 0.440919 -1.828848
v -0.158234 0.440919 -1.829945
v -0.158079 0.440919 -1.831123
v -0.158234 0.440919 -1.832301
v -0.158688 0.440919 -1.833398
v -0.159411 0.440919 -1.834340
v -0.160354 0.440919 -1.835063
v -0.161451 0.440919 -1.835518
v -0.178562 0.396431 -1.884596
v -0.177465 0.396431 -1.885051
v -0.176287 0.396431 -1.885206
v -0.179504 0.396431 -1.883873
v -0.180228 0.396431 -1.882931
v -0.180682 0.396431 -1.881834
v -0.180837 0.396431 -1.880656
v -0.180682 0.396431 -1.879478
v -0.180228 0.396431 -1.878381
v -0.179504 0.396431 -1.877439
v -0.178562 0.396431 -1.876716
v -0.177465 0.396431 -1.876261
v -0.176287 0.396431 -1.876106
v -0.175110 0.396431 -1.876261
v -0.174012 0.396431 -1.876716
v -0.173070 0.396431 -1.877439
v -0.172347 0.396431 -1.878381
v -0.171892 0.396431 -1.879478
v -0.171737 0.396431 -1.880656
v -0.171892 0.396431 -1.881834
v -0.172347 0.396431 -1.882931
v -0.173070 0.396431 -1.883873
v -0.174012 0.396431 -1.884596
v -0.175110 0.396431 -1.885051
v -0.186160 0.464088 -1.860074
v -0.184367 0.464088 -1.860816
v -0.182444 0.464088 -1.861069
v -0.187699 0.464088 -1.858893
v -0.188880 0.464088 -1.857353
v -0.189622 0.464088 -1.855561
v -0.189876 0.464088 -1.853637
v -0.189622 0.464088 -1.851714
v -0.188880 0.464088 -1.849922
v -0.187699 0.464088 -1.848382
v -0.186160 0.464088 -1.847201
v -0.184367 0.464088 -1.846459
v -0.182444 0.464088 -1.846206
v -0.180520 0.464088 -1.846459
v -0.178728 0.464088 -1.847201
v -0.177189 0.464088 -1.848382
v -0.176008 0.464088 -1.849922
v -0.175265 0.464088 -1.851714
v -0.175012 0.464088 -1.853637
v -0.175265 0.464088 -1.855561
v -0.176008 0.464088 -1.857353
v -0.177189 0.464088 -1.858893
v -0.178728 0.464088 -1.860074
v -0.180520 0.464088 -1.860816
vn -0.1305 -0.0000 0.9914
vn -0.9239 -0.0000 -0.3827
vn 0.9239 -0.0000 -0.3827
vn 0.1305 -0.0000 0.9914
vn -0.9914 -0.0000 -0.1305
vn 0.7934 -0.0000 -0.6088
vn 0.3827 -0.0000 0.9239
vn -0.9914 -0.0000 0.1305
vn 0.6088 -0.0000 -0.7934
vn 0.6088 -0.0000 0.7934
vn -0.9239 -0.0000 0.3827
vn 0.3827 -0.0000 -0.9239
vn -0.1305 -0.0000 -0.9914
vn 0.7934 -0.0000 0.6088
vn -0.7934 -0.0000 0.6088
vn 0.1305 -0.0000 -0.9914
vn -0.3827 -0.0000 -0.9239
vn 0.9239 -0.0000 0.3827
vn -0.6088 -0.0000 0.7934
vn -0.6088 -0.0000 -0.7934
vn 0.9914 -0.0000 0.1305
vn -0.3827 -0.0000 0.9239
vn -0.7934 -0.0000 -0.6088
vn 0.9914 -0.0000 -0.1305
vn 0.1223 0.3484 0.9293
vn -0.9293 0.3484 -0.1223
vn 0.7437 0.3484 -0.5706
vn -0.1223 0.3484 0.9293
vn -0.8660 0.3484 -0.3587
vn 0.8660 0.3484 -0.3587
vn 0.3587 0.3484 0.8660
vn -0.9293 0.3484 0.1223
vn 0.5706 0.3484 -0.7437
vn 0.5706 0.3484 0.7437
vn -0.8660 0.3484 0.3587
vn 0.3587 0.3484 -0.8660
vn -0.3587 0.3484 -0.8660
vn 0.7437 0.3484 0.5706
vn -0.7437 0.3484 0.5706
vn 0.1223 0.3484 -0.9293
vn -0.1223 0.3484 -0.9293
vn 0.8660 0.3484 0.3587
vn -0.5706 0.3484 0.7437
vn -0.5706 0.3484 -0.7437
vn 0.9293 0.3484 0.1223
vn 0.9293 0.3484 -0.1223
vn -0.7437 0.3484 -0.5706
vn -0.3587 0.3484 0.8660
vn 0.9285 0.3505 -0.1222
vn -0.7430 0.3505 -0.5701
vn -0.3584 0.3505 0.8653
vn 0.9285 0.3505 0.1222
vn -0.5701 0.3505 -0.7430
vn -0.5701 0.3505 0.7430
vn 0.8653 0.3505 0.3584
vn -0.3584 0.3505 -0.8653
vn 0.1222 0.3505 -0.9285
vn -0.7430 0.3505 0.5701
vn 0.7430 0.3505 0.5701
vn -0.1222 0.3505 -0.9285
vn 0.3584 0.3505 -0.8653
vn -0.8653 0.3505 0.3584
vn 0.5701 0.3505 0.7430
vn 0.5701 0.3505 -0.7430
vn -0.9285 0.3505 0.1222
vn 0.3584 0.3505 0.8653
vn 0.7430 0.3505 -0.5701
vn -0.9285 0.3505 -0.1222
vn 0.1222 0.3505 0.9285
vn 0.8653 0.3505 -0.3584
vn -0.8653 0.3505 -0.3584
vn -0.1222 0.3505 0.9285
vn 0.7120 -0.6959 -0.0937
vn -0.0000 1.0000 -0.0000
vn -0.5697 -0.6959 -0.4372
vn -0.2748 -0.6959 0.6634
vn 0.7120 -0.6959 0.0937
vn -0.4372 -0.6959 -0.5697
vn -0.4372 -0.6959 0.5697
vn 0.6634 -0.6959 0.2748
vn -0.2748 -0.6959 -0.6634
vn 0.0937 -0.6959 -0.7120
vn -0.5697 -0.6959 0.4372
vn 0.5697 -0.6959 0.4372
vn -0.0937 -0.6959 -0.7120
vn 0.2748 -0.6959 -0.6634
vn -0.6634 -0.6959 0.2748
vn 0.4372 -0.6959 0.5697
vn 0.4372 -0.6959 -0.5697
vn -0.7120 -0.6959 0.0937
vn 0.2748 -0.6959 0.6634
vn 0.5697 -0.6959 -0.4372
vn -0.7120 -0.6959 -0.0937
vn 0.0937 -0.6959 0.7120
vn 0.6634 -0.6959 -0.2748
vn -0.6634 -0.6959 -0.2748
vn -0.0937 -0.6959 0.7120
vn 0.3486 0.4123 0.8417
vn 0.1189 0.4123 0.9033
vn 0.5546 0.4123 0.7228
vn 0.7228 0.4123 0.5546
vn 0.8417 0.4123 0.3486
vn 0.9033 0.4123 0.1189
vn 0.9033 0.4123 -0.1189
vn 0.8417 0.4123 -0.3486
vn 0.7228 0.4123 -0.5546
vn 0.5546 0.4123 -0.7228
vn 0.3486 0.4123 -0.8417
vn 0.1189 0.4123 -0.9033
vn -0.1189 0.4123 -0.9033
vn -0.3486 0.4123 -0.8417
vn -0.5546 0.4123 -0.7228
vn -0.7228 0.4123 -0.5546
vn -0.8417 0.4123 -0.3486
vn -0.9033 0.4123 -0.1189
vn -0.9033 0.4123 0.1189
vn -0.8417 0.4123 0.3486
vn -0.7228 0.4123 0.5546
vn -0.5546 0.4123 0.7228
vn -0.3486 0.4123 0.8417
vn -0.1189 0.4123 0.9033
vn -0.2905 0.6509 -0.7014
vn -0.0991 0.6509 -0.7527
vn -0.4621 0.6509 -0.6023
vn -0.6023 0.6509 -0.4621
vn -0.7014 0.6509 -0.2905
vn -0.7527 0.6509 -0.0991
vn -0.7527 0.6509 0.0991
vn -0.7014 0.6509 0.2905
vn -0.6023 0.6509 0.4621
vn -0.4621 0.6509 0.6023
vn -0.2905 0.6509 0.7014
vn -0.0991 0.6509 0.7527
vn 0.0991 0.6509 0.7527
vn 0.2905 0.6509 0.7014
vn 0.4621 0.6509 0.6023
vn 0.6023 0.6509 0.4621
vn 0.7014 0.6509 0.2905
vn 0.7527 0.6509 0.0991
vn 0.7527 0.6509 -0.0991
vn 0.7014 0.6509 -0.2905
vn 0.6023 0.6509 -0.4621
vn 0.4621 0.6509 -0.6023
vn 0.2905 0.6509 -0.7014
vn 0.0991 0.6509 -0.7527
vn -0.2620 0.7289 -0.6325
vn -0.0894 0.7289 -0.6787
vn -0.4167 0.7289 -0.5431
vn -0.5431 0.7289 -0.4167
vn -0.6325 0.7289 -0.2620
vn -0.6787 0.7289 -0.0894
vn -0.6787 0.7289 0.0894
vn -0.6325 0.7289 0.2620
vn -0.5431 0.7289 0.4167
vn -0.4167 0.7289 0.5431
vn -0.2620 0.7289 0.6325
vn -0.0894 0.7289 0.6787
vn 0.0894 0.7289 0.6787
vn 0.2620 0.7289 0.6325
vn 0.4167 0.7289 0.5431
vn 0.5431 0.7289 0.4167
vn 0.6325 0.7289 0.2620
vn 0.6787 0.7289 0.0894
vn 0.6787 0.7289 -0.0894
vn 0.6325 0.7289 -0.2620
vn 0.5431 0.7289 -0.4167
vn 0.4167 0.7289 -0.5431
vn 0.2620 0.7289 -0.6325
vn 0.0894 0.7289 -0.6787
vn 0.0849 0.7599 0.6445
vn 0.6501 0.7599 -0.0000
vn -0.0849 0.7599 -0.6445
vn -0.6279 0.7599 0.1683
vn 0.2488 0.7599 0.6006
vn 0.6279 0.7599 -0.1683
vn -0.2488 0.7599 -0.6006
vn -0.5630 0.7599 0.3250
vn 0.3957 0.7599 0.5157
vn 0.5630 0.7599 -0.3250
vn -0.3957 0.7599 -0.5157
vn -0.4597 0.7599 0.4597
vn 0.5157 0.7599 0.3957
vn 0.4597 0.7599 -0.4597
vn -0.5157 0.7599 -0.3957
vn -0.3250 0.7599 0.5630
vn 0.6006 0.7599 0.2488
vn 0.3250 0.7599 -0.5630
vn -0.6006 0.7599 -0.2488
vn -0.1683 0.7599 0.6279
vn 0.6445 0.7599 0.0849
vn 0.1683 0.7599 -0.6279
vn -0.6445 0.7599 -0.0849
vn -0.0000 0.7599 0.6501
vn 0.6445 0.7599 -0.0849
vn -0.0000 0.7599 -0.6501
vn -0.6445 0.7599 0.0849
vn 0.1683 0.7599 0.6279
vn 0.6006 0.7599 -0.2488
vn -0.1683 0.7599 -0.6279
vn -0.6006 0.7599 0.2488
vn 0.3250 0.7599 0.5630
vn 0.5157 0.7599 -0.3957
vn -0.3250 0.7599 -0.5630
vn -0.5157 0.7599 0.3957
vn 0.4597 0.7599 0.4597
vn 0.3957 0.7599 -0.5157
vn -0.4597 0.7599 -0.4597
vn -0.3957 0.7599 0.5157
vn 0.5630 0.7599 0.3250
vn 0.2488 0.7599 -0.6006
vn -0.5630 0.7599 -0.3250
vn -0.2488 0.7599 0.6006
vn 0.6279 0.7599 0.1683
vn 0.0849 0.7599 -0.6445
vn -0.6279 0.7599 -0.1683
vn -0.0849 0.7599 0.6445
vn -0.6501 0.7599 -0.0000
vn -0.2508 0.7553 -0.6055
vn -0.0856 0.7553 -0.6498
vn -0.3990 0.7553 -0.5200
vn -0.5200 0.7553 -0.3990
vn -0.6055 0.7553 -0.2508
vn -0.6498 0.7553 -0.0856
vn -0.6498 0.7553 0.0856
vn -0.6055 0.7553 0.2508
vn -0.5200 0.7553 0.3990
vn -0.3990 0.7553 0.5200
vn -0.2508 0.7553 0.6055
vn -0.0856 0.7553 0.6498
vn 0.0855 0.7553 0.6498
vn 0.2508 0.7553 0.6055
vn 0.3990 0.7553 0.5200
vn 0.5200 0.7553 0.3990
vn 0.6055 0.7553 0.2508
vn 0.6498 0.7553 0.0856
vn 0.6498 0.7553 -0.0856
vn 0.6055 0.7553 -0.2508
vn 0.5200 0.7553 -0.3990
vn 0.3990 0.7553 -0.5200
vn 0.2508 0.7553 -0.6055
vn 0.0855 0.7553 -0.6498
vn -0.0001 1.0000 -0.0000
vn 0.0001 1.0000 -0.0000
vt 0.000000 0.000000
s 0
usemtl VCol.019
f 4126/1337/1586 4270/1337/1586 4269/1337/1586 4125/1337/1586
f 4119/1337/1587 4263/1337/1587 4262/1337/1587 4118/1337/1587
f 4134/1337/1588 4278/1337/1588 4277/1337/1588 4133/1337/1588
f 4127/1337/1589 4271/1337/1589 4270/1337/1589 4126/1337/1589
f 4120/1337/1590 4264/1337/1590 4263/1337/1590 4119/1337/1590
f 4135/1337/1591 4279/1337/1591 4278/1337/1591 4134/1337/1591
f 4128/1337/1592 4272/1337/1592 4271/1337/1592 4127/1337/1592
f 4121/1337/1593 4265/1337/1593 4264/1337/1593 4120/1337/1593
f 4136/1337/1594 4280/1337/1594 4279/1337/1594 4135/1337/1594
f 4129/1337/1595 4273/1337/1595 4272/1337/1595 4128/1337/1595
f 4122/1337/1596 4266/1337/1596 4265/1337/1596 4121/1337/1596
f 4137/1337/1597 4281/1337/1597 4280/1337/1597 4136/1337/1597
f 4115/1337/1598 4258/1337/1598 4259/1337/1598 4114/1337/1598
f 4130/1337/1599 4274/1337/1599 4273/1337/1599 4129/1337/1599
f 4123/1337/1600 4267/1337/1600 4266/1337/1600 4122/1337/1600
f 4114/1337/1601 4259/1337/1601 4281/1337/1601 4137/1337/1601
f 4116/1337/1602 4260/1337/1602 4258/1337/1602 4115/1337/1602
f 4131/1337/1603 4275/1337/1603 4274/1337/1603 4130/1337/1603
f 4124/1337/1604 4268/1337/1604 4267/1337/1604 4123/1337/1604
f 4117/1337/1605 4261/1337/1605 4260/1337/1605 4116/1337/1605
f 4132/1337/1606 4276/1337/1606 4275/1337/1606 4131/1337/1606
f 4125/1337/1607 4269/1337/1607 4268/1337/1607 4124/1337/1607
f 4118/1337/1608 4262/1337/1608 4261/1337/1608 4117/1337/1608
f 4133/1337/1609 4277/1337/1609 4276/1337/1609 4132/1337/1609
f 4294/1337/1610 4295/1337/1610 4175/1337/1610 4163/1337/1610
f 4287/1337/1611 4288/1337/1611 4177/1337/1611 4167/1337/1611
f 4302/1337/1612 4303/1337/1612 4179/1337/1612 4171/1337/1612
f 4293/1337/1613 4294/1337/1613 4163/1337/1613 4164/1337/1613
f 4286/1337/1614 4287/1337/1614 4167/1337/1614 4168/1337/1614
f 4301/1337/1615 4302/1337/1615 4171/1337/1615 4172/1337/1615
f 4295/1337/1616 4296/1337/1616 4181/1337/1616 4175/1337/1616
f 4288/1337/1617 4289/1337/1617 4183/1337/1617 4177/1337/1617
f 4303/1337/1618 4304/1337/1618 4185/1337/1618 4179/1337/1618
f 4296/1337/1619 4297/1337/1619 4187/1337/1619 4181/1337/1619
f 4289/1337/1620 4290/1337/1620 4189/1337/1620 4183/1337/1620
f 4304/1337/1621 4305/1337/1621 4191/1337/1621 4185/1337/1621
f 4282/1337/1622 4284/1337/1622 4201/1337/1622 4193/1337/1622
f 4297/1337/1623 4298/1337/1623 4197/1337/1623 4187/1337/1623
f 4290/1337/1624 4291/1337/1624 4199/1337/1624 4189/1337/1624
f 4305/1337/1625 4283/1337/1625 4194/1337/1625 4191/1337/1625
f 4283/1337/1626 4282/1337/1626 4193/1337/1626 4194/1337/1626
f 4298/1337/1627 4299/1337/1627 4203/1337/1627 4197/1337/1627
f 4291/1337/1628 4292/1337/1628 4205/1337/1628 4199/1337/1628
f 4284/1337/1629 4285/1337/1629 4207/1337/1629 4201/1337/1629
f 4299/1337/1630 4300/1337/1630 4209/1337/1630 4203/1337/1630
f 4254/1337/1611 4248/1337/1611 4144/1337/1611 4143/1337/1611
f 4252/1337/1612 4246/1337/1612 4159/1337/1612 4158/1337/1612
f 4250/1337/1616 4244/1337/1616 4152/1337/1616 4151/1337/1616
f 4211/1337/1631 4173/1337/1631 4157/1337/1631 4156/1337/1631
f 4215/1337/1632 4169/1337/1632 4142/1337/1632 4141/1337/1632
f 4219/1337/1633 4165/1337/1633 4149/1337/1633 4148/1337/1633
f 4222/1337/1630 4211/1337/1630 4156/1337/1630 4155/1337/1630
f 4224/1337/1629 4215/1337/1629 4141/1337/1629 4140/1337/1629
f 4226/1337/1628 4219/1337/1628 4148/1337/1628 4147/1337/1628
f 4228/1337/1627 4222/1337/1627 4155/1337/1627 4154/1337/1627
f 4230/1337/1622 4224/1337/1622 4140/1337/1622 4139/1337/1622
f 4233/1337/1625 4195/1337/1625 4138/1337/1625 4161/1337/1625
f 4236/1337/1624 4226/1337/1624 4147/1337/1624 4146/1337/1624
f 4195/1337/1626 4230/1337/1626 4139/1337/1626 4138/1337/1626
f 4238/1337/1623 4228/1337/1623 4154/1337/1623 4153/1337/1623
f 4240/1337/1621 4233/1337/1621 4161/1337/1621 4160/1337/1621
f 4242/1337/1620 4236/1337/1620 4146/1337/1620 4145/1337/1620
f 4244/1337/1619 4238/1337/1619 4153/1337/1619 4152/1337/1619
f 4246/1337/1618 4240/1337/1618 4160/1337/1618 4159/1337/1618
f 4248/1337/1617 4242/1337/1617 4145/1337/1617 4144/1337/1617
f 4300/1337/1631 4301/1337/1631 4172/1337/1631 4209/1337/1631
f 4285/1337/1632 4286/1337/1632 4168/1337/1632 4207/1337/1632
f 4292/1337/1633 4293/1337/1633 4164/1337/1633 4205/1337/1633
f 4173/1337/1615 4252/1337/1615 4158/1337/1615 4157/1337/1615
f 4169/1337/1614 4254/1337/1614 4143/1337/1614 4142/1337/1614
f 4165/1337/1613 4256/1337/1613 4150/1337/1613 4149/1337/1613
f 4210/1337/1634 4208/1337/1634 4212/1337/1634 4213/1337/1634
f 4214/1337/1635 4206/1337/1635 4216/1337/1635 4217/1337/1635
f 4218/1337/1636 4204/1337/1636 4220/1337/1636 4221/1337/1636
f 4208/1337/1637 4202/1337/1637 4223/1337/1637 4212/1337/1637
f 4206/1337/1638 4200/1337/1638 4225/1337/1638 4216/1337/1638
f 4204/1337/1639 4198/1337/1639 4227/1337/1639 4220/1337/1639
f 4202/1337/1640 4196/1337/1640 4229/1337/1640 4223/1337/1640
f 4200/1337/1641 4192/1337/1641 4231/1337/1641 4225/1337/1641
f 4232/1337/1642 4190/1337/1642 4234/1337/1642 4235/1337/1642
f 4198/1337/1643 4188/1337/1643 4237/1337/1643 4227/1337/1643
f 4196/1337/1644 4186/1337/1644 4239/1337/1644 4229/1337/1644
f 4192/1337/1645 4232/1337/1645 4235/1337/1645 4231/1337/1645
f 4190/1337/1646 4184/1337/1646 4241/1337/1646 4234/1337/1646
f 4188/1337/1647 4182/1337/1647 4243/1337/1647 4237/1337/1647
f 4186/1337/1648 4180/1337/1648 4245/1337/1648 4239/1337/1648
f 4184/1337/1649 4178/1337/1649 4247/1337/1649 4241/1337/1649
f 4182/1337/1650 4176/1337/1650 4249/1337/1650 4243/1337/1650
f 4180/1337/1651 4174/1337/1651 4251/1337/1651 4245/1337/1651
f 4178/1337/1652 4170/1337/1652 4253/1337/1652 4247/1337/1652
f 4176/1337/1653 4166/1337/1653 4255/1337/1653 4249/1337/1653
f 4174/1337/1654 4162/1337/1654 4257/1337/1654 4251/1337/1654
f 4170/1337/1655 4210/1337/1655 4213/1337/1655 4253/1337/1655
f 4166/1337/1656 4214/1337/1656 4217/1337/1656 4255/1337/1656
f 4162/1337/1657 4218/1337/1657 4221/1337/1657 4257/1337/1657
f 4256/1337/1610 4250/1337/1610 4151/1337/1610 4150/1337/1610
f 4208/1337/1658 4210/1337/1658 4173/1337/1658 4211/1337/1658
f 4213/1337/1659 4212/1337/1659 4209/1337/1659 4172/1337/1659
f 4206/1337/1660 4214/1337/1660 4169/1337/1660 4215/1337/1660
f 4217/1337/1659 4216/1337/1659 4207/1337/1659 4168/1337/1659
f 4204/1337/1661 4218/1337/1661 4165/1337/1661 4219/1337/1661
f 4221/1337/1659 4220/1337/1659 4205/1337/1659 4164/1337/1659
f 4202/1337/1662 4208/1337/1662 4211/1337/1662 4222/1337/1662
f 4212/1337/1659 4223/1337/1659 4203/1337/1659 4209/1337/1659
f 4200/1337/1663 4206/1337/1663 4215/1337/1663 4224/1337/1663
f 4216/1337/1659 4225/1337/1659 4201/1337/1659 4207/1337/1659
f 4198/1337/1664 4204/1337/1664 4219/1337/1664 4226/1337/1664
f 4220/1337/1659 4227/1337/1659 4199/1337/1659 4205/1337/1659
f 4196/1337/1665 4202/1337/1665 4222/1337/1665 4228/1337/1665
f 4223/1337/1659 4229/1337/1659 4197/1337/1659 4203/1337/1659
f 4192/1337/1666 4200/1337/1666 4224/1337/1666 4230/1337/1666
f 4225/1337/1659 4231/1337/1659 4193/1337/1659 4201/1337/1659
f 4190/1337/1667 4232/1337/1667 4195/1337/1667 4233/1337/1667
f 4235/1337/1659 4234/1337/1659 4191/1337/1659 4194/1337/1659
f 4188/1337/1668 4198/1337/1668 4226/1337/1668 4236/1337/1668
f 4227/1337/1659 4237/1337/1659 4189/1337/1659 4199/1337/1659
f 4186/1337/1669 4196/1337/1669 4228/1337/1669 4238/1337/1669
f 4229/1337/1659 4239/1337/1659 4187/1337/1659 4197/1337/1659
f 4232/1337/1670 4192/1337/1670 4230/1337/1670 4195/1337/1670
f 4231/1337/1659 4235/1337/1659 4194/1337/1659 4193/1337/1659
f 4184/1337/1671 4190/1337/1671 4233/1337/1671 4240/1337/1671
f 4234/1337/1659 4241/1337/1659 4185/1337/1659 4191/1337/1659
f 4182/1337/1672 4188/1337/1672 4236/1337/1672 4242/1337/1672
f 4237/1337/1659 4243/1337/1659 4183/1337/1659 4189/1337/1659
f 4180/1337/1673 4186/1337/1673 4238/1337/1673 4244/1337/1673
f 4239/1337/1659 4245/1337/1659 4181/1337/1659 4187/1337/1659
f 4178/1337/1674 4184/1337/1674 4240/1337/1674 4246/1337/1674
f 4241/1337/1659 4247/1337/1659 4179/1337/1659 4185/1337/1659
f 4176/1337/1675 4182/1337/1675 4242/1337/1675 4248/1337/1675
f 4243/1337/1659 4249/1337/1659 4177/1337/1659 4183/1337/1659
f 4174/1337/1676 4180/1337/1676 4244/1337/1676 4250/1337/1676
f 4245/1337/1659 4251/1337/1659 4175/1337/1659 4181/1337/1659
f 4170/1337/1677 4178/1337/1677 4246/1337/1677 4252/1337/1677
f 4247/1337/1659 4253/1337/1659 4171/1337/1659 4179/1337/1659
f 4166/1337/1678 4176/1337/1678 4248/1337/1678 4254/1337/1678
f 4249/1337/1659 4255/1337/1659 4167/1337/1659 4177/1337/1659
f 4162/1337/1679 4174/1337/1679 4250/1337/1679 4256/1337/1679
f 4251/1337/1659 4257/1337/1659 4163/1337/1659 4175/1337/1659
f 4210/1337/1680 4170/1337/1680 4252/1337/1680 4173/1337/1680
f 4253/1337/1659 4213/1337/1659 4172/1337/1659 4171/1337/1659
f 4214/1337/1681 4166/1337/1681 4254/1337/1681 4169/1337/1681
f 4255/1337/1659 4217/1337/1659 4168/1337/1659 4167/1337/1659
f 4218/1337/1682 4162/1337/1682 4256/1337/1682 4165/1337/1682
f 4257/1337/1659 4221/1337/1659 4164/1337/1659 4163/1337/1659
f 4284/1337/1659 4282/1337/1659 4258/1337/1659 4260/1337/1659
f 4286/1337/1659 4285/1337/1659 4261/1337/1659 4262/1337/1659
f 4288/1337/1659 4287/1337/1659 4263/1337/1659 4264/1337/1659
f 4290/1337/1659 4289/1337/1659 4265/1337/1659 4266/1337/1659
f 4292/1337/1659 4291/1337/1659 4267/1337/1659 4268/1337/1659
f 4294/1337/1659 4293/1337/1659 4269/1337/1659 4270/1337/1659
f 4296/1337/1659 4295/1337/1659 4271/1337/1659 4272/1337/1659
f 4298/1337/1659 4297/1337/1659 4273/1337/1659 4274/1337/1659
f 4300/1337/1659 4299/1337/1659 4275/1337/1659 4276/1337/1659
f 4302/1337/1659 4301/1337/1659 4277/1337/1659 4278/1337/1659
f 4304/1337/1659 4303/1337/1659 4279/1337/1659 4280/1337/1659
f 4283/1337/1659 4305/1337/1659 4281/1337/1659 4259/1337/1659
f 4282/1337/1659 4283/1337/1659 4259/1337/1659 4258/1337/1659
f 4285/1337/1659 4284/1337/1659 4260/1337/1659 4261/1337/1659
f 4287/1337/1659 4286/1337/1659 4262/1337/1659 4263/1337/1659
f 4289/1337/1659 4288/1337/1659 4264/1337/1659 4265/1337/1659
f 4291/1337/1659 4290/1337/1659 4266/1337/1659 4267/1337/1659
f 4293/1337/1659 4292/1337/1659 4268/1337/1659 4269/1337/1659
f 4295/1337/1659 4294/1337/1659 4270/1337/1659 4271/1337/1659
f 4297/1337/1659 4296/1337/1659 4272/1337/1659 4273/1337/1659
f 4299/1337/1659 4298/1337/1659 4274/1337/1659 4275/1337/1659
f 4301/1337/1659 4300/1337/1659 4276/1337/1659 4277/1337/1659
f 4303/1337/1659 4302/1337/1659 4278/1337/1659 4279/1337/1659
f 4305/1337/1659 4304/1337/1659 4280/1337/1659 4281/1337/1659
f 4139/1337/1659 4140/1337/1659 4354/1337/1659 4355/1337/1659
f 4140/1337/1659 4141/1337/1659 4357/1337/1659 4354/1337/1659
f 4141/1337/1659 4142/1337/1659 4358/1337/1659 4357/1337/1659
f 4142/1337/1659 4143/1337/1659 4359/1337/1659 4358/1337/1659
f 4143/1337/1659 4144/1337/1659 4360/1337/1659 4359/1337/1659
f 4144/1337/1659 4145/1337/1659 4361/1337/1659 4360/1337/1659
f 4145/1337/1659 4146/1337/1659 4362/1337/1659 4361/1337/1659
f 4146/1337/1659 4147/1337/1659 4363/1337/1659 4362/1337/1659
f 4147/1337/1659 4148/1337/1659 4364/1337/1659 4363/1337/1659
f 4148/1337/1659 4149/1337/1659 4365/1337/1659 4364/1337/1659
f 4149/1337/1659 4150/1337/1659 4366/1337/1659 4365/1337/1659
f 4150/1337/1659 4151/1337/1659 4367/1337/1659 4366/1337/1659
f 4151/1337/1659 4152/1337/1659 4368/1337/1659 4367/1337/1659
f 4152/1337/1659 4153/1337/1659 4369/1337/1659 4368/1337/1659
f 4153/1337/1659 4154/1337/1659 4370/1337/1659 4369/1337/1659
f 4154/1337/1659 4155/1337/1659 4371/1337/1659 4370/1337/1659
f 4155/1337/1659 4156/1337/1659 4372/1337/1659 4371/1337/1659
f 4156/1337/1659 4157/1337/1659 4373/1337/1659 4372/1337/1659
f 4157/1337/1659 4158/1337/1659 4374/1337/1659 4373/1337/1659
f 4158/1337/1659 4159/1337/1659 4375/1337/1659 4374/1337/1659
f 4159/1337/1659 4160/1337/1659 4376/1337/1659 4375/1337/1659
f 4160/1337/1659 4161/1337/1659 4377/1337/1659 4376/1337/1659
f 4161/1337/1659 4138/1337/1659 4356/1337/1659 4377/1337/1659
f 4138/1337/1659 4139/1337/1659 4355/1337/1659 4356/1337/1659
f 4382/1337/1659 4386/1337/1659 4394/1337/1659
f 4307/1337/1659 4308/1337/1659 4331/1337/1659 4330/1337/1659
f 4308/1337/1659 4309/1337/1659 4332/1337/1659 4331/1337/1659
f 4309/1337/1659 4310/1337/1659 4333/1337/1659 4332/1337/1659
f 4310/1337/1659 4311/1337/1659 4334/1337/1659 4333/1337/1659
f 4311/1337/1659 4312/1337/1659 4335/1337/1659 4334/1337/1659
f 4312/1337/1659 4313/1337/1659 4336/1337/1659 4335/1337/1659
f 4313/1337/1659 4314/1337/1659 4337/1337/1659 4336/1337/1659
f 4314/1337/1659 4315/1337/1659 4338/1337/1659 4337/1337/1659
f 4315/1337/1659 4316/1337/1659 4339/1337/1659 4338/1337/1659
f 4316/1337/1659 4317/1337/1659 4340/1337/1659 4339/1337/1659
f 4317/1337/1659 4318/1337/1659 4341/1337/1659 4340/1337/1659
f 4318/1337/1659 4319/1337/1659 4342/1337/1659 4341/1337/1659
f 4319/1337/1659 4320/1337/1659 4343/1337/1659 4342/1337/1659
f 4320/1337/1659 4321/1337/1659 4344/1337/1659 4343/1337/1659
f 4321/1337/1659 4322/1337/1659 4345/1337/1659 4344/1337/1659
f 4322/1337/1659 4323/1337/1659 4346/1337/1659 4345/1337/1659
f 4323/1337/1659 4324/1337/1659 4347/1337/1659 4346/1337/1659
f 4324/1337/1659 4325/1337/1659 4348/1337/1659 4347/1337/1659
f 4325/1337/1659 4326/1337/1659 4349/1337/1659 4348/1337/1659
f 4326/1337/1659 4327/1337/1659 4350/1337/1659 4349/1337/1659
f 4327/1337/1659 4328/1337/1659 4351/1337/1659 4350/1337/1659
f 4328/1337/1659 4329/1337/1659 4352/1337/1659 4351/1337/1659
f 4329/1337/1659 4306/1337/1659 4353/1337/1659 4352/1337/1659
f 4306/1337/1659 4307/1337/1659 4330/1337/1659 4353/1337/1659
f 4307/1337/1683 4306/1337/1683 4355/1337/1683 4354/1337/1683
f 4306/1337/1684 4329/1337/1684 4356/1337/1684 4355/1337/1684
f 4308/1337/1685 4307/1337/1685 4354/1337/1685 4357/1337/1685
f 4309/1337/1686 4308/1337/1686 4357/1337/1686 4358/1337/1686
f 4310/1337/1687 4309/1337/1687 4358/1337/1687 4359/1337/1687
f 4311/1337/1688 4310/1337/1688 4359/1337/1688 4360/1337/1688
f 4312/1337/1689 4311/1337/1689 4360/1337/1689 4361/1337/1689
f 4313/1337/1690 4312/1337/1690 4361/1337/1690 4362/1337/1690
f 4314/1337/1691 4313/1337/1691 4362/1337/1691 4363/1337/1691
f 4315/1337/1692 4314/1337/1692 4363/1337/1692 4364/1337/1692
f 4316/1337/1693 4315/1337/1693 4364/1337/1693 4365/1337/1693
f 4317/1337/1694 4316/1337/1694 4365/1337/1694 4366/1337/1694
f 4318/1337/1695 4317/1337/1695 4366/1337/1695 4367/1337/1695
f 4319/1337/1696 4318/1337/1696 4367/1337/1696 4368/1337/1696
f 4320/1337/1697 4319/1337/1697 4368/1337/1697 4369/1337/1697
f 4321/1337/1698 4320/1337/1698 4369/1337/1698 4370/1337/1698
f 4322/1337/1699 4321/1337/1699 4370/1337/1699 4371/1337/1699
f 4323/1337/1700 4322/1337/1700 4371/1337/1700 4372/1337/1700
f 4324/1337/1701 4323/1337/1701 4372/1337/1701 4373/1337/1701
f 4325/1337/1702 4324/1337/1702 4373/1337/1702 4374/1337/1702
f 4326/1337/1703 4325/1337/1703 4374/1337/1703 4375/1337/1703
f 4327/1337/1704 4326/1337/1704 4375/1337/1704 4376/1337/1704
f 4328/1337/1705 4327/1337/1705 4376/1337/1705 4377/1337/1705
f 4329/1337/1706 4328/1337/1706 4377/1337/1706 4356/1337/1706
f 4330/1337/1697 4331/1337/1697 4378/1337/1697 4379/1337/1697
f 4353/1337/1696 4330/1337/1696 4379/1337/1696 4380/1337/1696
f 4331/1337/1698 4332/1337/1698 4381/1337/1698 4378/1337/1698
f 4332/1337/1699 4333/1337/1699 4382/1337/1699 4381/1337/1699
f 4333/1337/1700 4334/1337/1700 4383/1337/1700 4382/1337/1700
f 4334/1337/1701 4335/1337/1701 4384/1337/1701 4383/1337/1701
f 4335/1337/1702 4336/1337/1702 4385/1337/1702 4384/1337/1702
f 4336/1337/1703 4337/1337/1703 4386/1337/1703 4385/1337/1703
f 4337/1337/1704 4338/1337/1704 4387/1337/1704 4386/1337/1704
f 4338/1337/1705 4339/1337/1705 4388/1337/1705 4387/1337/1705
f 4339/1337/1706 4340/1337/1706 4389/1337/1706 4388/1337/1706
f 4340/1337/1684 4341/1337/1684 4390/1337/1684 4389/1337/1684
f 4341/1337/1683 4342/1337/1683 4391/1337/1683 4390/1337/1683
f 4342/1337/1685 4343/1337/1685 4392/1337/1685 4391/1337/1685
f 4343/1337/1686 4344/1337/1686 4393/1337/1686 4392/1337/1686
f 4344/1337/1687 4345/1337/1687 4394/1337/1687 4393/1337/1687
f 4345/1337/1688 4346/1337/1688 4395/1337/1688 4394/1337/1688
f 4346/1337/1689 4347/1337/1689 4396/1337/1689 4395/1337/1689
f 4347/1337/1690 4348/1337/1690 4397/1337/1690 4396/1337/1690
f 4348/1337/1691 4349/1337/1691 4398/1337/1691 4397/1337/1691
f 4349/1337/1692 4350/1337/1692 4399/1337/1692 4398/1337/1692
f 4350/1337/1693 4351/1337/1693 4400/1337/1693 4399/1337/1693
f 4351/1337/1694 4352/1337/1694 4401/1337/1694 4400/1337/1694
f 4352/1337/1695 4353/1337/1695 4380/1337/1695 4401/1337/1695
f 4380/1337/1659 4379/1337/1659 4378/1337/1659
f 4378/1337/1659 4381/1337/1659 4380/1337/1659
f 4381/1337/1659 4382/1337/1659 4380/1337/1659
f 4382/1337/1659 4383/1337/1659 4384/1337/1659
f 4384/1337/1659 4385/1337/1659 4386/1337/1659
f 4386/1337/1659 4387/1337/1659 4390/1337/1659
f 4387/1337/1659 4388/1337/1659 4390/1337/1659
f 4388/1337/1659 4389/1337/1659 4390/1337/1659
f 4390/1337/1659 4391/1337/1659 4392/1337/1659
f 4392/1337/1659 4393/1337/1659 4394/1337/1659
f 4394/1337/1659 4395/1337/1659 4396/1337/1659
f 4396/1337/1659 4397/1337/1659 4398/1337/1659
f 4398/1337/1659 4399/1337/1659 4400/1337/1659
f 4400/1337/1659 4401/1337/1659 4380/1337/1659
f 4382/1337/1659 4384/1337/1659 4386/1337/1659
f 4390/1337/1659 4392/1337/1659 4386/1337/1659
f 4392/1337/1659 4394/1337/1659 4386/1337/1659
f 4394/1337/1659 4396/1337/1659 4398/1337/1659
f 4398/1337/1659 4400/1337/1659 4394/1337/1659
f 4400/1337/1659 4380/1337/1659 4394/1337/1659
f 4380/1337/1659 4382/1337/1659 4394/1337/1659
f 4404/1337/1601 4452/1337/1601 4473/1337/1601 4425/1337/1601
f 4403/1337/1598 4451/1337/1598 4452/1337/1598 4404/1337/1598
f 4419/1337/1603 4467/1337/1603 4466/1337/1603 4418/1337/1603
f 4412/1337/1604 4460/1337/1604 4459/1337/1604 4411/1337/1604
f 4405/1337/1605 4453/1337/1605 4450/1337/1605 4402/1337/1605
f 4420/1337/1606 4468/1337/1606 4467/1337/1606 4419/1337/1606
f 4413/1337/1607 4461/1337/1607 4460/1337/1607 4412/1337/1607
f 4406/1337/1608 4454/1337/1608 4453/1337/1608 4405/1337/1608
f 4421/1337/1609 4469/1337/1609 4468/1337/1609 4420/1337/1609
f 4414/1337/1586 4462/1337/1586 4461/1337/1586 4413/1337/1586
f 4407/1337/1587 4455/1337/1587 4454/1337/1587 4406/1337/1587
f 4422/1337/1588 4470/1337/1588 4469/1337/1588 4421/1337/1588
f 4415/1337/1589 4463/1337/1589 4462/1337/1589 4414/1337/1589
f 4408/1337/1590 4456/1337/1590 4455/1337/1590 4407/1337/1590
f 4423/1337/1591 4471/1337/1591 4470/1337/1591 4422/1337/1591
f 4416/1337/1592 4464/1337/1592 4463/1337/1592 4415/1337/1592
f 4409/1337/1593 4457/1337/1593 4456/1337/1593 4408/1337/1593
f 4424/1337/1594 4472/1337/1594 4471/1337/1594 4423/1337/1594
f 4417/1337/1595 4465/1337/1595 4464/1337/1595 4416/1337/1595
f 4410/1337/1596 4458/1337/1596 4457/1337/1596 4409/1337/1596
f 4425/1337/1597 4473/1337/1597 4472/1337/1597 4424/1337/1597
f 4402/1337/1602 4450/1337/1602 4451/1337/1602 4403/1337/1602
f 4418/1337/1599 4466/1337/1599 4465/1337/1599 4417/1337/1599
f 4411/1337/1600 4459/1337/1600 4458/1337/1600 4410/1337/1600
f 5099/1337/1595 5161/1337/1595 5160/1337/1595 5098/1337/1595
f 4475/1337/1707 4451/1337/1707 4450/1337/1707 4474/1337/1707
f 4476/1337/1708 4452/1337/1708 4451/1337/1708 4475/1337/1708
f 4474/1337/1709 4450/1337/1709 4453/1337/1709 4477/1337/1709
f 4477/1337/1710 4453/1337/1710 4454/1337/1710 4478/1337/1710
f 4478/1337/1711 4454/1337/1711 4455/1337/1711 4479/1337/1711
f 4479/1337/1712 4455/1337/1712 4456/1337/1712 4480/1337/1712
f 4480/1337/1713 4456/1337/1713 4457/1337/1713 4481/1337/1713
f 4481/1337/1714 4457/1337/1714 4458/1337/1714 4482/1337/1714
f 4482/1337/1715 4458/1337/1715 4459/1337/1715 4483/1337/1715
f 4483/1337/1716 4459/1337/1716 4460/1337/1716 4484/1337/1716
f 4484/1337/1717 4460/1337/1717 4461/1337/1717 4485/1337/1717
f 4485/1337/1718 4461/1337/1718 4462/1337/1718 4486/1337/1718
f 4486/1337/1719 4462/1337/1719 4463/1337/1719 4487/1337/1719
f 4487/1337/1720 4463/1337/1720 4464/1337/1720 4488/1337/1720
f 4488/1337/1721 4464/1337/1721 4465/1337/1721 4489/1337/1721
f 4489/1337/1722 4465/1337/1722 4466/1337/1722 4490/1337/1722
f 4490/1337/1723 4466/1337/1723 4467/1337/1723 4491/1337/1723
f 4491/1337/1724 4467/1337/1724 4468/1337/1724 4492/1337/1724
f 4492/1337/1725 4468/1337/1725 4469/1337/1725 4493/1337/1725
f 4493/1337/1726 4469/1337/1726 4470/1337/1726 4494/1337/1726
f 4494/1337/1727 4470/1337/1727 4471/1337/1727 4495/1337/1727
f 4495/1337/1728 4471/1337/1728 4472/1337/1728 4496/1337/1728
f 4496/1337/1729 4472/1337/1729 4473/1337/1729 4497/1337/1729
f 4497/1337/1730 4473/1337/1730 4452/1337/1730 4476/1337/1730
f 4427/1337/1659 4475/1337/1659 4474/1337/1659 4426/1337/1659
f 4428/1337/1659 4476/1337/1659 4475/1337/1659 4427/1337/1659
f 4426/1337/1659 4474/1337/1659 4477/1337/1659 4429/1337/1659
f 4429/1337/1659 4477/1337/1659 4478/1337/1659 4430/1337/1659
f 4430/1337/1659 4478/1337/1659 4479/1337/1659 4431/1337/1659
f 4431/1337/1659 4479/1337/1659 4480/1337/1659 4432/1337/1659
f 4432/1337/1659 4480/1337/1659 4481/1337/1659 4433/1337/1659
f 4433/1337/1659 4481/1337/1659 4482/1337/1659 4434/1337/1659
f 4434/1337/1659 4482/1337/1659 4483/1337/1659 4435/1337/1659
f 4435/1337/1659 4483/1337/1659 4484/1337/1659 4436/1337/1659
f 4436/1337/1659 4484/1337/1659 4485/1337/1659 4437/1337/1659
f 4437/1337/1659 4485/1337/1659 4486/1337/1659 4438/1337/1659
f 4438/1337/1659 4486/1337/1659 4487/1337/1659 4439/1337/1659
f 4439/1337/1659 4487/1337/1659 4488/1337/1659 4440/1337/1659
f 4440/1337/1659 4488/1337/1659 4489/1337/1659 4441/1337/1659
f 4441/1337/1659 4489/1337/1659 4490/1337/1659 4442/1337/1659
f 4442/1337/1659 4490/1337/1659 4491/1337/1659 4443/1337/1659
f 4443/1337/1659 4491/1337/1659 4492/1337/1659 4444/1337/1659
f 4444/1337/1659 4492/1337/1659 4493/1337/1659 4445/1337/1659
f 4445/1337/1659 4493/1337/1659 4494/1337/1659 4446/1337/1659
f 4446/1337/1659 4494/1337/1659 4495/1337/1659 4447/1337/1659
f 4447/1337/1659 4495/1337/1659 4496/1337/1659 4448/1337/1659
f 4448/1337/1659 4496/1337/1659 4497/1337/1659 4449/1337/1659
f 4449/1337/1659 4497/1337/1659 4476/1337/1659 4428/1337/1659
f 5101/1337/1596 5154/1337/1596 5153/1337/1596 5100/1337/1596
f 5103/1337/1597 5169/1337/1597 5168/1337/1597 5102/1337/1597
f 5105/1337/1602 5146/1337/1602 5147/1337/1602 5104/1337/1602
f 5106/1337/1599 5162/1337/1599 5161/1337/1599 5099/1337/1599
f 5107/1337/1600 5155/1337/1600 5154/1337/1600 5101/1337/1600
f 5108/1337/1601 5148/1337/1601 5169/1337/1601 5103/1337/1601
f 5104/1337/1598 5147/1337/1598 5148/1337/1598 5108/1337/1598
f 5109/1337/1603 5163/1337/1603 5162/1337/1603 5106/1337/1603
f 5110/1337/1604 5156/1337/1604 5155/1337/1604 5107/1337/1604
f 5111/1337/1605 5149/1337/1605 5146/1337/1605 5105/1337/1605
f 5112/1337/1606 5164/1337/1606 5163/1337/1606 5109/1337/1606
f 5113/1337/1607 5157/1337/1607 5156/1337/1607 5110/1337/1607
f 5114/1337/1608 5150/1337/1608 5149/1337/1608 5111/1337/1608
f 5115/1337/1609 5165/1337/1609 5164/1337/1609 5112/1337/1609
f 5116/1337/1586 5158/1337/1586 5157/1337/1586 5113/1337/1586
f 5117/1337/1587 5151/1337/1587 5150/1337/1587 5114/1337/1587
f 5118/1337/1588 5166/1337/1588 5165/1337/1588 5115/1337/1588
f 5119/1337/1589 5159/1337/1589 5158/1337/1589 5116/1337/1589
f 5120/1337/1590 5152/1337/1590 5151/1337/1590 5117/1337/1590
f 5121/1337/1591 5167/1337/1591 5166/1337/1591 5118/1337/1591
f 5098/1337/1592 5160/1337/1592 5159/1337/1592 5119/1337/1592
f 5100/1337/1593 5153/1337/1593 5152/1337/1593 5120/1337/1593
f 5102/1337/1594 5168/1337/1594 5167/1337/1594 5121/1337/1594
f 5003/1337/1595 4585/1337/1595 4584/1337/1595 5002/1337/1595
f 5005/1337/1596 4578/1337/1596 4577/1337/1596 5004/1337/1596
f 5007/1337/1597 4593/1337/1597 4592/1337/1597 5006/1337/1597
f 5009/1337/1602 4570/1337/1602 4571/1337/1602 5008/1337/1602
f 5010/1337/1599 4586/1337/1599 4585/1337/1599 5003/1337/1599
f 5011/1337/1600 4579/1337/1600 4578/1337/1600 5005/1337/1600
f 5012/1337/1601 4572/1337/1601 4593/1337/1601 5007/1337/1601
f 5008/1337/1598 4571/1337/1598 4572/1337/1598 5012/1337/1598
f 5013/1337/1603 4587/1337/1603 4586/1337/1603 5010/1337/1603
f 5014/1337/1604 4580/1337/1604 4579/1337/1604 5011/1337/1604
f 5015/1337/1605 4573/1337/1605 4570/1337/1605 5009/1337/1605
f 5016/1337/1606 4588/1337/1606 4587/1337/1606 5013/1337/1606
f 5017/1337/1607 4581/1337/1607 4580/1337/1607 5014/1337/1607
f 5018/1337/1608 4574/1337/1608 4573/1337/1608 5015/1337/1608
f 5019/1337/1609 4589/1337/1609 4588/1337/1609 5016/1337/1609
f 5020/1337/1586 4582/1337/1586 4581/1337/1586 5017/1337/1586
f 5021/1337/1587 4575/1337/1587 4574/1337/1587 5018/1337/1587
f 5022/1337/1588 4590/1337/1588 4589/1337/1588 5019/1337/1588
f 5023/1337/1589 4583/1337/1589 4582/1337/1589 5020/1337/1589
f 5024/1337/1590 4576/1337/1590 4575/1337/1590 5021/1337/1590
f 5025/1337/1591 4591/1337/1591 4590/1337/1591 5022/1337/1591
f 5002/1337/1592 4584/1337/1592 4583/1337/1592 5023/1337/1592
f 5004/1337/1593 4577/1337/1593 4576/1337/1593 5024/1337/1593
f 5006/1337/1594 4592/1337/1594 4591/1337/1594 5025/1337/1594
f 4555/1337/1659 4563/1337/1659 4547/1337/1659
f 5171/1337/1731 4571/1337/1731 4570/1337/1731 5170/1337/1731
f 5172/1337/1732 4572/1337/1732 4571/1337/1732 5171/1337/1732
f 5170/1337/1733 4570/1337/1733 4573/1337/1733 5173/1337/1733
f 5173/1337/1734 4573/1337/1734 4574/1337/1734 5174/1337/1734
f 5174/1337/1735 4574/1337/1735 4575/1337/1735 5175/1337/1735
f 5175/1337/1736 4575/1337/1736 4576/1337/1736 5176/1337/1736
f 5176/1337/1737 4576/1337/1737 4577/1337/1737 5177/1337/1737
f 5177/1337/1738 4577/1337/1738 4578/1337/1738 5178/1337/1738
f 5178/1337/1739 4578/1337/1739 4579/1337/1739 5179/1337/1739
f 5179/1337/1740 4579/1337/1740 4580/1337/1740 5180/1337/1740
f 5180/1337/1741 4580/1337/1741 4581/1337/1741 5181/1337/1741
f 5181/1337/1742 4581/1337/1742 4582/1337/1742 5182/1337/1742
f 5182/1337/1743 4582/1337/1743 4583/1337/1743 5183/1337/1743
f 5183/1337/1744 4583/1337/1744 4584/1337/1744 5184/1337/1744
f 5184/1337/1745 4584/1337/1745 4585/1337/1745 5185/1337/1745
f 5185/1337/1746 4585/1337/1746 4586/1337/1746 5186/1337/1746
f 5186/1337/1747 4586/1337/1747 4587/1337/1747 5187/1337/1747
f 5187/1337/1748 4587/1337/1748 4588/1337/1748 5188/1337/1748
f 5188/1337/1749 4588/1337/1749 4589/1337/1749 5189/1337/1749
f 5189/1337/1750 4589/1337/1750 4590/1337/1750 5190/1337/1750
f 5190/1337/1751 4590/1337/1751 4591/1337/1751 5191/1337/1751
f 5191/1337/1752 4591/1337/1752 4592/1337/1752 5192/1337/1752
f 5192/1337/1753 4592/1337/1753 4593/1337/1753 5193/1337/1753
f 5193/1337/1754 4593/1337/1754 4572/1337/1754 5172/1337/1754
f 5027/1337/1595 4657/1337/1595 4656/1337/1595 5026/1337/1595
f 5029/1337/1596 4650/1337/1596 4649/1337/1596 5028/1337/1596
f 5031/1337/1597 4665/1337/1597 4664/1337/1597 5030/1337/1597
f 5033/1337/1602 4642/1337/1602 4643/1337/1602 5032/1337/1602
f 5034/1337/1599 4658/1337/1599 4657/1337/1599 5027/1337/1599
f 5035/1337/1600 4651/1337/1600 4650/1337/1600 5029/1337/1600
f 5036/1337/1601 4644/1337/1601 4665/1337/1601 5031/1337/1601
f 5032/1337/1598 4643/1337/1598 4644/1337/1598 5036/1337/1598
f 5037/1337/1603 4659/1337/1603 4658/1337/1603 5034/1337/1603
f 5038/1337/1604 4652/1337/1604 4651/1337/1604 5035/1337/1604
f 5039/1337/1605 4645/1337/1605 4642/1337/1605 5033/1337/1605
f 5040/1337/1606 4660/1337/1606 4659/1337/1606 5037/1337/1606
f 5041/1337/1607 4653/1337/1607 4652/1337/1607 5038/1337/1607
f 5042/1337/1608 4646/1337/1608 4645/1337/1608 5039/1337/1608
f 5043/1337/1609 4661/1337/1609 4660/1337/1609 5040/1337/1609
f 5044/1337/1586 4654/1337/1586 4653/1337/1586 5041/1337/1586
f 5045/1337/1587 4647/1337/1587 4646/1337/1587 5042/1337/1587
f 5046/1337/1588 4662/1337/1588 4661/1337/1588 5043/1337/1588
f 5047/1337/1589 4655/1337/1589 4654/1337/1589 5044/1337/1589
f 5048/1337/1590 4648/1337/1590 4647/1337/1590 5045/1337/1590
f 5049/1337/1591 4663/1337/1591 4662/1337/1591 5046/1337/1591
f 5026/1337/1592 4656/1337/1592 4655/1337/1592 5047/1337/1592
f 5028/1337/1593 4649/1337/1593 4648/1337/1593 5048/1337/1593
f 5030/1337/1594 4664/1337/1594 4663/1337/1594 5049/1337/1594
f 4627/1337/1659 4635/1337/1659 4619/1337/1659
f 5195/1337/1731 4643/1337/1731 4642/1337/1731 5194/1337/1731
f 5196/1337/1732 4644/1337/1732 4643/1337/1732 5195/1337/1732
f 5194/1337/1733 4642/1337/1733 4645/1337/1733 5197/1337/1733
f 5197/1337/1734 4645/1337/1734 4646/1337/1734 5198/1337/1734
f 5198/1337/1735 4646/1337/1735 4647/1337/1735 5199/1337/1735
f 5199/1337/1736 4647/1337/1736 4648/1337/1736 5200/1337/1736
f 5200/1337/1737 4648/1337/1737 4649/1337/1737 5201/1337/1737
f 5201/1337/1738 4649/1337/1738 4650/1337/1738 5202/1337/1738
f 5202/1337/1739 4650/1337/1739 4651/1337/1739 5203/1337/1739
f 5203/1337/1740 4651/1337/1740 4652/1337/1740 5204/1337/1740
f 5204/1337/1741 4652/1337/1741 4653/1337/1741 5205/1337/1741
f 5205/1337/1742 4653/1337/1742 4654/1337/1742 5206/1337/1742
f 5206/1337/1743 4654/1337/1743 4655/1337/1743 5207/1337/1743
f 5207/1337/1744 4655/1337/1744 4656/1337/1744 5208/1337/1744
f 5208/1337/1745 4656/1337/1745 4657/1337/1745 5209/1337/1745
f 5209/1337/1746 4657/1337/1746 4658/1337/1746 5210/1337/1746
f 5210/1337/1747 4658/1337/1747 4659/1337/1747 5211/1337/1747
f 5211/1337/1748 4659/1337/1748 4660/1337/1748 5212/1337/1748
f 5212/1337/1749 4660/1337/1749 4661/1337/1749 5213/1337/1749
f 5213/1337/1750 4661/1337/1750 4662/1337/1750 5214/1337/1750
f 5214/1337/1751 4662/1337/1751 4663/1337/1751 5215/1337/1751
f 5215/1337/1752 4663/1337/1752 4664/1337/1752 5216/1337/1752
f 5216/1337/1753 4664/1337/1753 4665/1337/1753 5217/1337/1753
f 5217/1337/1754 4665/1337/1754 4644/1337/1754 5196/1337/1754
f 5051/1337/1595 4729/1337/1595 4728/1337/1595 5050/1337/1595
f 5053/1337/1596 4722/1337/1596 4721/1337/1596 5052/1337/1596
f 5055/1337/1597 4737/1337/1597 4736/1337/1597 5054/1337/1597
f 5057/1337/1602 4714/1337/1602 4715/1337/1602 5056/1337/1602
f 5058/1337/1599 4730/1337/1599 4729/1337/1599 5051/1337/1599
f 5059/1337/1600 4723/1337/1600 4722/1337/1600 5053/1337/1600
f 5060/1337/1601 4716/1337/1601 4737/1337/1601 5055/1337/1601
f 5056/1337/1598 4715/1337/1598 4716/1337/1598 5060/1337/1598
f 5061/1337/1603 4731/1337/1603 4730/1337/1603 5058/1337/1603
f 5062/1337/1604 4724/1337/1604 4723/1337/1604 5059/1337/1604
f 5063/1337/1605 4717/1337/1605 4714/1337/1605 5057/1337/1605
f 5064/1337/1606 4732/1337/1606 4731/1337/1606 5061/1337/1606
f 5065/1337/1607 4725/1337/1607 4724/1337/1607 5062/1337/1607
f 5066/1337/1608 4718/1337/1608 4717/1337/1608 5063/1337/1608
f 5067/1337/1609 4733/1337/1609 4732/1337/1609 5064/1337/1609
f 5068/1337/1586 4726/1337/1586 4725/1337/1586 5065/1337/1586
f 5069/1337/1587 4719/1337/1587 4718/1337/1587 5066/1337/1587
f 5070/1337/1588 4734/1337/1588 4733/1337/1588 5067/1337/1588
f 5071/1337/1589 4727/1337/1589 4726/1337/1589 5068/1337/1589
f 5072/1337/1590 4720/1337/1590 4719/1337/1590 5069/1337/1590
f 5073/1337/1591 4735/1337/1591 4734/1337/1591 5070/1337/1591
f 5050/1337/1592 4728/1337/1592 4727/1337/1592 5071/1337/1592
f 5052/1337/1593 4721/1337/1593 4720/1337/1593 5072/1337/1593
f 5054/1337/1594 4736/1337/1594 4735/1337/1594 5073/1337/1594
f 4699/1337/1659 4707/1337/1659 4691/1337/1659
f 5219/1337/1731 4715/1337/1731 4714/1337/1731 5218/1337/1731
f 5220/1337/1732 4716/1337/1732 4715/1337/1732 5219/1337/1732
f 5218/1337/1733 4714/1337/1733 4717/1337/1733 5221/1337/1733
f 5221/1337/1734 4717/1337/1734 4718/1337/1734 5222/1337/1734
f 5222/1337/1735 4718/1337/1735 4719/1337/1735 5223/1337/1735
f 5223/1337/1736 4719/1337/1736 4720/1337/1736 5224/1337/1736
f 5224/1337/1737 4720/1337/1737 4721/1337/1737 5225/1337/1737
f 5225/1337/1738 4721/1337/1738 4722/1337/1738 5226/1337/1738
f 5226/1337/1739 4722/1337/1739 4723/1337/1739 5227/1337/1739
f 5227/1337/1740 4723/1337/1740 4724/1337/1740 5228/1337/1740
f 5228/1337/1741 4724/1337/1741 4725/1337/1741 5229/1337/1741
f 5229/1337/1742 4725/1337/1742 4726/1337/1742 5230/1337/1742
f 5230/1337/1743 4726/1337/1743 4727/1337/1743 5231/1337/1743
f 5231/1337/1744 4727/1337/1744 4728/1337/1744 5232/1337/1744
f 5232/1337/1745 4728/1337/1745 4729/1337/1745 5233/1337/1745
f 5233/1337/1746 4729/1337/1746 4730/1337/1746 5234/1337/1746
f 5234/1337/1747 4730/1337/1747 4731/1337/1747 5235/1337/1747
f 5235/1337/1748 4731/1337/1748 4732/1337/1748 5236/1337/1748
f 5236/1337/1749 4732/1337/1749 4733/1337/1749 5237/1337/1749
f 5237/1337/1750 4733/1337/1750 4734/1337/1750 5238/1337/1750
f 5238/1337/1751 4734/1337/1751 4735/1337/1751 5239/1337/1751
f 5239/1337/1752 4735/1337/1752 4736/1337/1752 5240/1337/1752
f 5240/1337/1753 4736/1337/1753 4737/1337/1753 5241/1337/1753
f 5241/1337/1754 4737/1337/1754 4716/1337/1754 5220/1337/1754
f 5075/1337/1595 4801/1337/1595 4800/1337/1595 5074/1337/1595
f 5077/1337/1596 4794/1337/1596 4793/1337/1596 5076/1337/1596
f 5079/1337/1597 4809/1337/1597 4808/1337/1597 5078/1337/1597
f 5081/1337/1602 4786/1337/1602 4787/1337/1602 5080/1337/1602
f 5082/1337/1599 4802/1337/1599 4801/1337/1599 5075/1337/1599
f 5083/1337/1600 4795/1337/1600 4794/1337/1600 5077/1337/1600
f 5084/1337/1601 4788/1337/1601 4809/1337/1601 5079/1337/1601
f 5080/1337/1598 4787/1337/1598 4788/1337/1598 5084/1337/1598
f 5085/1337/1603 4803/1337/1603 4802/1337/1603 5082/1337/1603
f 5086/1337/1604 4796/1337/1604 4795/1337/1604 5083/1337/1604
f 5087/1337/1605 4789/1337/1605 4786/1337/1605 5081/1337/1605
f 5088/1337/1606 4804/1337/1606 4803/1337/1606 5085/1337/1606
f 5089/1337/1607 4797/1337/1607 4796/1337/1607 5086/1337/1607
f 5090/1337/1608 4790/1337/1608 4789/1337/1608 5087/1337/1608
f 5091/1337/1609 4805/1337/1609 4804/1337/1609 5088/1337/1609
f 5092/1337/1586 4798/1337/1586 4797/1337/1586 5089/1337/1586
f 5093/1337/1587 4791/1337/1587 4790/1337/1587 5090/1337/1587
f 5094/1337/1588 4806/1337/1588 4805/1337/1588 5091/1337/1588
f 5095/1337/1589 4799/1337/1589 4798/1337/1589 5092/1337/1589
f 5096/1337/1590 4792/1337/1590 4791/1337/1590 5093/1337/1590
f 5097/1337/1591 4807/1337/1591 4806/1337/1591 5094/1337/1591
f 5074/1337/1592 4800/1337/1592 4799/1337/1592 5095/1337/1592
f 5076/1337/1593 4793/1337/1593 4792/1337/1593 5096/1337/1593
f 5078/1337/1594 4808/1337/1594 4807/1337/1594 5097/1337/1594
f 4771/1337/1659 4779/1337/1659 4763/1337/1659
f 5243/1337/1731 4787/1337/1731 4786/1337/1731 5242/1337/1731
f 5244/1337/1732 4788/1337/1732 4787/1337/1732 5243/1337/1732
f 5242/1337/1733 4786/1337/1733 4789/1337/1733 5245/1337/1733
f 5245/1337/1734 4789/1337/1734 4790/1337/1734 5246/1337/1734
f 5246/1337/1735 4790/1337/1735 4791/1337/1735 5247/1337/1735
f 5247/1337/1736 4791/1337/1736 4792/1337/1736 5248/1337/1736
f 5248/1337/1737 4792/1337/1737 4793/1337/1737 5249/1337/1737
f 5249/1337/1738 4793/1337/1738 4794/1337/1738 5250/1337/1738
f 5250/1337/1739 4794/1337/1739 4795/1337/1739 5251/1337/1739
f 5251/1337/1740 4795/1337/1740 4796/1337/1740 5252/1337/1740
f 5252/1337/1741 4796/1337/1741 4797/1337/1741 5253/1337/1741
f 5253/1337/1742 4797/1337/1742 4798/1337/1742 5254/1337/1742
f 5254/1337/1743 4798/1337/1743 4799/1337/1743 5255/1337/1743
f 5255/1337/1744 4799/1337/1744 4800/1337/1744 5256/1337/1744
f 5256/1337/1745 4800/1337/1745 4801/1337/1745 5257/1337/1745
f 5257/1337/1746 4801/1337/1746 4802/1337/1746 5258/1337/1746
f 5258/1337/1747 4802/1337/1747 4803/1337/1747 5259/1337/1747
f 5259/1337/1748 4803/1337/1748 4804/1337/1748 5260/1337/1748
f 5260/1337/1749 4804/1337/1749 4805/1337/1749 5261/1337/1749
f 5261/1337/1750 4805/1337/1750 4806/1337/1750 5262/1337/1750
f 5262/1337/1751 4806/1337/1751 4807/1337/1751 5263/1337/1751
f 5263/1337/1752 4807/1337/1752 4808/1337/1752 5264/1337/1752
f 5264/1337/1753 4808/1337/1753 4809/1337/1753 5265/1337/1753
f 5265/1337/1754 4809/1337/1754 4788/1337/1754 5244/1337/1754
f 4906/1337/1659 4907/1337/1659 4908/1337/1659 4909/1337/1659
f 4910/1337/1659 4911/1337/1659 4912/1337/1659 4913/1337/1659
f 4914/1337/1659 4915/1337/1659 4916/1337/1659 4917/1337/1659
f 4918/1337/1659 4919/1337/1659 4920/1337/1659 4921/1337/1659
f 4922/1337/1659 4923/1337/1659 4924/1337/1659 4925/1337/1659
f 4926/1337/1659 4927/1337/1659 4928/1337/1659 4929/1337/1659
f 4930/1337/1659 4931/1337/1659 4932/1337/1659 4933/1337/1659
f 4934/1337/1659 4935/1337/1659 4936/1337/1659 4937/1337/1659
f 4938/1337/1659 4939/1337/1659 4940/1337/1659 4941/1337/1659
f 4942/1337/1659 4943/1337/1659 4944/1337/1659 4945/1337/1659
f 4946/1337/1659 4947/1337/1659 4948/1337/1659 4949/1337/1659
f 4950/1337/1659 4951/1337/1659 4952/1337/1659 4953/1337/1659
f 4954/1337/1659 4955/1337/1659 4956/1337/1659 4957/1337/1659
f 4958/1337/1659 4959/1337/1659 4960/1337/1659 4961/1337/1659
f 4962/1337/1659 4963/1337/1659 4964/1337/1659 4965/1337/1659
f 4966/1337/1659 4967/1337/1659 4968/1337/1659 4969/1337/1659
f 4970/1337/1659 4971/1337/1659 4972/1337/1659 4973/1337/1659
f 4974/1337/1659 4975/1337/1659 4976/1337/1659 4977/1337/1659
f 4978/1337/1659 4979/1337/1659 4980/1337/1659 4981/1337/1659
f 4982/1337/1659 4983/1337/1659 4984/1337/1659 4985/1337/1659
f 4986/1337/1659 4987/1337/1659 4988/1337/1659 4989/1337/1659
f 4990/1337/1659 4991/1337/1659 4992/1337/1659 4993/1337/1659
f 4994/1337/1659 4995/1337/1659 4996/1337/1659 4997/1337/1659
f 4998/1337/1659 4999/1337/1659 5000/1337/1659 5001/1337/1659
f 4810/1337/1755 4811/1337/1755 4907/1337/1755 4906/1337/1755
f 4811/1337/1756 4812/1337/1756 4908/1337/1756 4907/1337/1756
f 4812/1337/1757 4813/1337/1757 4909/1337/1757 4908/1337/1757
f 4813/1337/1758 4810/1337/1758 4906/1337/1758 4909/1337/1758
f 4814/1337/1759 4815/1337/1759 4911/1337/1759 4910/1337/1759
f 4815/1337/1760 4816/1337/1760 4912/1337/1760 4911/1337/1760
f 4816/1337/1761 4817/1337/1761 4913/1337/1761 4912/1337/1761
f 4817/1337/1762 4814/1337/1762 4910/1337/1762 4913/1337/1762
f 4818/1337/1763 4819/1337/1763 4915/1337/1763 4914/1337/1763
f 4819/1337/1764 4820/1337/1764 4916/1337/1764 4915/1337/1764
f 4820/1337/1765 4821/1337/1765 4917/1337/1765 4916/1337/1765
f 4821/1337/1766 4818/1337/1766 4914/1337/1766 4917/1337/1766
f 4822/1337/1767 4823/1337/1767 4919/1337/1767 4918/1337/1767
f 4823/1337/1768 4824/1337/1768 4920/1337/1768 4919/1337/1768
f 4824/1337/1769 4825/1337/1769 4921/1337/1769 4920/1337/1769
f 4825/1337/1770 4822/1337/1770 4918/1337/1770 4921/1337/1770
f 4826/1337/1771 4827/1337/1771 4923/1337/1771 4922/1337/1771
f 4827/1337/1772 4828/1337/1772 4924/1337/1772 4923/1337/1772
f 4828/1337/1773 4829/1337/1773 4925/1337/1773 4924/1337/1773
f 4829/1337/1774 4826/1337/1774 4922/1337/1774 4925/1337/1774
f 4830/1337/1775 4831/1337/1775 4927/1337/1775 4926/1337/1775
f 4831/1337/1776 4832/1337/1776 4928/1337/1776 4927/1337/1776
f 4832/1337/1777 4833/1337/1777 4929/1337/1777 4928/1337/1777
f 4833/1337/1778 4830/1337/1778 4926/1337/1778 4929/1337/1778
f 4834/1337/1779 4835/1337/1779 4931/1337/1779 4930/1337/1779
f 4835/1337/1780 4836/1337/1780 4932/1337/1780 4931/1337/1780
f 4836/1337/1781 4837/1337/1781 4933/1337/1781 4932/1337/1781
f 4837/1337/1782 4834/1337/1782 4930/1337/1782 4933/1337/1782
f 4838/1337/1783 4839/1337/1783 4935/1337/1783 4934/1337/1783
f 4839/1337/1784 4840/1337/1784 4936/1337/1784 4935/1337/1784
f 4840/1337/1785 4841/1337/1785 4937/1337/1785 4936/1337/1785
f 4841/1337/1786 4838/1337/1786 4934/1337/1786 4937/1337/1786
f 4842/1337/1787 4843/1337/1787 4939/1337/1787 4938/1337/1787
f 4843/1337/1788 4844/1337/1788 4940/1337/1788 4939/1337/1788
f 4844/1337/1789 4845/1337/1789 4941/1337/1789 4940/1337/1789
f 4845/1337/1790 4842/1337/1790 4938/1337/1790 4941/1337/1790
f 4846/1337/1791 4847/1337/1791 4943/1337/1791 4942/1337/1791
f 4847/1337/1792 4848/1337/1792 4944/1337/1792 4943/1337/1792
f 4848/1337/1793 4849/1337/1793 4945/1337/1793 4944/1337/1793
f 4849/1337/1794 4846/1337/1794 4942/1337/1794 4945/1337/1794
f 4850/1337/1795 4851/1337/1795 4947/1337/1795 4946/1337/1795
f 4851/1337/1796 4852/1337/1796 4948/1337/1796 4947/1337/1796
f 4852/1337/1797 4853/1337/1797 4949/1337/1797 4948/1337/1797
f 4853/1337/1798 4850/1337/1798 4946/1337/1798 4949/1337/1798
f 4854/1337/1799 4855/1337/1799 4951/1337/1799 4950/1337/1799
f 4855/1337/1800 4856/1337/1800 4952/1337/1800 4951/1337/1800
f 4856/1337/1801 4857/1337/1801 4953/1337/1801 4952/1337/1801
f 4857/1337/1756 4854/1337/1756 4950/1337/1756 4953/1337/1756
f 4858/1337/1757 4859/1337/1757 4955/1337/1757 4954/1337/1757
f 4859/1337/1802 4860/1337/1802 4956/1337/1802 4955/1337/1802
f 4860/1337/1755 4861/1337/1755 4957/1337/1755 4956/1337/1755
f 4861/1337/1760 4858/1337/1760 4954/1337/1760 4957/1337/1760
f 4862/1337/1761 4863/1337/1761 4959/1337/1761 4958/1337/1761
f 4863/1337/1758 4864/1337/1758 4960/1337/1758 4959/1337/1758
f 4864/1337/1759 4865/1337/1759 4961/1337/1759 4960/1337/1759
f 4865/1337/1764 4862/1337/1764 4958/1337/1764 4961/1337/1764
f 4866/1337/1765 4867/1337/1765 4963/1337/1765 4962/1337/1765
f 4867/1337/1762 4868/1337/1762 4964/1337/1762 4963/1337/1762
f 4868/1337/1763 4869/1337/1763 4965/1337/1763 4964/1337/1763
f 4869/1337/1768 4866/1337/1768 4962/1337/1768 4965/1337/1768
f 4870/1337/1769 4871/1337/1769 4967/1337/1769 4966/1337/1769
f 4871/1337/1766 4872/1337/1766 4968/1337/1766 4967/1337/1766
f 4872/1337/1767 4873/1337/1767 4969/1337/1767 4968/1337/1767
f 4873/1337/1772 4870/1337/1772 4966/1337/1772 4969/1337/1772
f 4874/1337/1773 4875/1337/1773 4971/1337/1773 4970/1337/1773
f 4875/1337/1770 4876/1337/1770 4972/1337/1770 4971/1337/1770
f 4876/1337/1771 4877/1337/1771 4973/1337/1771 4972/1337/1771
f 4877/1337/1776 4874/1337/1776 4970/1337/1776 4973/1337/1776
f 4878/1337/1777 4879/1337/1777 4975/1337/1777 4974/1337/1777
f 4879/1337/1774 4880/1337/1774 4976/1337/1774 4975/1337/1774
f 4880/1337/1775 4881/1337/1775 4977/1337/1775 4976/1337/1775
f 4881/1337/1780 4878/1337/1780 4974/1337/1780 4977/1337/1780
f 4882/1337/1781 4883/1337/1781 4979/1337/1781 4978/1337/1781
f 4883/1337/1778 4884/1337/1778 4980/1337/1778 4979/1337/1778
f 4884/1337/1779 4885/1337/1779 4981/1337/1779 4980/1337/1779
f 4885/1337/1784 4882/1337/1784 4978/1337/1784 4981/1337/1784
f 4886/1337/1785 4887/1337/1785 4983/1337/1785 4982/1337/1785
f 4887/1337/1782 4888/1337/1782 4984/1337/1782 4983/1337/1782
f 4888/1337/1783 4889/1337/1783 4985/1337/1783 4984/1337/1783
f 4889/1337/1788 4886/1337/1788 4982/1337/1788 4985/1337/1788
f 4890/1337/1789 4891/1337/1789 4987/1337/1789 4986/1337/1789
f 4891/1337/1786 4892/1337/1786 4988/1337/1786 4987/1337/1786
f 4892/1337/1787 4893/1337/1787 4989/1337/1787 4988/1337/1787
f 4893/1337/1792 4890/1337/1792 4986/1337/1792 4989/1337/1792
f 4894/1337/1793 4895/1337/1793 4991/1337/1793 4990/1337/1793
f 4895/1337/1790 4896/1337/1790 4992/1337/1790 4991/1337/1790
f 4896/1337/1791 4897/1337/1791 4993/1337/1791 4992/1337/1791
f 4897/1337/1796 4894/1337/1796 4990/1337/1796 4993/1337/1796
f 4898/1337/1797 4899/1337/1797 4995/1337/1797 4994/1337/1797
f 4899/1337/1794 4900/1337/1794 4996/1337/1794 4995/1337/1794
f 4900/1337/1795 4901/1337/1795 4997/1337/1795 4996/1337/1795
f 4901/1337/1800 4898/1337/1800 4994/1337/1800 4997/1337/1800
f 4902/1337/1801 4903/1337/1801 4999/1337/1801 4998/1337/1801
f 4903/1337/1798 4904/1337/1798 5000/1337/1798 4999/1337/1798
f 4904/1337/1799 4905/1337/1799 5001/1337/1799 5000/1337/1799
f 4905/1337/1802 4902/1337/1802 4998/1337/1802 5001/1337/1802
f 4544/1337/1594 5006/1337/1594 5025/1337/1594 4543/1337/1594
f 4529/1337/1593 5004/1337/1593 5024/1337/1593 4528/1337/1593
f 4536/1337/1592 5002/1337/1592 5023/1337/1592 4535/1337/1592
f 4543/1337/1591 5025/1337/1591 5022/1337/1591 4542/1337/1591
f 4528/1337/1590 5024/1337/1590 5021/1337/1590 4527/1337/1590
f 4535/1337/1589 5023/1337/1589 5020/1337/1589 4534/1337/1589
f 4542/1337/1588 5022/1337/1588 5019/1337/1588 4541/1337/1588
f 4527/1337/1587 5021/1337/1587 5018/1337/1587 4526/1337/1587
f 4534/1337/1586 5020/1337/1586 5017/1337/1586 4533/1337/1586
f 4541/1337/1609 5019/1337/1609 5016/1337/1609 4540/1337/1609
f 4526/1337/1608 5018/1337/1608 5015/1337/1608 4525/1337/1608
f 4533/1337/1607 5017/1337/1607 5014/1337/1607 4532/1337/1607
f 4540/1337/1606 5016/1337/1606 5013/1337/1606 4539/1337/1606
f 4525/1337/1605 5015/1337/1605 5009/1337/1605 4522/1337/1605
f 4532/1337/1604 5014/1337/1604 5011/1337/1604 4531/1337/1604
f 4539/1337/1603 5013/1337/1603 5010/1337/1603 4538/1337/1603
f 4523/1337/1598 5008/1337/1598 5012/1337/1598 4524/1337/1598
f 4524/1337/1601 5012/1337/1601 5007/1337/1601 4545/1337/1601
f 4531/1337/1600 5011/1337/1600 5005/1337/1600 4530/1337/1600
f 4538/1337/1599 5010/1337/1599 5003/1337/1599 4537/1337/1599
f 4522/1337/1602 5009/1337/1602 5008/1337/1602 4523/1337/1602
f 4545/1337/1597 5007/1337/1597 5006/1337/1597 4544/1337/1597
f 4530/1337/1596 5005/1337/1596 5004/1337/1596 4529/1337/1596
f 4537/1337/1595 5003/1337/1595 5002/1337/1595 4536/1337/1595
f 4616/1337/1594 5030/1337/1594 5049/1337/1594 4615/1337/1594
f 4601/1337/1593 5028/1337/1593 5048/1337/1593 4600/1337/1593
f 4608/1337/1592 5026/1337/1592 5047/1337/1592 4607/1337/1592
f 4615/1337/1591 5049/1337/1591 5046/1337/1591 4614/1337/1591
f 4600/1337/1590 5048/1337/1590 5045/1337/1590 4599/1337/1590
f 4607/1337/1589 5047/1337/1589 5044/1337/1589 4606/1337/1589
f 4614/1337/1588 5046/1337/1588 5043/1337/1588 4613/1337/1588
f 4599/1337/1587 5045/1337/1587 5042/1337/1587 4598/1337/1587
f 4606/1337/1586 5044/1337/1586 5041/1337/1586 4605/1337/1586
f 4613/1337/1609 5043/1337/1609 5040/1337/1609 4612/1337/1609
f 4598/1337/1608 5042/1337/1608 5039/1337/1608 4597/1337/1608
f 4605/1337/1607 5041/1337/1607 5038/1337/1607 4604/1337/1607
f 4612/1337/1606 5040/1337/1606 5037/1337/1606 4611/1337/1606
f 4597/1337/1605 5039/1337/1605 5033/1337/1605 4594/1337/1605
f 4604/1337/1604 5038/1337/1604 5035/1337/1604 4603/1337/1604
f 4611/1337/1603 5037/1337/1603 5034/1337/1603 4610/1337/1603
f 4595/1337/1598 5032/1337/1598 5036/1337/1598 4596/1337/1598
f 4596/1337/1601 5036/1337/1601 5031/1337/1601 4617/1337/1601
f 4603/1337/1600 5035/1337/1600 5029/1337/1600 4602/1337/1600
f 4610/1337/1599 5034/1337/1599 5027/1337/1599 4609/1337/1599
f 4594/1337/1602 5033/1337/1602 5032/1337/1602 4595/1337/1602
f 4617/1337/1597 5031/1337/1597 5030/1337/1597 4616/1337/1597
f 4602/1337/1596 5029/1337/1596 5028/1337/1596 4601/1337/1596
f 4609/1337/1595 5027/1337/1595 5026/1337/1595 4608/1337/1595
f 4688/1337/1594 5054/1337/1594 5073/1337/1594 4687/1337/1594
f 4673/1337/1593 5052/1337/1593 5072/1337/1593 4672/1337/1593
f 4680/1337/1592 5050/1337/1592 5071/1337/1592 4679/1337/1592
f 4687/1337/1591 5073/1337/1591 5070/1337/1591 4686/1337/1591
f 4672/1337/1590 5072/1337/1590 5069/1337/1590 4671/1337/1590
f 4679/1337/1589 5071/1337/1589 5068/1337/1589 4678/1337/1589
f 4686/1337/1588 5070/1337/1588 5067/1337/1588 4685/1337/1588
f 4671/1337/1587 5069/1337/1587 5066/1337/1587 4670/1337/1587
f 4678/1337/1586 5068/1337/1586 5065/1337/1586 4677/1337/1586
f 4685/1337/1609 5067/1337/1609 5064/1337/1609 4684/1337/1609
f 4670/1337/1608 5066/1337/1608 5063/1337/1608 4669/1337/1608
f 4677/1337/1607 5065/1337/1607 5062/1337/1607 4676/1337/1607
f 4684/1337/1606 5064/1337/1606 5061/1337/1606 4683/1337/1606
f 4669/1337/1605 5063/1337/1605 5057/1337/1605 4666/1337/1605
f 4676/1337/1604 5062/1337/1604 5059/1337/1604 4675/1337/1604
f 4683/1337/1603 5061/1337/1603 5058/1337/1603 4682/1337/1603
f 4667/1337/1598 5056/1337/1598 5060/1337/1598 4668/1337/1598
f 4668/1337/1601 5060/1337/1601 5055/1337/1601 4689/1337/1601
f 4675/1337/1600 5059/1337/1600 5053/1337/1600 4674/1337/1600
f 4682/1337/1599 5058/1337/1599 5051/1337/1599 4681/1337/1599
f 4666/1337/1602 5057/1337/1602 5056/1337/1602 4667/1337/1602
f 4689/1337/1597 5055/1337/1597 5054/1337/1597 4688/1337/1597
f 4674/1337/1596 5053/1337/1596 5052/1337/1596 4673/1337/1596
f 4681/1337/1595 5051/1337/1595 5050/1337/1595 4680/1337/1595
f 4507/1337/1659 4515/1337/1659 4499/1337/1659
f 4760/1337/1594 5078/1337/1594 5097/1337/1594 4759/1337/1594
f 4745/1337/1593 5076/1337/1593 5096/1337/1593 4744/1337/1593
f 4752/1337/1592 5074/1337/1592 5095/1337/1592 4751/1337/1592
f 4759/1337/1591 5097/1337/1591 5094/1337/1591 4758/1337/1591
f 4744/1337/1590 5096/1337/1590 5093/1337/1590 4743/1337/1590
f 4751/1337/1589 5095/1337/1589 5092/1337/1589 4750/1337/1589
f 4758/1337/1588 5094/1337/1588 5091/1337/1588 4757/1337/1588
f 4743/1337/1587 5093/1337/1587 5090/1337/1587 4742/1337/1587
f 4750/1337/1586 5092/1337/1586 5089/1337/1586 4749/1337/1586
f 4757/1337/1609 5091/1337/1609 5088/1337/1609 4756/1337/1609
f 4742/1337/1608 5090/1337/1608 5087/1337/1608 4741/1337/1608
f 4749/1337/1607 5089/1337/1607 5086/1337/1607 4748/1337/1607
f 4756/1337/1606 5088/1337/1606 5085/1337/1606 4755/1337/1606
f 4741/1337/1605 5087/1337/1605 5081/1337/1605 4738/1337/1605
f 4748/1337/1604 5086/1337/1604 5083/1337/1604 4747/1337/1604
f 4755/1337/1603 5085/1337/1603 5082/1337/1603 4754/1337/1603
f 4739/1337/1598 5080/1337/1598 5084/1337/1598 4740/1337/1598
f 4740/1337/1601 5084/1337/1601 5079/1337/1601 4761/1337/1601
f 4747/1337/1600 5083/1337/1600 5077/1337/1600 4746/1337/1600
f 4754/1337/1599 5082/1337/1599 5075/1337/1599 4753/1337/1599
f 4738/1337/1602 5081/1337/1602 5080/1337/1602 4739/1337/1602
f 4761/1337/1597 5079/1337/1597 5078/1337/1597 4760/1337/1597
f 4746/1337/1596 5077/1337/1596 5076/1337/1596 4745/1337/1596
f 4753/1337/1595 5075/1337/1595 5074/1337/1595 4752/1337/1595
f 5144/1337/1594 5102/1337/1594 5121/1337/1594 5141/1337/1594
f 5143/1337/1593 5100/1337/1593 5120/1337/1593 5140/1337/1593
f 5142/1337/1592 5098/1337/1592 5119/1337/1592 5139/1337/1592
f 5141/1337/1591 5121/1337/1591 5118/1337/1591 5138/1337/1591
f 5140/1337/1590 5120/1337/1590 5117/1337/1590 5137/1337/1590
f 5139/1337/1589 5119/1337/1589 5116/1337/1589 5136/1337/1589
f 5138/1337/1588 5118/1337/1588 5115/1337/1588 5135/1337/1588
f 5137/1337/1587 5117/1337/1587 5114/1337/1587 5134/1337/1587
f 5136/1337/1586 5116/1337/1586 5113/1337/1586 5133/1337/1586
f 5135/1337/1609 5115/1337/1609 5112/1337/1609 5132/1337/1609
f 5134/1337/1608 5114/1337/1608 5111/1337/1608 5131/1337/1608
f 5133/1337/1607 5113/1337/1607 5110/1337/1607 5130/1337/1607
f 5132/1337/1606 5112/1337/1606 5109/1337/1606 5129/1337/1606
f 5131/1337/1605 5111/1337/1605 5105/1337/1605 5125/1337/1605
f 5130/1337/1604 5110/1337/1604 5107/1337/1604 5127/1337/1604
f 5129/1337/1603 5109/1337/1603 5106/1337/1603 5126/1337/1603
f 5145/1337/1598 5104/1337/1598 5108/1337/1598 5128/1337/1598
f 5128/1337/1601 5108/1337/1601 5103/1337/1601 5124/1337/1601
f 5127/1337/1600 5107/1337/1600 5101/1337/1600 5123/1337/1600
f 5126/1337/1599 5106/1337/1599 5099/1337/1599 5122/1337/1599
f 5125/1337/1602 5105/1337/1602 5104/1337/1602 5145/1337/1602
f 5124/1337/1597 5103/1337/1597 5102/1337/1597 5144/1337/1597
f 5123/1337/1596 5101/1337/1596 5100/1337/1596 5143/1337/1596
f 5122/1337/1595 5099/1337/1595 5098/1337/1595 5142/1337/1595
f 4441/1337/1595 5122/1337/1595 5142/1337/1595 4440/1337/1595
f 4434/1337/1596 5123/1337/1596 5143/1337/1596 4433/1337/1596
f 4449/1337/1597 5124/1337/1597 5144/1337/1597 4448/1337/1597
f 4426/1337/1602 5125/1337/1602 5145/1337/1602 4427/1337/1602
f 4442/1337/1599 5126/1337/1599 5122/1337/1599 4441/1337/1599
f 4435/1337/1600 5127/1337/1600 5123/1337/1600 4434/1337/1600
f 4428/1337/1601 5128/1337/1601 5124/1337/1601 4449/1337/1601
f 4427/1337/1598 5145/1337/1598 5128/1337/1598 4428/1337/1598
f 4443/1337/1603 5129/1337/1603 5126/1337/1603 4442/1337/1603
f 4436/1337/1604 5130/1337/1604 5127/1337/1604 4435/1337/1604
f 4429/1337/1605 5131/1337/1605 5125/1337/1605 4426/1337/1605
f 4444/1337/1606 5132/1337/1606 5129/1337/1606 4443/1337/1606
f 4437/1337/1607 5133/1337/1607 5130/1337/1607 4436/1337/1607
f 4430/1337/1608 5134/1337/1608 5131/1337/1608 4429/1337/1608
f 4445/1337/1609 5135/1337/1609 5132/1337/1609 4444/1337/1609
f 4438/1337/1586 5136/1337/1586 5133/1337/1586 4437/1337/1586
f 4431/1337/1587 5137/1337/1587 5134/1337/1587 4430/1337/1587
f 4446/1337/1588 5138/1337/1588 5135/1337/1588 4445/1337/1588
f 4439/1337/1589 5139/1337/1589 5136/1337/1589 4438/1337/1589
f 4432/1337/1590 5140/1337/1590 5137/1337/1590 4431/1337/1590
f 4447/1337/1591 5141/1337/1591 5138/1337/1591 4446/1337/1591
f 4440/1337/1592 5142/1337/1592 5139/1337/1592 4439/1337/1592
f 4433/1337/1593 5143/1337/1593 5140/1337/1593 4432/1337/1593
f 4448/1337/1594 5144/1337/1594 5141/1337/1594 4447/1337/1594
f 5266/1337/1803 5267/1337/1803 5147/1337/1803 5146/1337/1803
f 5267/1337/1804 5268/1337/1804 5148/1337/1804 5147/1337/1804
f 5269/1337/1805 5266/1337/1805 5146/1337/1805 5149/1337/1805
f 5270/1337/1806 5269/1337/1806 5149/1337/1806 5150/1337/1806
f 5271/1337/1807 5270/1337/1807 5150/1337/1807 5151/1337/1807
f 5272/1337/1808 5271/1337/1808 5151/1337/1808 5152/1337/1808
f 5273/1337/1809 5272/1337/1809 5152/1337/1809 5153/1337/1809
f 5274/1337/1810 5273/1337/1810 5153/1337/1810 5154/1337/1810
f 5275/1337/1811 5274/1337/1811 5154/1337/1811 5155/1337/1811
f 5276/1337/1812 5275/1337/1812 5155/1337/1812 5156/1337/1812
f 5277/1337/1813 5276/1337/1813 5156/1337/1813 5157/1337/1813
f 5278/1337/1814 5277/1337/1814 5157/1337/1814 5158/1337/1814
f 5279/1337/1815 5278/1337/1815 5158/1337/1815 5159/1337/1815
f 5280/1337/1816 5279/1337/1816 5159/1337/1816 5160/1337/1816
f 5281/1337/1817 5280/1337/1817 5160/1337/1817 5161/1337/1817
f 5282/1337/1818 5281/1337/1818 5161/1337/1818 5162/1337/1818
f 5283/1337/1819 5282/1337/1819 5162/1337/1819 5163/1337/1819
f 5284/1337/1820 5283/1337/1820 5163/1337/1820 5164/1337/1820
f 5285/1337/1821 5284/1337/1821 5164/1337/1821 5165/1337/1821
f 5286/1337/1822 5285/1337/1822 5165/1337/1822 5166/1337/1822
f 5287/1337/1823 5286/1337/1823 5166/1337/1823 5167/1337/1823
f 5288/1337/1824 5287/1337/1824 5167/1337/1824 5168/1337/1824
f 5289/1337/1825 5288/1337/1825 5168/1337/1825 5169/1337/1825
f 5268/1337/1826 5289/1337/1826 5169/1337/1826 5148/1337/1826
f 4546/1337/1659 4547/1337/1659 5171/1337/1659 5170/1337/1659
f 4547/1337/1659 4548/1337/1659 5172/1337/1659 5171/1337/1659
f 4549/1337/1659 4546/1337/1659 5170/1337/1659 5173/1337/1659
f 4550/1337/1659 4549/1337/1659 5173/1337/1659 5174/1337/1659
f 4551/1337/1659 4550/1337/1659 5174/1337/1659 5175/1337/1659
f 4552/1337/1659 4551/1337/1659 5175/1337/1659 5176/1337/1659
f 4553/1337/1659 4552/1337/1659 5176/1337/1659 5177/1337/1659
f 4554/1337/1659 4553/1337/1659 5177/1337/1659 5178/1337/1659
f 4555/1337/1659 4554/1337/1659 5178/1337/1659 5179/1337/1659
f 4556/1337/1659 4555/1337/1659 5179/1337/1659 5180/1337/1659
f 4557/1337/1659 4556/1337/1659 5180/1337/1659 5181/1337/1659
f 4558/1337/1659 4557/1337/1659 5181/1337/1659 5182/1337/1659
f 4559/1337/1659 4558/1337/1659 5182/1337/1659 5183/1337/1659
f 4560/1337/1659 4559/1337/1659 5183/1337/1659 5184/1337/1659
f 4561/1337/1659 4560/1337/1659 5184/1337/1659 5185/1337/1659
f 4562/1337/1659 4561/1337/1659 5185/1337/1659 5186/1337/1659
f 4563/1337/1659 4562/1337/1659 5186/1337/1659 5187/1337/1659
f 4564/1337/1659 4563/1337/1659 5187/1337/1659 5188/1337/1659
f 4565/1337/1659 4564/1337/1659 5188/1337/1659 5189/1337/1659
f 4566/1337/1659 4565/1337/1659 5189/1337/1659 5190/1337/1659
f 4567/1337/1659 4566/1337/1659 5190/1337/1659 5191/1337/1659
f 4568/1337/1659 4567/1337/1659 5191/1337/1659 5192/1337/1659
f 4569/1337/1659 4568/1337/1659 5192/1337/1659 5193/1337/1659
f 4548/1337/1659 4569/1337/1659 5193/1337/1659 5172/1337/1659
f 4618/1337/1659 4619/1337/1659 5195/1337/1659 5194/1337/1659
f 4619/1337/1659 4620/1337/1659 5196/1337/1659 5195/1337/1659
f 4621/1337/1659 4618/1337/1659 5194/1337/1659 5197/1337/1659
f 4622/1337/1659 4621/1337/1659 5197/1337/1659 5198/1337/1659
f 4623/1337/1659 4622/1337/1659 5198/1337/1659 5199/1337/1659
f 4624/1337/1659 4623/1337/1659 5199/1337/1659 5200/1337/1659
f 4625/1337/1659 4624/1337/1659 5200/1337/1659 5201/1337/1659
f 4626/1337/1659 4625/1337/1659 5201/1337/1659 5202/1337/1659
f 4627/1337/1659 4626/1337/1659 5202/1337/1659 5203/1337/1659
f 4628/1337/1659 4627/1337/1659 5203/1337/1659 5204/1337/1659
f 4629/1337/1659 4628/1337/1659 5204/1337/1659 5205/1337/1659
f 4630/1337/1659 4629/1337/1659 5205/1337/1659 5206/1337/1659
f 4631/1337/1659 4630/1337/1659 5206/1337/1659 5207/1337/1659
f 4632/1337/1659 4631/1337/1659 5207/1337/1659 5208/1337/1659
f 4633/1337/1659 4632/1337/1659 5208/1337/1659 5209/1337/1659
f 4634/1337/1659 4633/1337/1659 5209/1337/1659 5210/1337/1659
f 4635/1337/1659 4634/1337/1659 5210/1337/1659 5211/1337/1659
f 4636/1337/1659 4635/1337/1659 5211/1337/1659 5212/1337/1659
f 4637/1337/1659 4636/1337/1659 5212/1337/1659 5213/1337/1659
f 4638/1337/1659 4637/1337/1659 5213/1337/1659 5214/1337/1659
f 4639/1337/1659 4638/1337/1659 5214/1337/1659 5215/1337/1659
f 4640/1337/1659 4639/1337/1659 5215/1337/1659 5216/1337/1659
f 4641/1337/1659 4640/1337/1659 5216/1337/1659 5217/1337/1659
f 4620/1337/1659 4641/1337/1659 5217/1337/1659 5196/1337/1659
f 4690/1337/1659 4691/1337/1659 5219/1337/1659 5218/1337/1659
f 4691/1337/1659 4692/1337/1659 5220/1337/1659 5219/1337/1659
f 4693/1337/1659 4690/1337/1659 5218/1337/1659 5221/1337/1659
f 4694/1337/1659 4693/1337/1659 5221/1337/1659 5222/1337/1659
f 4695/1337/1659 4694/1337/1659 5222/1337/1659 5223/1337/1659
f 4696/1337/1659 4695/1337/1659 5223/1337/1659 5224/1337/1659
f 4697/1337/1659 4696/1337/1659 5224/1337/1659 5225/1337/1659
f 4698/1337/1659 4697/1337/1659 5225/1337/1659 5226/1337/1659
f 4699/1337/1659 4698/1337/1659 5226/1337/1659 5227/1337/1659
f 4700/1337/1659 4699/1337/1659 5227/1337/1659 5228/1337/1659
f 4701/1337/1659 4700/1337/1659 5228/1337/1659 5229/1337/1659
f 4702/1337/1659 4701/1337/1659 5229/1337/1659 5230/1337/1659
f 4703/1337/1659 4702/1337/1659 5230/1337/1659 5231/1337/1659
f 4704/1337/1659 4703/1337/1659 5231/1337/1659 5232/1337/1659
f 4705/1337/1659 4704/1337/1659 5232/1337/1659 5233/1337/1659
f 4706/1337/1659 4705/1337/1659 5233/1337/1659 5234/1337/1659
f 4707/1337/1659 4706/1337/1659 5234/1337/1659 5235/1337/1659
f 4708/1337/1659 4707/1337/1659 5235/1337/1659 5236/1337/1659
f 4709/1337/1659 4708/1337/1659 5236/1337/1659 5237/1337/1659
f 4710/1337/1659 4709/1337/1659 5237/1337/1659 5238/1337/1659
f 4711/1337/1659 4710/1337/1659 5238/1337/1659 5239/1337/1659
f 4712/1337/1659 4711/1337/1659 5239/1337/1659 5240/1337/1659
f 4713/1337/1659 4712/1337/1659 5240/1337/1659 5241/1337/1659
f 4692/1337/1659 4713/1337/1659 5241/1337/1659 5220/1337/1659
f 4762/1337/1659 4763/1337/1659 5243/1337/1659 5242/1337/1659
f 4763/1337/1659 4764/1337/1659 5244/1337/1659 5243/1337/1659
f 4765/1337/1659 4762/1337/1659 5242/1337/1659 5245/1337/1659
f 4766/1337/1659 4765/1337/1659 5245/1337/1659 5246/1337/1659
f 4767/1337/1659 4766/1337/1659 5246/1337/1659 5247/1337/1659
f 4768/1337/1659 4767/1337/1659 5247/1337/1659 5248/1337/1659
f 4769/1337/1659 4768/1337/1659 5248/1337/1659 5249/1337/1659
f 4770/1337/1659 4769/1337/1659 5249/1337/1659 5250/1337/1659
f 4771/1337/1659 4770/1337/1659 5250/1337/1659 5251/1337/1659
f 4772/1337/1659 4771/1337/1659 5251/1337/1659 5252/1337/1659
f 4773/1337/1659 4772/1337/1659 5252/1337/1659 5253/1337/1659
f 4774/1337/1659 4773/1337/1659 5253/1337/1659 5254/1337/1659
f 4775/1337/1659 4774/1337/1659 5254/1337/1659 5255/1337/1659
f 4776/1337/1659 4775/1337/1659 5255/1337/1659 5256/1337/1659
f 4777/1337/1659 4776/1337/1659 5256/1337/1659 5257/1337/1659
f 4778/1337/1659 4777/1337/1659 5257/1337/1659 5258/1337/1659
f 4779/1337/1659 4778/1337/1659 5258/1337/1659 5259/1337/1659
f 4780/1337/1659 4779/1337/1659 5259/1337/1659 5260/1337/1659
f 4781/1337/1659 4780/1337/1659 5260/1337/1659 5261/1337/1659
f 4782/1337/1659 4781/1337/1659 5261/1337/1659 5262/1337/1659
f 4783/1337/1659 4782/1337/1659 5262/1337/1659 5263/1337/1659
f 4784/1337/1659 4783/1337/1659 5263/1337/1659 5264/1337/1659
f 4785/1337/1659 4784/1337/1659 5264/1337/1659 5265/1337/1659
f 4764/1337/1659 4785/1337/1659 5265/1337/1659 5244/1337/1659
f 4498/1337/1659 4499/1337/1659 5267/1337/1659 5266/1337/1659
f 4499/1337/1659 4500/1337/1659 5268/1337/1659 5267/1337/1659
f 4501/1337/1659 4498/1337/1659 5266/1337/1659 5269/1337/1659
f 4502/1337/1659 4501/1337/1659 5269/1337/1659 5270/1337/1659
f 4503/1337/1659 4502/1337/1659 5270/1337/1659 5271/1337/1659
f 4504/1337/1659 4503/1337/1659 5271/1337/1659 5272/1337/1659
f 4505/1337/1659 4504/1337/1659 5272/1337/1659 5273/1337/1659
f 4506/1337/1659 4505/1337/1659 5273/1337/1659 5274/1337/1659
f 4507/1337/1659 4506/1337/1659 5274/1337/1659 5275/1337/1659
f 4508/1337/1659 4507/1337/1659 5275/1337/1659 5276/1337/1659
f 4509/1337/1659 4508/1337/1659 5276/1337/1659 5277/1337/1659
f 4510/1337/1659 4509/1337/1659 5277/1337/1659 5278/1337/1659
f 4511/1337/1659 4510/1337/1659 5278/1337/1659 5279/1337/1659
f 4512/1337/1659 4511/1337/1659 5279/1337/1659 5280/1337/1659
f 4513/1337/1659 4512/1337/1659 5280/1337/1659 5281/1337/1659
f 4514/1337/1659 4513/1337/1659 5281/1337/1659 5282/1337/1659
f 4515/1337/1659 4514/1337/1659 5282/1337/1659 5283/1337/1659
f 4516/1337/1659 4515/1337/1659 5283/1337/1659 5284/1337/1659
f 4517/1337/1659 4516/1337/1659 5284/1337/1659 5285/1337/1659
f 4518/1337/1659 4517/1337/1659 5285/1337/1659 5286/1337/1659
f 4519/1337/1659 4518/1337/1659 5286/1337/1659 5287/1337/1659
f 4520/1337/1659 4519/1337/1659 5287/1337/1659 5288/1337/1659
f 4521/1337/1659 4520/1337/1659 5288/1337/1659 5289/1337/1659
f 4500/1337/1659 4521/1337/1659 5289/1337/1659 5268/1337/1659
f 4547/1337/1659 4546/1337/1659 4551/1337/1659
f 4546/1337/1659 4549/1337/1659 4551/1337/1659
f 4549/1337/1659 4550/1337/1659 4551/1337/1659
f 4551/1337/1659 4552/1337/1659 4553/1337/1659
f 4553/1337/1659 4554/1337/1659 4555/1337/1659
f 4555/1337/1659 4556/1337/1659 4557/1337/1659
f 4557/1337/1659 4558/1337/1659 4559/1337/1659
f 4559/1337/1659 4560/1337/1659 4561/1337/1659
f 4561/1337/1827 4562/1337/1827 4563/1337/1827
f 4563/1337/1659 4564/1337/1659 4565/1337/1659
f 4565/1337/1828 4566/1337/1828 4567/1337/1828
f 4567/1337/1659 4568/1337/1659 4547/1337/1659
f 4568/1337/1659 4569/1337/1659 4547/1337/1659
f 4569/1337/1659 4548/1337/1659 4547/1337/1659
f 4551/1337/1659 4553/1337/1659 4547/1337/1659
f 4553/1337/1659 4555/1337/1659 4547/1337/1659
f 4555/1337/1659 4557/1337/1659 4559/1337/1659
f 4559/1337/1659 4561/1337/1659 4555/1337/1659
f 4561/1337/1659 4563/1337/1659 4555/1337/1659
f 4563/1337/1659 4565/1337/1659 4547/1337/1659
f 4565/1337/1659 4567/1337/1659 4547/1337/1659
f 4619/1337/1659 4618/1337/1659 4621/1337/1659
f 4621/1337/1659 4622/1337/1659 4623/1337/1659
f 4623/1337/1659 4624/1337/1659 4625/1337/1659
f 4625/1337/1659 4626/1337/1659 4627/1337/1659
f 4627/1337/1659 4628/1337/1659 4629/1337/1659
f 4629/1337/1659 4630/1337/1659 4631/1337/1659
f 4631/1337/1659 4632/1337/1659 4633/1337/1659
f 4633/1337/1659 4634/1337/1659 4635/1337/1659
f 4635/1337/1659 4636/1337/1659 4637/1337/1659
f 4637/1337/1659 4638/1337/1659 4635/1337/1659
f 4638/1337/1659 4639/1337/1659 4635/1337/1659
f 4639/1337/1659 4640/1337/1659 4641/1337/1659
f 4641/1337/1659 4620/1337/1659 4619/1337/1659
f 4619/1337/1659 4621/1337/1659 4623/1337/1659
f 4623/1337/1659 4625/1337/1659 4619/1337/1659
f 4625/1337/1659 4627/1337/1659 4619/1337/1659
f 4627/1337/1659 4629/1337/1659 4631/1337/1659
f 4631/1337/1659 4633/1337/1659 4627/1337/1659
f 4633/1337/1659 4635/1337/1659 4627/1337/1659
f 4639/1337/1659 4641/1337/1659 4635/1337/1659
f 4641/1337/1659 4619/1337/1659 4635/1337/1659
f 4691/1337/1659 4690/1337/1659 4695/1337/1659
f 4690/1337/1659 4693/1337/1659 4695/1337/1659
f 4693/1337/1659 4694/1337/1659 4695/1337/1659
f 4695/1337/1659 4696/1337/1659 4697/1337/1659
f 4697/1337/1659 4698/1337/1659 4699/1337/1659
f 4699/1337/1659 4700/1337/1659 4701/1337/1659
f 4701/1337/1659 4702/1337/1659 4703/1337/1659
f 4703/1337/1659 4704/1337/1659 4705/1337/1659
f 4705/1337/1659 4706/1337/1659 4707/1337/1659
f 4707/1337/1659 4708/1337/1659 4709/1337/1659
f 4709/1337/1659 4710/1337/1659 4707/1337/1659
f 4710/1337/1659 4711/1337/1659 4707/1337/1659
f 4711/1337/1659 4712/1337/1659 4713/1337/1659
f 4713/1337/1659 4692/1337/1659 4691/1337/1659
f 4695/1337/1659 4697/1337/1659 4691/1337/1659
f 4697/1337/1659 4699/1337/1659 4691/1337/1659
f 4699/1337/1659 4701/1337/1659 4703/1337/1659
f 4703/1337/1659 4705/1337/1659 4699/1337/1659
f 4705/1337/1659 4707/1337/1659 4699/1337/1659
f 4711/1337/1659 4713/1337/1659 4707/1337/1659
f 4713/1337/1659 4691/1337/1659 4707/1337/1659
f 4763/1337/1659 4762/1337/1659 4767/1337/1659
f 4762/1337/1659 4765/1337/1659 4767/1337/1659
f 4765/1337/1659 4766/1337/1659 4767/1337/1659
f 4767/1337/1659 4768/1337/1659 4769/1337/1659
f 4769/1337/1659 4770/1337/1659 4771/1337/1659
f 4771/1337/1659 4772/1337/1659 4773/1337/1659
f 4773/1337/1659 4774/1337/1659 4775/1337/1659
f 4775/1337/1659 4776/1337/1659 4777/1337/1659
f 4777/1337/1659 4778/1337/1659 4779/1337/1659
f 4779/1337/1659 4780/1337/1659 4781/1337/1659
f 4781/1337/1659 4782/1337/1659 4779/1337/1659
f 4782/1337/1659 4783/1337/1659 4779/1337/1659
f 4783/1337/1659 4784/1337/1659 4785/1337/1659
f 4785/1337/1659 4764/1337/1659 4763/1337/1659
f 4767/1337/1659 4769/1337/1659 4763/1337/1659
f 4769/1337/1659 4771/1337/1659 4763/1337/1659
f 4771/1337/1659 4773/1337/1659 4775/1337/1659
f 4775/1337/1659 4777/1337/1659 4771/1337/1659
f 4777/1337/1659 4779/1337/1659 4771/1337/1659
f 4783/1337/1659 4785/1337/1659 4779/1337/1659
f 4785/1337/1659 4763/1337/1659 4779/1337/1659
f 4499/1337/1659 4498/1337/1659 4501/1337/1659
f 4501/1337/1659 4502/1337/1659 4499/1337/1659
f 4502/1337/1659 4503/1337/1659 4499/1337/1659
f 4503/1337/1659 4504/1337/1659 4505/1337/1659
f 4505/1337/1659 4506/1337/1659 4503/1337/1659
f 4506/1337/1659 4507/1337/1659 4503/1337/1659
f 4507/1337/1659 4508/1337/1659 4509/1337/1659
f 4509/1337/1659 4510/1337/1659 4507/1337/1659
f 4510/1337/1659 4511/1337/1659 4507/1337/1659
f 4511/1337/1659 4512/1337/1659 4513/1337/1659
f 4513/1337/1659 4514/1337/1659 4515/1337/1659
f 4515/1337/1828 4516/1337/1828 4517/1337/1828
f 4517/1337/1827 4518/1337/1827 4519/1337/1827
f 4519/1337/1659 4520/1337/1659 4499/1337/1659
f 4520/1337/1659 4521/1337/1659 4499/1337/1659
f 4521/1337/1659 4500/1337/1659 4499/1337/1659
f 4511/1337/1659 4513/1337/1659 4507/1337/1659
f 4513/1337/1659 4515/1337/1659 4507/1337/1659
f 4515/1337/1659 4517/1337/1659 4519/1337/1659
f 4499/1337/1659 4503/1337/1659 4507/1337/1659
f 4515/1337/1659 4519/1337/1659 4499/1337/1659
o Workbench00
v -0.936056 0.353787 -1.575627
v 0.153904 0.353787 -1.575627
v -0.936056 0.353787 -2.109485
v 0.153904 0.353787 -2.109485
v -0.936056 0.348226 -2.109485
v -0.936056 0.348226 -1.575627
v 0.153904 0.348226 -1.575627
v 0.153904 0.348226 -2.109485
v -0.947179 -0.091095 -2.110382
v -0.936953 -0.091095 -2.120607
v -0.944184 -0.091095 -2.117612
v -0.936953 -0.091095 -1.564505
v -0.947179 -0.091095 -1.574730
v -0.944184 -0.091095 -1.567500
v 0.165026 -0.091095 -1.574730
v 0.154801 -0.091095 -1.564505
v 0.162031 -0.091095 -1.567500
v 0.154801 -0.091095 -2.120607
v 0.165026 -0.091095 -2.110382
v 0.162031 -0.091095 -2.117612
v -0.936953 0.353787 -2.120607
v -0.947179 0.353787 -2.110382
v -0.939948 0.353787 -2.113377
v -0.944184 0.353787 -2.117612
v -0.947179 0.353787 -1.574730
v -0.936953 0.353787 -1.564505
v -0.939948 0.353787 -1.571735
v -0.944184 0.353787 -1.567500
v 0.154801 0.353787 -1.564505
v 0.165026 0.353787 -1.574730
v 0.157796 0.353787 -1.571735
v 0.162031 0.353787 -1.567500
v 0.165026 0.353787 -2.110382
v 0.154801 0.353787 -2.120607
v 0.157796 0.353787 -2.113377
v 0.162031 0.353787 -2.117612
v -0.936953 -0.035485 -2.120607
v -0.944184 -0.035485 -2.117612
v -0.947179 -0.035485 -2.110382
v 0.154801 -0.035485 -2.120607
v 0.162031 -0.035485 -2.117612
v 0.165026 -0.035485 -2.110382
v 0.154801 -0.035485 -1.564505
v 0.162031 -0.035485 -1.567500
v 0.165026 -0.035485 -1.574730
v -0.936953 -0.035485 -1.564505
v -0.944184 -0.035485 -1.567500
v -0.947179 -0.035485 -1.574730
v -0.799256 0.135715 -1.564505
v -0.815343 0.131405 -1.564505
v -0.827120 0.119628 -1.564505
v -0.831430 0.103541 -1.564505
v -0.827120 0.087454 -1.564505
v -0.815343 0.075677 -1.564505
v -0.799256 0.071367 -1.564505
v -0.783169 0.075677 -1.564505
v -0.771392 0.087454 -1.564505
v -0.767082 0.103541 -1.564505
v -0.771392 0.119628 -1.564505
v -0.783169 0.131405 -1.564505
v -0.799256 0.119864 -1.543263
v -0.807417 0.117677 -1.543263
v -0.813392 0.111702 -1.543263
v -0.815579 0.103541 -1.543263
v -0.813392 0.095380 -1.543263
v -0.807417 0.089405 -1.543263
v -0.799256 0.087218 -1.543263
v -0.791095 0.089405 -1.543263
v -0.785120 0.095380 -1.543263
v -0.782933 0.103541 -1.543263
v -0.785120 0.111702 -1.543263
v -0.791095 0.117677 -1.543263
v -0.815343 0.131405 -1.546877
v -0.799256 0.135715 -1.546877
v -0.827120 0.119628 -1.546877
v -0.831430 0.103541 -1.546877
v -0.827120 0.087454 -1.546877
v -0.815343 0.075677 -1.546877
v -0.799256 0.071367 -1.546877
v -0.783169 0.075677 -1.546877
v -0.771392 0.087454 -1.546877
v -0.767082 0.103541 -1.546877
v -0.771392 0.119628 -1.546877
v -0.783169 0.131405 -1.546877
v -0.810106 0.122334 -1.540898
v -0.799256 0.125241 -1.540898
v -0.818049 0.114391 -1.540898
v -0.820956 0.103541 -1.540898
v -0.818049 0.092691 -1.540898
v -0.810106 0.084748 -1.540898
v -0.799256 0.081841 -1.540898
v -0.788406 0.084748 -1.540898
v -0.780463 0.092691 -1.540898
v -0.777556 0.103541 -1.540898
v -0.780463 0.114391 -1.540898
v -0.788406 0.122334 -1.540898
v -0.808397 0.119373 -1.540898
v -0.799256 0.121822 -1.540898
v -0.815088 0.112681 -1.540898
v -0.817537 0.103541 -1.540898
v -0.815088 0.094400 -1.540898
v -0.808397 0.087709 -1.540898
v -0.799256 0.085260 -1.540898
v -0.790115 0.087709 -1.540898
v -0.783424 0.094400 -1.540898
v -0.780975 0.103541 -1.540898
v -0.783424 0.112682 -1.540898
v -0.790115 0.119373 -1.540898
v -0.799256 0.103541 -1.564505
v -0.743646 0.131346 -1.564505
v -0.843338 -0.007680 -1.564505
v -0.854866 0.003849 -1.564505
v -0.843338 0.103541 -1.564505
v -0.854866 0.092013 -1.564505
v -0.576815 0.003849 -1.564505
v -0.588343 -0.007680 -1.564505
v -0.576815 0.119818 -1.564505
v -0.588343 0.131346 -1.564505
v -0.739860 0.115311 -1.556763
v -0.798253 0.099290 -1.552906
v -0.838831 0.010491 -1.556763
v -0.841577 -0.003429 -1.552906
v -0.594985 0.008355 -1.556763
v -0.588351 0.008627 -1.552906
v -0.838831 0.085371 -1.556763
v -0.838560 0.092005 -1.552906
v -0.581066 0.118057 -1.552906
v -0.594985 0.115311 -1.556763
v -0.742642 0.127095 -1.552906
v -0.796533 0.092005 -1.552906
v -0.850616 0.005609 -1.552906
v -0.838560 0.003857 -1.552906
v -0.590104 -0.003429 -1.552906
v -0.581066 0.005609 -1.552906
v -0.850616 0.090252 -1.552906
v -0.841577 0.099290 -1.552906
v -0.588351 0.115039 -1.552906
v -0.590104 0.127095 -1.552906
v -0.740922 0.119810 -1.552906
v -0.795471 0.087506 -1.556763
v -0.843330 0.008627 -1.552906
v -0.836696 0.008355 -1.556763
v -0.593122 0.003857 -1.552906
v -0.592850 0.010491 -1.556763
v -0.843330 0.087234 -1.552906
v -0.836696 0.087506 -1.556763
v -0.592850 0.113176 -1.556763
v -0.593122 0.119810 -1.552906
v -0.593122 0.286641 -1.552906
v -0.592850 0.280006 -1.556763
v -0.836696 0.254337 -1.556763
v -0.843330 0.254065 -1.552906
v -0.592850 0.177321 -1.556763
v -0.593122 0.170687 -1.552906
v -0.836696 0.175186 -1.556763
v -0.843330 0.175458 -1.552906
v -0.795471 0.254337 -1.556763
v -0.740922 0.286641 -1.552906
v -0.590104 0.293926 -1.552906
v -0.588351 0.281870 -1.552906
v -0.841577 0.266121 -1.552906
v -0.850616 0.257083 -1.552906
v -0.581066 0.172440 -1.552906
v -0.590104 0.163402 -1.552906
v -0.838560 0.170687 -1.552906
v -0.850616 0.172440 -1.552906
v -0.796533 0.258835 -1.552906
v -0.742642 0.293926 -1.552906
v -0.594985 0.282142 -1.556763
v -0.581066 0.284888 -1.552906
v -0.838560 0.258835 -1.552906
v -0.838831 0.252201 -1.556763
v -0.588351 0.175458 -1.552906
v -0.594985 0.175186 -1.556763
v -0.841577 0.163402 -1.552906
v -0.838831 0.177321 -1.556763
v -0.798253 0.266121 -1.552906
v -0.739860 0.282142 -1.556763
v -0.588343 0.298177 -1.564505
v -0.576815 0.286648 -1.564505
v -0.588343 0.159151 -1.564505
v -0.576815 0.170680 -1.564505
v -0.854866 0.258843 -1.564505
v -0.843338 0.270372 -1.564505
v -0.854866 0.170680 -1.564505
v -0.843338 0.159151 -1.564505
v -0.743646 0.298177 -1.564505
v -0.799256 0.270372 -1.564505
v -0.790115 0.286204 -1.540898
v -0.783424 0.279512 -1.540898
v -0.780975 0.270372 -1.540898
v -0.783424 0.261231 -1.540898
v -0.790115 0.254540 -1.540898
v -0.799256 0.252090 -1.540898
v -0.808397 0.254540 -1.540898
v -0.815088 0.261231 -1.540898
v -0.817537 0.270372 -1.540898
v -0.815088 0.279512 -1.540898
v -0.799256 0.288653 -1.540898
v -0.808397 0.286204 -1.540898
v -0.788406 0.289165 -1.540898
v -0.780463 0.281222 -1.540898
v -0.777556 0.270372 -1.540898
v -0.780463 0.259521 -1.540898
v -0.788406 0.251579 -1.540898
v -0.799256 0.248671 -1.540898
v -0.810106 0.251579 -1.540898
v -0.818049 0.259521 -1.540898
v -0.820956 0.270372 -1.540898
v -0.818049 0.281222 -1.540898
v -0.799256 0.292072 -1.540898
v -0.810106 0.289165 -1.540898
v -0.783169 0.298235 -1.546877
v -0.771392 0.286459 -1.546877
v -0.767082 0.270372 -1.546877
v -0.771392 0.254285 -1.546877
v -0.783169 0.242508 -1.546877
v -0.799256 0.238197 -1.546877
v -0.815343 0.242508 -1.546877
v -0.827120 0.254285 -1.546877
v -0.831430 0.270372 -1.546877
v -0.827120 0.286459 -1.546877
v -0.799256 0.302546 -1.546877
v -0.815343 0.298235 -1.546877
v -0.791095 0.284507 -1.543263
v -0.785120 0.278533 -1.543263
v -0.782933 0.270372 -1.543263
v -0.785120 0.262210 -1.543263
v -0.791095 0.256236 -1.543263
v -0.799256 0.254049 -1.543263
v -0.807417 0.256236 -1.543263
v -0.813392 0.262210 -1.543263
v -0.815579 0.270372 -1.543263
v -0.813392 0.278533 -1.543263
v -0.807417 0.284507 -1.543263
v -0.799256 0.286694 -1.543263
v -0.783169 0.298235 -1.564505
v -0.771392 0.286459 -1.564505
v -0.767082 0.270372 -1.564505
v -0.771392 0.254285 -1.564505
v -0.783169 0.242508 -1.564505
v -0.799256 0.238197 -1.564505
v -0.815343 0.242508 -1.564505
v -0.827120 0.254285 -1.564505
v -0.831430 0.270372 -1.564505
v -0.827120 0.286459 -1.564505
v -0.815343 0.298235 -1.564505
v -0.799256 0.302546 -1.564505
v -0.653746 0.388190 -1.729922
v -0.641735 0.388190 -1.717911
v -0.637338 0.388190 -1.701504
v -0.641735 0.388190 -1.685097
v -0.653746 0.388190 -1.673086
v -0.670153 0.388190 -1.668689
v -0.686560 0.388190 -1.673086
v -0.698571 0.388190 -1.685097
v -0.702968 0.388190 -1.701504
v -0.698571 0.388190 -1.717911
v -0.670153 0.388190 -1.734318
v -0.686560 0.388190 -1.729922
v -0.650677 0.388190 -1.735237
v -0.636420 0.388190 -1.720979
v -0.631202 0.388190 -1.701504
v -0.636420 0.388190 -1.682028
v -0.650677 0.388190 -1.667771
v -0.670153 0.388190 -1.662552
v -0.689629 0.388190 -1.667771
v -0.703886 0.388190 -1.682028
v -0.709105 0.388190 -1.701504
v -0.703886 0.388190 -1.720979
v -0.670153 0.388190 -1.740455
v -0.689629 0.388190 -1.735237
v -0.641277 0.376502 -1.751518
v -0.620138 0.376502 -1.730380
v -0.612401 0.376502 -1.701504
v -0.620138 0.376502 -1.672628
v -0.641277 0.376502 -1.651489
v -0.670153 0.376502 -1.643752
v -0.699029 0.376502 -1.651489
v -0.720168 0.376502 -1.672628
v -0.727905 0.376502 -1.701504
v -0.720168 0.376502 -1.730380
v -0.670153 0.376502 -1.759256
v -0.699029 0.376502 -1.751518
v -0.655014 0.382300 -1.727726
v -0.643931 0.382300 -1.716643
v -0.639874 0.382300 -1.701504
v -0.643931 0.382300 -1.686364
v -0.655014 0.382300 -1.675281
v -0.670153 0.382300 -1.671225
v -0.685293 0.382300 -1.675281
v -0.696375 0.382300 -1.686364
v -0.700432 0.382300 -1.701504
v -0.696375 0.382300 -1.716643
v -0.685292 0.382300 -1.727726
v -0.670153 0.382300 -1.731783
v -0.635091 0.357664 -1.762233
v -0.609423 0.357664 -1.736566
v -0.600028 0.357664 -1.701504
v -0.609423 0.357664 -1.666441
v -0.635091 0.357664 -1.640774
v -0.670153 0.357664 -1.631379
v -0.705215 0.357664 -1.640774
v -0.730883 0.357664 -1.666441
v -0.740278 0.357664 -1.701504
v -0.730883 0.357664 -1.736566
v -0.705215 0.357664 -1.762233
v -0.670153 0.357664 -1.771628
v -0.635091 0.348226 -1.762233
v -0.609423 0.348226 -1.736566
v -0.600028 0.348226 -1.701504
v -0.609423 0.348226 -1.666441
v -0.635091 0.348226 -1.640774
v -0.670153 0.348226 -1.631379
v -0.705215 0.348226 -1.640774
v -0.730883 0.348226 -1.666441
v -0.740278 0.348226 -1.701504
v -0.730883 0.348226 -1.736566
v -0.705215 0.348226 -1.762233
v -0.670153 0.348226 -1.771628
v -0.638710 0.360673 -1.641780
v -0.642921 0.373494 -1.649073
v -0.667521 0.373494 -1.642481
v -0.667521 0.360673 -1.634060
v -0.610429 0.360673 -1.732947
v -0.617722 0.373494 -1.728736
v -0.611130 0.373494 -1.704135
v -0.602709 0.360673 -1.704135
v -0.737597 0.360673 -1.704135
v -0.729176 0.373494 -1.704135
v -0.722584 0.373494 -1.728736
v -0.729877 0.360673 -1.732947
v -0.672785 0.360673 -1.634060
v -0.672785 0.373494 -1.642481
v -0.697386 0.373494 -1.649073
v -0.701596 0.360673 -1.641780
v -0.602709 0.360673 -1.698872
v -0.611130 0.373494 -1.698872
v -0.617722 0.373494 -1.674271
v -0.610429 0.360673 -1.670061
v -0.727245 0.360673 -1.737504
v -0.719953 0.373494 -1.733294
v -0.701944 0.373494 -1.751303
v -0.706154 0.360673 -1.758596
v -0.667521 0.360673 -1.768947
v -0.667521 0.373494 -1.760527
v -0.642920 0.373494 -1.753935
v -0.638710 0.360673 -1.761227
v -0.706154 0.360673 -1.644412
v -0.701944 0.373494 -1.651704
v -0.719953 0.373494 -1.669713
v -0.727245 0.360673 -1.665503
v -0.613061 0.360673 -1.665503
v -0.620354 0.373494 -1.669713
v -0.638363 0.373494 -1.651704
v -0.634152 0.360673 -1.644412
v -0.701596 0.360673 -1.761227
v -0.697385 0.373494 -1.753935
v -0.672785 0.373494 -1.760527
v -0.672785 0.360673 -1.768947
v -0.634152 0.360673 -1.758596
v -0.638362 0.373494 -1.751303
v -0.620353 0.373494 -1.733294
v -0.613061 0.360673 -1.737504
v -0.729877 0.360673 -1.670061
v -0.722584 0.373494 -1.674271
v -0.729176 0.373494 -1.698872
v -0.737597 0.360673 -1.698872
v -0.640614 0.360331 -1.643241
v -0.643932 0.370435 -1.648988
v -0.666603 0.370435 -1.642913
v -0.666603 0.360331 -1.636277
v -0.611890 0.360331 -1.731042
v -0.617637 0.370435 -1.727724
v -0.611562 0.370435 -1.705054
v -0.604926 0.360331 -1.705054
v -0.735380 0.360331 -1.705054
v -0.728744 0.370435 -1.705054
v -0.722669 0.370435 -1.727724
v -0.728416 0.360331 -1.731042
v -0.673703 0.360331 -1.636277
v -0.673703 0.370435 -1.642913
v -0.696374 0.370435 -1.648988
v -0.699692 0.360331 -1.643241
v -0.604926 0.360331 -1.697953
v -0.611562 0.370435 -1.697953
v -0.617637 0.370435 -1.675283
v -0.611890 0.360331 -1.671965
v -0.724866 0.360331 -1.737192
v -0.719119 0.370435 -1.733874
v -0.702523 0.370435 -1.750470
v -0.705841 0.360331 -1.756217
v -0.666603 0.360331 -1.766730
v -0.666603 0.370435 -1.760094
v -0.643932 0.370435 -1.754020
v -0.640614 0.360331 -1.759767
v -0.705841 0.360331 -1.646791
v -0.702523 0.370435 -1.652538
v -0.719119 0.370435 -1.669134
v -0.724866 0.360331 -1.665816
v -0.615440 0.360331 -1.665816
v -0.621187 0.370435 -1.669134
v -0.637783 0.370435 -1.652538
v -0.634465 0.360331 -1.646791
v -0.699692 0.360331 -1.759767
v -0.696374 0.370435 -1.754020
v -0.673703 0.370435 -1.760094
v -0.673703 0.360331 -1.766730
v -0.634465 0.360331 -1.756217
v -0.637783 0.370435 -1.750470
v -0.621187 0.370435 -1.733874
v -0.615440 0.360331 -1.737192
v -0.728416 0.360331 -1.671965
v -0.722669 0.370435 -1.675283
v -0.728744 0.370435 -1.697953
v -0.735380 0.360331 -1.697953
v -0.897067 0.348226 -2.120607
v -0.897067 0.348226 -2.049253
v -0.833235 0.348226 -2.049253
v -0.833235 0.348226 -2.120607
v -0.897067 0.398564 -2.120607
v -0.897067 0.398564 -2.089357
v -0.833235 0.398564 -2.089357
v -0.833235 0.398564 -2.120607
v -0.882411 0.348226 -2.049253
v -0.847891 0.348226 -2.049253
v -0.882411 0.398564 -2.089357
v -0.847891 0.398564 -2.089357
v -0.847891 0.398564 -2.120607
v -0.882411 0.398564 -2.120607
v -0.877261 0.348226 -2.055707
v -0.853041 0.348226 -2.055707
v -0.877261 0.394262 -2.089357
v -0.853041 0.394262 -2.089357
v -0.853041 0.394262 -2.120607
v -0.877261 0.394262 -2.120607
v -0.493138 0.348226 -2.120607
v -0.493138 0.348226 -2.049253
v -0.556970 0.348226 -2.049253
v -0.556970 0.348226 -2.120607
v -0.493138 0.398564 -2.120607
v -0.493138 0.398564 -2.089357
v -0.556970 0.398564 -2.089357
v -0.556970 0.398564 -2.120607
v -0.507794 0.348226 -2.049253
v -0.542314 0.348226 -2.049253
v -0.507794 0.398564 -2.089357
v -0.542314 0.398564 -2.089357
v -0.542314 0.398564 -2.120607
v -0.507794 0.398564 -2.120607
v -0.512944 0.348226 -2.055707
v -0.537164 0.348226 -2.055707
v -0.512944 0.394262 -2.089357
v -0.537164 0.394262 -2.089357
v -0.537164 0.394262 -2.120607
v -0.512944 0.394262 -2.120607
v -0.964569 -0.091095 -2.120607
v -0.964569 -0.091095 -1.601886
v -0.964569 0.320772 -2.120607
v -1.075789 -0.091095 -2.120607
v -0.990321 0.300104 -1.742105
v -0.990321 0.180552 -1.622553
v -1.075789 -0.091095 -1.601886
v -1.075789 0.294912 -2.094747
v -1.050037 0.300104 -1.742105
v -1.050037 0.180552 -1.622553
v -0.964569 0.164801 -1.601886
v -0.964569 0.320772 -1.757856
v -1.075789 0.164801 -1.601886
v -1.086538 0.288793 -1.771103
v -0.980999 0.178399 -1.611524
v -0.980999 0.311134 -1.744258
v -1.059358 0.178399 -1.611524
v -1.059358 0.311134 -1.744258
v -0.986861 0.182544 -1.615669
v -0.986861 0.306989 -1.740113
v -1.053497 0.182544 -1.615669
v -1.053497 0.306989 -1.740113
v -0.980185 0.175843 -1.612928
v -0.980185 0.309730 -1.746814
v -1.060173 0.175843 -1.612928
v -1.060173 0.309730 -1.746814
v -0.964569 -0.035485 -2.120607
v -1.086538 -0.003506 -2.088628
v -0.964569 -0.035485 -1.601886
v -1.086538 -0.003506 -1.633864
v -1.075789 -0.035485 -2.120607
v -1.075789 0.320772 -2.120607
v -1.075789 0.320772 -1.757856
v -1.075789 -0.035485 -1.601886
v -1.075789 0.154089 -1.627746
v -1.075789 -0.009625 -2.094747
v -1.086538 0.288793 -2.088628
v -1.075789 0.294912 -1.768568
v -1.075789 -0.009625 -1.627746
v -1.086538 0.151555 -1.633864
v -0.947179 -0.091095 -2.110039
v -0.947179 -0.091095 -1.612453
v -0.947179 0.303990 -2.110039
v -0.947179 0.154374 -1.612453
v -0.947179 0.303990 -1.762069
v -0.947179 -0.037751 -2.110039
v -0.947179 -0.037751 -1.612453
vn -1.0000 -0.0000 -0.0000
vn -0.0000 -0.0000 -1.0000
vn -0.0000 -0.0000 1.0000
vn 1.0000 -0.0000 -0.0000
vn -0.0000 1.0000 -0.0000
vn -0.3827 -0.0000 -0.9239
vn -0.9239 -0.0000 -0.3827
vn 0.3827 -0.0000 -0.9239
vn 0.9239 -0.0000 -0.3827
vn 0.3827 -0.0000 0.9239
vn 0.9239 -0.0000 0.3827
vn -0.3827 -0.0000 0.9239
vn -0.9239 -0.0000 0.3827
vn -0.9659 -0.2588 -0.0000
vn 0.7071 0.7071 -0.0000
vn -0.2588 0.9659 -0.0000
vn 0.7071 -0.7071 -0.0000
vn -0.7071 -0.7071 -0.0000
vn 0.2588 0.9659 -0.0000
vn -0.7071 0.7071 -0.0000
vn 0.9659 -0.2588 -0.0000
vn -0.2588 -0.9659 -0.0000
vn -0.9659 0.2588 -0.0000
vn 0.9659 0.2588 -0.0000
vn 0.2588 -0.9659 -0.0000
vn -0.1317 0.4914 0.8609
vn -0.3598 0.3597 0.8609
vn -0.4914 0.1317 0.8609
vn -0.4914 -0.1317 0.8609
vn -0.3598 -0.3597 0.8609
vn -0.1317 -0.4914 0.8609
vn 0.1317 -0.4914 0.8609
vn 0.3598 -0.3597 0.8609
vn 0.4914 -0.1317 0.8609
vn 0.4914 0.1317 0.8609
vn 0.3598 0.3598 0.8609
vn 0.1317 0.4914 0.8609
vn 0.2021 -0.7542 0.6247
vn 0.5521 -0.5521 0.6247
vn 0.7542 -0.2021 0.6247
vn 0.7542 0.2021 0.6247
vn 0.5521 0.5521 0.6247
vn 0.2021 0.7542 0.6247
vn -0.2021 0.7542 0.6247
vn -0.5521 0.5521 0.6247
vn -0.7542 0.2021 0.6247
vn -0.7542 -0.2021 0.6247
vn -0.5521 -0.5521 0.6247
vn -0.2021 -0.7542 0.6247
vn -0.4199 0.8398 0.3441
vn -0.6639 -0.6639 0.3441
vn 0.6639 -0.6639 0.3441
vn -0.9389 -0.0000 0.3441
vn -0.0000 0.9389 0.3441
vn -0.6639 0.6639 0.3441
vn -0.0000 -0.9389 0.3441
vn 0.9389 -0.0000 0.3441
vn 0.6639 0.6639 0.3441
vn 0.2911 -0.5822 0.7592
vn 0.4603 0.4602 0.7592
vn -0.4603 0.4602 0.7592
vn 0.6509 -0.0000 0.7592
vn -0.0000 -0.6509 0.7592
vn 0.4603 -0.4602 0.7592
vn -0.0000 0.6509 0.7592
vn -0.6509 -0.0000 0.7592
vn -0.4603 -0.4602 0.7592
vn -0.5521 0.5522 0.6247
vn 0.5521 0.5522 0.6247
vn -0.3597 -0.3597 0.8609
vn -0.2390 0.3840 0.8919
vn -0.6529 0.3840 0.6529
vn -0.8919 0.3840 0.2390
vn -0.8919 0.3839 -0.2390
vn -0.6529 0.3839 -0.6529
vn -0.2390 0.3839 -0.8919
vn 0.2390 0.3839 -0.8919
vn 0.6529 0.3839 -0.6529
vn 0.8919 0.3839 -0.2390
vn 0.8919 0.3840 0.2390
vn 0.6529 0.3840 0.6529
vn 0.2390 0.3840 0.8919
vn 0.1401 0.8409 -0.5227
vn 0.3827 0.8409 -0.3827
vn 0.5227 0.8409 -0.1401
vn 0.5227 0.8409 0.1401
vn 0.3827 0.8409 0.3827
vn 0.1401 0.8409 0.5227
vn -0.1401 0.8409 0.5227
vn -0.3827 0.8409 0.3827
vn -0.5227 0.8409 0.1401
vn -0.5227 0.8409 -0.1401
vn -0.3827 0.8409 -0.3827
vn -0.1401 0.8409 -0.5227
vn 0.2186 0.5357 0.8156
vn 0.8156 0.5357 -0.2186
vn -0.8156 0.5357 -0.2186
vn -0.2186 0.5357 0.8156
vn 0.8156 0.5357 0.2186
vn -0.5971 0.5357 -0.5971
vn 0.2185 0.5357 -0.8156
vn -0.5971 0.5357 0.5971
vn 0.5971 0.5357 0.5971
vn -0.2185 0.5357 -0.8156
vn 0.5971 0.5357 -0.5971
vn -0.8156 0.5357 0.2186
vn 0.9659 -0.0000 -0.2588
vn -0.9659 -0.0000 -0.2588
vn -0.2588 -0.0000 0.9659
vn 0.9659 -0.0000 0.2588
vn -0.7071 -0.0000 -0.7071
vn 0.2588 -0.0000 -0.9659
vn -0.7071 -0.0000 0.7071
vn 0.7071 -0.0000 0.7071
vn -0.2588 -0.0000 -0.9659
vn 0.7071 -0.0000 -0.7071
vn -0.9659 -0.0000 0.2588
vn 0.2588 -0.0000 0.9659
vn 0.8156 0.5357 -0.2185
vn -0.8156 0.5357 -0.2185
vn -0.2185 0.5357 0.8156
vn -0.2186 0.5357 -0.8156
vn -0.8156 0.5357 0.2185
vn -0.6181 0.2254 0.7531
vn 0.2584 -0.0586 0.9643
vn 0.9118 0.2254 0.3432
vn -0.0457 0.9843 -0.1706
vn 0.7531 0.2254 0.6181
vn 0.9643 -0.0586 -0.2584
vn 0.3432 0.2254 -0.9118
vn -0.1707 0.9843 0.0457
vn -0.3432 0.2254 -0.9118
vn -0.9643 -0.0586 -0.2584
vn -0.7531 0.2254 0.6181
vn 0.1707 0.9843 0.0457
vn -0.9118 0.2254 0.3432
vn -0.2584 -0.0586 0.9643
vn 0.6181 0.2254 0.7531
vn 0.0457 0.9843 -0.1707
vn 0.3432 0.2254 0.9118
vn 0.9643 -0.0586 0.2584
vn 0.7531 0.2254 -0.6181
vn -0.1707 0.9843 -0.0457
vn 0.1587 0.2254 -0.9613
vn -0.7059 -0.0586 -0.7059
vn -0.9613 0.2254 0.1587
vn 0.1249 0.9843 0.1249
vn 0.9118 0.2254 -0.3432
vn 0.2584 -0.0586 -0.9643
vn -0.6181 0.2254 -0.7531
vn -0.0457 0.9843 0.1706
vn -0.9613 0.2254 -0.1587
vn -0.7059 -0.0586 0.7059
vn 0.1587 0.2254 0.9613
vn 0.1249 0.9843 -0.1249
vn -0.1587 0.2254 0.9613
vn 0.7059 -0.0586 0.7059
vn 0.9613 0.2254 -0.1587
vn -0.1249 0.9843 -0.1249
vn 0.6181 0.2254 -0.7531
vn -0.2584 -0.0586 -0.9643
vn -0.9118 0.2254 -0.3432
vn 0.0457 0.9843 0.1706
vn 0.9613 0.2254 0.1587
vn 0.7059 -0.0586 -0.7059
vn -0.1587 0.2254 -0.9613
vn -0.1249 0.9843 0.1249
vn -0.7531 0.2254 -0.6181
vn -0.9643 -0.0586 0.2584
vn -0.3432 0.2254 0.9118
vn 0.1707 0.9843 -0.0457
vn -0.0000 0.6231 0.7821
vn -0.6007 0.4859 0.6349
vn -0.6410 0.7675 -0.0000
vn 0.6410 0.7675 -0.0000
vn 0.6007 0.4859 0.6349
vn -0.0000 0.5901 0.8073
vn 0.5193 -0.0000 -0.8546
vn 0.6944 0.7196 -0.0000
vn -0.0000 0.7071 0.7071
vn 0.8758 0.3414 0.3414
vn -0.0000 -0.2779 0.9606
vn -0.0000 0.9606 -0.2779
vn 0.9602 0.1975 0.1975
vn -0.9602 0.1975 0.1975
vn -0.0000 0.8764 -0.4815
vn -0.0000 -0.4815 0.8764
vn -0.8758 0.3414 0.3414
vn 0.6493 0.5378 0.5378
vn -0.4947 -0.0000 -0.8690
vn -0.4947 0.8690 -0.0000
vn -0.4947 -0.0000 0.8690
vn -0.4947 0.6145 0.6145
vn -0.4947 -0.8690 -0.0000
vn 0.5193 -0.0000 0.8546
vt 0.990000 0.020000
vt 0.990000 0.980000
vt 0.990806 1.000000
vt 0.009194 1.000000
vt 0.009194 0.000000
vt 0.990806 0.000000
vt 1.000000 0.018387
vt 1.000000 0.981613
vt 0.010000 0.020000
vt 0.010000 0.980000
vt 0.006501 0.986998
vt 0.000000 0.981613
vt 0.000000 0.018387
vt 0.006501 0.013002
vt 0.993499 0.986998
vt 0.993499 0.013002
vt 0.002693 1.000000
vt 0.000000 1.000000
vt 0.000000 0.005386
vt 0.000000 0.000000
vt 0.997307 0.000000
vt 1.000000 0.000000
vt 1.000000 0.994614
vt 1.000000 1.000000
vt 0.000898 0.998205
vt 0.000449 0.999103
vt 0.999551 0.999103
vt 0.999102 0.001795
vt 0.999551 0.000898
vt 0.000449 0.000898
vt 0.000898 0.001795
vt 0.999102 0.998205
vt 1.000013 0.895826
vt 0.999999 0.180632
vt 1.001013 0.983698
vt 1.002623 0.998118
vt 1.047690 0.965791
vt 1.006577 0.995287
vt 0.889914 0.268493
vt 0.912963 0.264745
vt 0.413779 0.881380
vt 0.398430 0.860459
vt 1.005058 0.223559
vt 1.184140 0.868395
vt 1.029308 0.978998
vt 1.005566 0.996011
vt 1.048339 0.965325
vt 0.974290 0.139493
vt 0.888593 0.150054
vt 0.896347 0.103653
vt 1.000000 0.092710
vt 1.000000 0.961594
vt 1.000000 0.958539
vt 0.187842 0.884128
vt 0.103653 0.896347
vt 0.264676 0.967376
vt 0.207306 1.000000
vt 1.000000 0.078360
vt 1.000000 0.041461
vt 1.000000 1.000000
vt 1.131699 0.905667
vt 1.011476 0.991768
vt 0.934377 0.217822
vt 0.885146 0.225184
vt 1.001621 0.998837
vt 1.000000 0.972768
vt 0.322299 0.867588
vt 0.358856 0.913316
vt 1.000000 0.141585
vt 1.002412 0.998270
vt 1.001817 0.998697
vt 0.663333 0.020000
vt 0.663333 0.980000
vt 0.336667 0.020000
vt 0.554444 0.020000
vt 0.336667 0.980000
vt 0.554444 0.980000
vt 0.445556 0.020000
vt 0.445555 0.980000
vt 0.000000 0.308013
vt 0.000000 0.332610
vt 0.000000 0.922230
vt 0.000000 0.077770
vt 0.000000 0.981613
vt 0.000000 0.052201
vt 0.000000 0.274199
vt 0.000000 0.274199
vt 0.000000 0.287508
vt 0.000000 0.038892
vt 0.000000 0.038892
vt 0.000000 0.287508
vt 0.000000 0.278742
vt 0.000000 0.047658
vt 0.000000 0.039961
vt 0.000000 0.286439
vt 0.000000 0.047658
vt 0.000000 0.278742
vt 0.000000 0.286439
vt 0.000000 0.039961
vt 0.000000 0.922231
vt 0.000000 0.077770
vt 0.000000 0.933593
vt 0.000000 0.933593
vt 0.000000 0.327904
vt 0.000000 0.066407
s 0
usemtl VCol.016
f 5291/1338/1829 5293/1339/1829 5297/1339/1829 5296/1338/1829
f 5329/1340/1830 5307/1340/1830 5299/1341/1830 5326/1341/1830
f 5335/1342/1831 5301/1342/1831 5305/1343/1831 5332/1343/1831
f 5334/1344/1832 5304/1344/1832 5308/1345/1832 5331/1345/1832
f 5290/1346/1833 5292/1347/1833 5312/1348/1833 5311/1349/1833 5314/1350/1833 5316/1351/1833
f 5292/1347/1833 5293/1339/1833 5324/1352/1833 5323/1340/1833 5310/1341/1833 5312/1348/1833
f 5293/1339/1833 5291/1338/1833 5320/1353/1833 5319/1344/1833 5322/1345/1833 5324/1352/1833
f 5291/1338/1833 5290/1346/1833 5316/1351/1833 5315/1342/1833 5318/1343/1833 5320/1353/1833
f 5295/1346/1833 5296/1338/1833 5297/1339/1833 5294/1347/1833
f 5292/1347/1832 5290/1346/1832 5295/1346/1832 5294/1347/1832
f 5293/1339/1831 5292/1347/1831 5294/1347/1831 5297/1339/1831
f 5290/1346/1830 5291/1338/1830 5296/1338/1830 5295/1346/1830
f 5310/1341/1833 5313/1354/1833 5312/1348/1833
f 5313/1354/1833 5311/1355/1833 5312/1348/1833
f 5314/1350/1833 5317/1356/1833 5316/1351/1833
f 5317/1356/1833 5315/1357/1833 5316/1351/1833
f 5318/1343/1833 5321/1358/1833 5320/1353/1833
f 5321/1358/1833 5319/1359/1833 5320/1353/1833
f 5322/1345/1833 5325/1360/1833 5324/1352/1833
f 5325/1360/1833 5323/1361/1833 5324/1352/1833
f 5326/1341/1834 5299/1341/1834 5300/1362/1834 5327/1363/1834
f 5327/1363/1835 5300/1362/1835 5298/1349/1835 5328/1349/1835
f 5329/1340/1836 5323/1340/1836 5325/1361/1836 5330/1364/1836
f 5330/1364/1837 5325/1361/1837 5322/1345/1837 5331/1345/1837
f 5332/1343/1838 5305/1343/1838 5306/1365/1838 5333/1366/1838
f 5333/1366/1839 5306/1365/1839 5304/1344/1839 5334/1344/1839
f 5335/1342/1840 5315/1342/1840 5317/1357/1840 5336/1367/1840
f 5336/1367/1841 5317/1357/1841 5314/1350/1841 5337/1350/1841
f 5328/1349/1829 5298/1349/1829 5302/1350/1829 5337/1350/1829
f 5311/1349/1829 5328/1349/1829 5337/1350/1829 5314/1350/1829
f 5303/1368/1841 5336/1367/1841 5337/1350/1841 5302/1350/1841
f 5301/1342/1840 5335/1342/1840 5336/1367/1840 5303/1368/1840
f 5321/1359/1839 5333/1366/1839 5334/1344/1839 5319/1344/1839
f 5318/1343/1838 5332/1343/1838 5333/1366/1838 5321/1359/1838
f 5309/1369/1837 5330/1364/1837 5331/1345/1837 5308/1345/1837
f 5307/1340/1836 5329/1340/1836 5330/1364/1836 5309/1369/1836
f 5313/1355/1835 5327/1363/1835 5328/1349/1835 5311/1349/1835
f 5310/1341/1834 5326/1341/1834 5327/1363/1834 5313/1355/1834
f 5319/1344/1832 5334/1344/1832 5331/1345/1832 5322/1345/1832
f 5315/1342/1831 5335/1342/1831 5332/1343/1831 5318/1343/1831
f 5323/1340/1830 5329/1340/1830 5326/1341/1830 5310/1341/1830
f 5342/1357/1842 5366/1357/1842 5365/1357/1842 5341/1357/1842
f 5349/1357/1843 5373/1357/1843 5372/1357/1843 5348/1357/1843
f 5339/1357/1844 5362/1357/1844 5363/1357/1844 5338/1357/1844
f 5346/1357/1845 5370/1357/1845 5369/1357/1845 5345/1357/1845
f 5343/1357/1846 5367/1357/1846 5366/1357/1846 5342/1357/1846
f 5338/1357/1847 5363/1357/1847 5373/1357/1847 5349/1357/1847
f 5340/1357/1848 5364/1357/1848 5362/1357/1848 5339/1357/1848
f 5347/1357/1849 5371/1357/1849 5370/1357/1849 5346/1357/1849
f 5344/1357/1850 5368/1357/1850 5367/1357/1850 5343/1357/1850
f 5341/1357/1851 5365/1357/1851 5364/1357/1851 5340/1357/1851
f 5348/1357/1852 5372/1357/1852 5371/1357/1852 5347/1357/1852
f 5345/1357/1853 5369/1357/1853 5368/1357/1853 5344/1357/1853
f 5358/1357/1831 5360/1357/1831 5350/1357/1831
f 5374/1357/1854 5375/1357/1854 5363/1357/1854 5362/1357/1854
f 5376/1357/1855 5374/1357/1855 5362/1357/1855 5364/1357/1855
f 5377/1357/1856 5376/1357/1856 5364/1357/1856 5365/1357/1856
f 5378/1357/1857 5377/1357/1857 5365/1357/1857 5366/1357/1857
f 5379/1357/1858 5378/1357/1858 5366/1357/1858 5367/1357/1858
f 5380/1357/1859 5379/1357/1859 5367/1357/1859 5368/1357/1859
f 5381/1357/1860 5380/1357/1860 5368/1357/1860 5369/1357/1860
f 5382/1357/1861 5381/1357/1861 5369/1357/1861 5370/1357/1861
f 5383/1357/1862 5382/1357/1862 5370/1357/1862 5371/1357/1862
f 5384/1357/1863 5383/1357/1863 5371/1357/1863 5372/1357/1863
f 5385/1357/1864 5384/1357/1864 5372/1357/1864 5373/1357/1864
f 5375/1357/1865 5385/1357/1865 5373/1357/1865 5363/1357/1865
f 5386/1357/1831 5387/1357/1831 5375/1357/1831 5374/1357/1831
f 5388/1357/1831 5386/1357/1831 5374/1357/1831 5376/1357/1831
f 5389/1357/1831 5388/1357/1831 5376/1357/1831 5377/1357/1831
f 5390/1357/1831 5389/1357/1831 5377/1357/1831 5378/1357/1831
f 5391/1357/1831 5390/1357/1831 5378/1357/1831 5379/1357/1831
f 5392/1357/1831 5391/1357/1831 5379/1357/1831 5380/1357/1831
f 5393/1357/1831 5392/1357/1831 5380/1357/1831 5381/1357/1831
f 5394/1357/1831 5393/1357/1831 5381/1357/1831 5382/1357/1831
f 5395/1357/1831 5394/1357/1831 5382/1357/1831 5383/1357/1831
f 5396/1357/1831 5395/1357/1831 5383/1357/1831 5384/1357/1831
f 5397/1357/1831 5396/1357/1831 5384/1357/1831 5385/1357/1831
f 5387/1357/1831 5397/1357/1831 5385/1357/1831 5375/1357/1831
f 5351/1357/1866 5350/1357/1866 5387/1357/1866 5386/1357/1866
f 5352/1357/1867 5351/1357/1867 5386/1357/1867 5388/1357/1867
f 5353/1357/1868 5352/1357/1868 5388/1357/1868 5389/1357/1868
f 5354/1357/1869 5353/1357/1869 5389/1357/1869 5390/1357/1869
f 5355/1357/1870 5354/1357/1870 5390/1357/1870 5391/1357/1870
f 5356/1357/1871 5355/1357/1871 5391/1357/1871 5392/1357/1871
f 5357/1357/1872 5356/1357/1872 5392/1357/1872 5393/1357/1872
f 5358/1357/1873 5357/1357/1873 5393/1357/1873 5394/1357/1873
f 5359/1357/1874 5358/1357/1874 5394/1357/1874 5395/1357/1874
f 5360/1357/1875 5359/1357/1875 5395/1357/1875 5396/1357/1875
f 5361/1357/1876 5360/1357/1876 5396/1357/1876 5397/1357/1876
f 5350/1357/1877 5361/1357/1877 5397/1357/1877 5387/1357/1877
f 5429/1370/1831 5431/1371/1831 5412/1372/1831 5433/1373/1831
f 5429/1374/1831 5433/1373/1831 5436/1375/1831
f 5410/1376/1831 5431/1377/1831 5435/1378/1831 5414/1379/1831
f 5431/1380/1831 5429/1381/1831 5435/1378/1831
f 5408/1382/1831 5429/1381/1831 5436/1375/1831 5417/1383/1831
f 5409/1384/1878 5418/1361/1878 5399/1361/1878 5398/1361/1878
f 5411/1385/1879 5420/1386/1879 5401/1387/1879 5400/1388/1879
f 5423/1361/1880 5422/1389/1880 5405/1390/1880 5404/1361/1880
f 5420/1386/1881 5424/1391/1881 5403/1392/1881 5401/1387/1881
f 5425/1393/1882 5409/1384/1882 5398/1361/1882 5402/1394/1882
f 5424/1391/1883 5425/1393/1883 5402/1394/1883 5403/1392/1883
f 5422/1389/1884 5411/1395/1884 5400/1396/1884 5405/1390/1884
f 5416/1361/1885 5423/1361/1885 5404/1361/1885 5406/1361/1885
f 5427/1397/1886 5416/1361/1886 5406/1361/1886 5407/1361/1886
f 5418/1361/1882 5427/1397/1882 5407/1361/1882 5399/1361/1882
f 5419/1398/1831 5428/1399/1831 5418/1361/1831 5409/1384/1831
f 5421/1400/1831 5430/1401/1831 5420/1386/1831 5411/1385/1831
f 5413/1402/1831 5432/1403/1831 5422/1389/1831 5423/1361/1831
f 5430/1401/1831 5434/1404/1831 5424/1391/1831 5420/1386/1831
f 5415/1405/1831 5419/1398/1831 5409/1384/1831 5425/1393/1831
f 5434/1404/1831 5415/1405/1831 5425/1393/1831 5424/1391/1831
f 5432/1403/1831 5421/1406/1831 5411/1395/1831 5422/1389/1831
f 5426/1407/1831 5413/1402/1831 5423/1361/1831 5416/1361/1831
f 5437/1408/1831 5426/1407/1831 5416/1361/1831 5427/1397/1831
f 5428/1399/1831 5437/1408/1831 5427/1397/1831 5418/1361/1831
f 5429/1381/1887 5408/1382/1887 5428/1399/1887 5419/1398/1887
f 5431/1377/1888 5410/1376/1888 5430/1401/1888 5421/1400/1888
f 5433/1373/1889 5412/1372/1889 5432/1403/1889 5413/1402/1889
f 5410/1376/1890 5414/1379/1890 5434/1404/1890 5430/1401/1890
f 5435/1378/1891 5429/1381/1891 5419/1398/1891 5415/1405/1891
f 5414/1379/1892 5435/1378/1892 5415/1405/1892 5434/1404/1892
f 5412/1372/1893 5431/1371/1893 5421/1406/1893 5432/1403/1893
f 5436/1375/1894 5433/1373/1894 5413/1402/1894 5426/1407/1894
f 5417/1383/1895 5436/1375/1895 5426/1407/1895 5437/1408/1895
f 5408/1382/1891 5417/1383/1891 5437/1408/1891 5428/1399/1891
f 5467/1382/1891 5458/1383/1891 5438/1408/1891 5447/1399/1891
f 5458/1383/1895 5439/1375/1895 5449/1407/1895 5438/1408/1895
f 5439/1375/1894 5442/1373/1894 5462/1402/1894 5449/1407/1894
f 5463/1372/1893 5444/1371/1893 5454/1406/1893 5443/1403/1893
f 5461/1379/1892 5440/1378/1892 5460/1405/1892 5441/1404/1892
f 5440/1378/1891 5446/1381/1891 5456/1398/1891 5460/1405/1891
f 5465/1376/1890 5461/1379/1890 5441/1404/1890 5445/1401/1890
f 5442/1373/1889 5463/1372/1889 5443/1403/1889 5462/1402/1889
f 5444/1377/1888 5465/1376/1888 5445/1401/1888 5454/1400/1888
f 5446/1381/1887 5467/1382/1887 5447/1399/1887 5456/1398/1887
f 5447/1399/1831 5438/1408/1831 5448/1397/1831 5457/1361/1831
f 5438/1408/1831 5449/1407/1831 5459/1361/1831 5448/1397/1831
f 5449/1407/1831 5462/1402/1831 5452/1361/1831 5459/1361/1831
f 5443/1403/1831 5454/1406/1831 5464/1395/1831 5453/1389/1831
f 5441/1404/1831 5460/1405/1831 5450/1393/1831 5451/1391/1831
f 5460/1405/1831 5456/1398/1831 5466/1384/1831 5450/1393/1831
f 5445/1401/1831 5441/1404/1831 5451/1391/1831 5455/1386/1831
f 5462/1402/1831 5443/1403/1831 5453/1389/1831 5452/1361/1831
f 5454/1400/1831 5445/1401/1831 5455/1386/1831 5464/1385/1831
f 5456/1398/1831 5447/1399/1831 5457/1361/1831 5466/1384/1831
f 5457/1361/1882 5448/1397/1882 5468/1361/1882 5476/1361/1882
f 5448/1397/1886 5459/1361/1886 5469/1361/1886 5468/1361/1886
f 5459/1361/1885 5452/1361/1885 5471/1361/1885 5469/1361/1885
f 5453/1389/1884 5464/1395/1884 5475/1396/1884 5470/1390/1884
f 5451/1391/1883 5450/1393/1883 5473/1394/1883 5472/1392/1883
f 5450/1393/1882 5466/1384/1882 5477/1361/1882 5473/1394/1882
f 5455/1386/1881 5451/1391/1881 5472/1392/1881 5474/1387/1881
f 5452/1361/1880 5453/1389/1880 5470/1390/1880 5471/1361/1880
f 5464/1385/1879 5455/1386/1879 5474/1387/1879 5475/1388/1879
f 5466/1384/1878 5457/1361/1878 5476/1361/1878 5477/1361/1878
f 5467/1382/1831 5446/1381/1831 5439/1375/1831 5458/1383/1831
f 5444/1380/1831 5446/1381/1831 5440/1378/1831
f 5465/1376/1831 5444/1377/1831 5440/1378/1831 5461/1379/1831
f 5446/1374/1831 5442/1373/1831 5439/1375/1831
f 5446/1370/1831 5444/1371/1831 5463/1372/1831 5442/1373/1831
f 5525/1357/1877 5514/1357/1877 5478/1357/1877 5488/1357/1877
f 5514/1357/1876 5515/1357/1876 5479/1357/1876 5478/1357/1876
f 5515/1357/1875 5516/1357/1875 5480/1357/1875 5479/1357/1875
f 5516/1357/1874 5517/1357/1874 5481/1357/1874 5480/1357/1874
f 5517/1357/1896 5518/1357/1896 5482/1357/1896 5481/1357/1896
f 5518/1357/1872 5519/1357/1872 5483/1357/1872 5482/1357/1872
f 5519/1357/1871 5520/1357/1871 5484/1357/1871 5483/1357/1871
f 5520/1357/1897 5521/1357/1897 5485/1357/1897 5484/1357/1897
f 5521/1357/1869 5522/1357/1869 5486/1357/1869 5485/1357/1869
f 5522/1357/1868 5523/1357/1868 5487/1357/1868 5486/1357/1868
f 5523/1357/1867 5524/1357/1867 5489/1357/1867 5487/1357/1867
f 5524/1357/1866 5525/1357/1866 5488/1357/1866 5489/1357/1866
f 5488/1357/1831 5478/1357/1831 5490/1357/1831 5500/1357/1831
f 5478/1357/1831 5479/1357/1831 5491/1357/1831 5490/1357/1831
f 5479/1357/1831 5480/1357/1831 5492/1357/1831 5491/1357/1831
f 5480/1357/1831 5481/1357/1831 5493/1357/1831 5492/1357/1831
f 5481/1357/1831 5482/1357/1831 5494/1357/1831 5493/1357/1831
f 5482/1357/1831 5483/1357/1831 5495/1357/1831 5494/1357/1831
f 5483/1357/1831 5484/1357/1831 5496/1357/1831 5495/1357/1831
f 5484/1357/1831 5485/1357/1831 5497/1357/1831 5496/1357/1831
f 5485/1357/1831 5486/1357/1831 5498/1357/1831 5497/1357/1831
f 5486/1357/1831 5487/1357/1831 5499/1357/1831 5498/1357/1831
f 5487/1357/1831 5489/1357/1831 5501/1357/1831 5499/1357/1831
f 5489/1357/1831 5488/1357/1831 5500/1357/1831 5501/1357/1831
f 5500/1357/1865 5490/1357/1865 5502/1357/1865 5512/1357/1865
f 5490/1357/1864 5491/1357/1864 5503/1357/1864 5502/1357/1864
f 5491/1357/1863 5492/1357/1863 5504/1357/1863 5503/1357/1863
f 5492/1357/1862 5493/1357/1862 5505/1357/1862 5504/1357/1862
f 5493/1357/1861 5494/1357/1861 5506/1357/1861 5505/1357/1861
f 5494/1357/1860 5495/1357/1860 5507/1357/1860 5506/1357/1860
f 5495/1357/1859 5496/1357/1859 5508/1357/1859 5507/1357/1859
f 5496/1357/1898 5497/1357/1898 5509/1357/1898 5508/1357/1898
f 5497/1357/1857 5498/1357/1857 5510/1357/1857 5509/1357/1857
f 5498/1357/1856 5499/1357/1856 5511/1357/1856 5510/1357/1856
f 5499/1357/1855 5501/1357/1855 5513/1357/1855 5511/1357/1855
f 5501/1357/1854 5500/1357/1854 5512/1357/1854 5513/1357/1854
f 5519/1357/1831 5517/1357/1831 5525/1357/1831
f 5530/1357/1853 5506/1357/1853 5507/1357/1853 5531/1357/1853
f 5527/1357/1852 5503/1357/1852 5504/1357/1852 5528/1357/1852
f 5534/1357/1851 5510/1357/1851 5511/1357/1851 5535/1357/1851
f 5531/1357/1850 5507/1357/1850 5508/1357/1850 5532/1357/1850
f 5528/1357/1849 5504/1357/1849 5505/1357/1849 5529/1357/1849
f 5535/1357/1848 5511/1357/1848 5513/1357/1848 5536/1357/1848
f 5537/1357/1847 5512/1357/1847 5502/1357/1847 5526/1357/1847
f 5532/1357/1846 5508/1357/1846 5509/1357/1846 5533/1357/1846
f 5529/1357/1845 5505/1357/1845 5506/1357/1845 5530/1357/1845
f 5536/1357/1844 5513/1357/1844 5512/1357/1844 5537/1357/1844
f 5526/1357/1843 5502/1357/1843 5503/1357/1843 5527/1357/1843
f 5533/1357/1842 5509/1357/1842 5510/1357/1842 5534/1357/1842
f 5585/1357/1899 5574/1357/1899 5538/1357/1899 5548/1357/1899
f 5574/1357/1900 5575/1357/1900 5539/1357/1900 5538/1357/1900
f 5575/1357/1901 5576/1357/1901 5540/1357/1901 5539/1357/1901
f 5576/1357/1902 5577/1357/1902 5541/1357/1902 5540/1357/1902
f 5577/1357/1903 5578/1357/1903 5542/1357/1903 5541/1357/1903
f 5578/1357/1904 5579/1357/1904 5543/1357/1904 5542/1357/1904
f 5579/1357/1905 5580/1357/1905 5544/1357/1905 5543/1357/1905
f 5580/1357/1906 5581/1357/1906 5545/1357/1906 5544/1357/1906
f 5581/1357/1907 5582/1357/1907 5546/1357/1907 5545/1357/1907
f 5582/1357/1908 5583/1357/1908 5547/1357/1908 5546/1357/1908
f 5583/1357/1909 5584/1357/1909 5549/1357/1909 5547/1357/1909
f 5584/1357/1910 5585/1357/1910 5548/1357/1910 5549/1357/1910
f 5548/1357/1833 5538/1357/1833 5550/1357/1833 5560/1357/1833
f 5538/1357/1833 5539/1357/1833 5551/1357/1833 5550/1357/1833
f 5539/1357/1833 5540/1357/1833 5552/1357/1833 5551/1357/1833
f 5540/1357/1833 5541/1357/1833 5553/1357/1833 5552/1357/1833
f 5541/1357/1833 5542/1357/1833 5554/1357/1833 5553/1357/1833
f 5542/1357/1833 5543/1357/1833 5555/1357/1833 5554/1357/1833
f 5543/1357/1833 5544/1357/1833 5556/1357/1833 5555/1357/1833
f 5544/1357/1833 5545/1357/1833 5557/1357/1833 5556/1357/1833
f 5545/1357/1833 5546/1357/1833 5558/1357/1833 5557/1357/1833
f 5546/1357/1833 5547/1357/1833 5559/1357/1833 5558/1357/1833
f 5547/1357/1833 5549/1357/1833 5561/1357/1833 5559/1357/1833
f 5549/1357/1833 5548/1357/1833 5560/1357/1833 5561/1357/1833
f 5560/1357/1911 5550/1357/1911 5562/1357/1911 5572/1357/1911
f 5550/1357/1912 5551/1357/1912 5563/1357/1912 5562/1357/1912
f 5551/1357/1913 5552/1357/1913 5564/1357/1913 5563/1357/1913
f 5552/1357/1914 5553/1357/1914 5565/1357/1914 5564/1357/1914
f 5553/1357/1915 5554/1357/1915 5566/1357/1915 5565/1357/1915
f 5554/1357/1916 5555/1357/1916 5567/1357/1916 5566/1357/1916
f 5555/1357/1917 5556/1357/1917 5568/1357/1917 5567/1357/1917
f 5556/1357/1918 5557/1357/1918 5569/1357/1918 5568/1357/1918
f 5557/1357/1919 5558/1357/1919 5570/1357/1919 5569/1357/1919
f 5558/1357/1920 5559/1357/1920 5571/1357/1920 5570/1357/1920
f 5559/1357/1921 5561/1357/1921 5573/1357/1921 5571/1357/1921
f 5561/1357/1922 5560/1357/1922 5572/1357/1922 5573/1357/1922
f 5584/1357/1833 5583/1357/1833 5582/1357/1833 5581/1357/1833 5580/1357/1833 5579/1357/1833 5578/1357/1833 5577/1357/1833 5576/1357/1833 5575/1357/1833 5574/1357/1833 5585/1357/1833
f 5658/1357/1923 5659/1357/1923 5660/1357/1923 5661/1357/1923
f 5662/1357/1924 5663/1357/1924 5664/1357/1924 5665/1357/1924
f 5666/1357/1925 5667/1357/1925 5668/1357/1925 5669/1357/1925
f 5670/1357/1926 5671/1357/1926 5672/1357/1926 5673/1357/1926
f 5674/1357/1927 5675/1357/1927 5676/1357/1927 5677/1357/1927
f 5678/1357/1928 5679/1357/1928 5680/1357/1928 5681/1357/1928
f 5682/1357/1929 5683/1357/1929 5684/1357/1929 5685/1357/1929
f 5686/1357/1930 5687/1357/1930 5688/1357/1930 5689/1357/1930
f 5690/1357/1931 5691/1357/1931 5692/1357/1931 5693/1357/1931
f 5694/1357/1932 5695/1357/1932 5696/1357/1932 5697/1357/1932
f 5698/1357/1933 5699/1357/1933 5700/1357/1933 5701/1357/1933
f 5702/1357/1934 5703/1357/1934 5704/1357/1934 5705/1357/1934
f 5587/1357/1935 5588/1357/1935 5600/1357/1935 5599/1357/1935
f 5594/1357/1936 5595/1357/1936 5607/1357/1936 5606/1357/1936
f 5591/1357/1937 5592/1357/1937 5604/1357/1937 5603/1357/1937
f 5588/1357/1938 5589/1357/1938 5601/1357/1938 5600/1357/1938
f 5595/1357/1939 5596/1357/1939 5608/1357/1939 5607/1357/1939
f 5597/1357/1940 5586/1357/1940 5598/1357/1940 5609/1357/1940
f 5592/1357/1941 5593/1357/1941 5605/1357/1941 5604/1357/1941
f 5589/1357/1942 5590/1357/1942 5602/1357/1942 5601/1357/1942
f 5596/1357/1943 5597/1357/1943 5609/1357/1943 5608/1357/1943
f 5586/1357/1944 5587/1357/1944 5599/1357/1944 5598/1357/1944
f 5593/1357/1945 5594/1357/1945 5606/1357/1945 5605/1357/1945
f 5590/1357/1946 5591/1357/1946 5603/1357/1946 5602/1357/1946
f 5590/1357/1923 5566/1357/1923 5611/1357/1923 5610/1357/1923
f 5566/1357/1923 5567/1357/1923 5612/1357/1923 5611/1357/1923
f 5567/1357/1923 5591/1357/1923 5613/1357/1923 5612/1357/1923
f 5591/1357/1923 5590/1357/1923 5610/1357/1923 5613/1357/1923
f 5587/1357/1924 5563/1357/1924 5615/1357/1924 5614/1357/1924
f 5563/1357/1947 5564/1357/1947 5616/1357/1947 5615/1357/1947
f 5564/1357/1947 5588/1357/1947 5617/1357/1947 5616/1357/1947
f 5588/1357/1947 5587/1357/1947 5614/1357/1947 5617/1357/1947
f 5594/1357/1925 5570/1357/1925 5619/1357/1925 5618/1357/1925
f 5570/1357/1925 5571/1357/1925 5620/1357/1925 5619/1357/1925
f 5571/1357/1948 5595/1357/1948 5621/1357/1948 5620/1357/1948
f 5595/1357/1948 5594/1357/1948 5618/1357/1948 5621/1357/1948
f 5591/1357/1926 5567/1357/1926 5623/1357/1926 5622/1357/1926
f 5567/1357/1949 5568/1357/1949 5624/1357/1949 5623/1357/1949
f 5568/1357/1926 5592/1357/1926 5625/1357/1926 5624/1357/1926
f 5592/1357/1926 5591/1357/1926 5622/1357/1926 5625/1357/1926
f 5588/1357/1927 5564/1357/1927 5627/1357/1927 5626/1357/1927
f 5564/1357/1927 5565/1357/1927 5628/1357/1927 5627/1357/1927
f 5565/1357/1927 5589/1357/1927 5629/1357/1927 5628/1357/1927
f 5589/1357/1927 5588/1357/1927 5626/1357/1927 5629/1357/1927
f 5595/1357/1928 5571/1357/1928 5631/1357/1928 5630/1357/1928
f 5571/1357/1928 5573/1357/1928 5632/1357/1928 5631/1357/1928
f 5573/1357/1928 5596/1357/1928 5633/1357/1928 5632/1357/1928
f 5596/1357/1928 5595/1357/1928 5630/1357/1928 5633/1357/1928
f 5597/1357/1929 5572/1357/1929 5635/1357/1929 5634/1357/1929
f 5572/1357/1929 5562/1357/1929 5636/1357/1929 5635/1357/1929
f 5562/1357/1929 5586/1357/1929 5637/1357/1929 5636/1357/1929
f 5586/1357/1929 5597/1357/1929 5634/1357/1929 5637/1357/1929
f 5592/1357/1930 5568/1357/1930 5639/1357/1930 5638/1357/1930
f 5568/1357/1930 5569/1357/1930 5640/1357/1930 5639/1357/1930
f 5569/1357/1930 5593/1357/1930 5641/1357/1930 5640/1357/1930
f 5593/1357/1930 5592/1357/1930 5638/1357/1930 5641/1357/1930
f 5589/1357/1931 5565/1357/1931 5643/1357/1931 5642/1357/1931
f 5565/1357/1931 5566/1357/1931 5644/1357/1931 5643/1357/1931
f 5566/1357/1931 5590/1357/1931 5645/1357/1931 5644/1357/1931
f 5590/1357/1931 5589/1357/1931 5642/1357/1931 5645/1357/1931
f 5596/1357/1950 5573/1357/1950 5647/1357/1950 5646/1357/1950
f 5573/1357/1932 5572/1357/1932 5648/1357/1932 5647/1357/1932
f 5572/1357/1932 5597/1357/1932 5649/1357/1932 5648/1357/1932
f 5597/1357/1932 5596/1357/1932 5646/1357/1932 5649/1357/1932
f 5586/1357/1933 5562/1357/1933 5651/1357/1933 5650/1357/1933
f 5562/1357/1933 5563/1357/1933 5652/1357/1933 5651/1357/1933
f 5563/1357/1933 5587/1357/1933 5653/1357/1933 5652/1357/1933
f 5587/1357/1933 5586/1357/1933 5650/1357/1933 5653/1357/1933
f 5593/1357/1934 5569/1357/1934 5655/1357/1934 5654/1357/1934
f 5569/1357/1934 5570/1357/1934 5656/1357/1934 5655/1357/1934
f 5570/1357/1951 5594/1357/1951 5657/1357/1951 5656/1357/1951
f 5594/1357/1934 5593/1357/1934 5654/1357/1934 5657/1357/1934
f 5610/1357/1952 5611/1357/1952 5659/1357/1952 5658/1357/1952
f 5611/1357/1953 5612/1357/1953 5660/1357/1953 5659/1357/1953
f 5612/1357/1954 5613/1357/1954 5661/1357/1954 5660/1357/1954
f 5613/1357/1955 5610/1357/1955 5658/1357/1955 5661/1357/1955
f 5614/1357/1956 5615/1357/1956 5663/1357/1956 5662/1357/1956
f 5615/1357/1957 5616/1357/1957 5664/1357/1957 5663/1357/1957
f 5616/1357/1958 5617/1357/1958 5665/1357/1958 5664/1357/1958
f 5617/1357/1959 5614/1357/1959 5662/1357/1959 5665/1357/1959
f 5618/1357/1960 5619/1357/1960 5667/1357/1960 5666/1357/1960
f 5619/1357/1961 5620/1357/1961 5668/1357/1961 5667/1357/1961
f 5620/1357/1962 5621/1357/1962 5669/1357/1962 5668/1357/1962
f 5621/1357/1963 5618/1357/1963 5666/1357/1963 5669/1357/1963
f 5622/1357/1964 5623/1357/1964 5671/1357/1964 5670/1357/1964
f 5623/1357/1965 5624/1357/1965 5672/1357/1965 5671/1357/1965
f 5624/1357/1966 5625/1357/1966 5673/1357/1966 5672/1357/1966
f 5625/1357/1967 5622/1357/1967 5670/1357/1967 5673/1357/1967
f 5626/1357/1968 5627/1357/1968 5675/1357/1968 5674/1357/1968
f 5627/1357/1969 5628/1357/1969 5676/1357/1969 5675/1357/1969
f 5628/1357/1970 5629/1357/1970 5677/1357/1970 5676/1357/1970
f 5629/1357/1971 5626/1357/1971 5674/1357/1971 5677/1357/1971
f 5630/1357/1972 5631/1357/1972 5679/1357/1972 5678/1357/1972
f 5631/1357/1973 5632/1357/1973 5680/1357/1973 5679/1357/1973
f 5632/1357/1974 5633/1357/1974 5681/1357/1974 5680/1357/1974
f 5633/1357/1975 5630/1357/1975 5678/1357/1975 5681/1357/1975
f 5634/1357/1976 5635/1357/1976 5683/1357/1976 5682/1357/1976
f 5635/1357/1977 5636/1357/1977 5684/1357/1977 5683/1357/1977
f 5636/1357/1978 5637/1357/1978 5685/1357/1978 5684/1357/1978
f 5637/1357/1979 5634/1357/1979 5682/1357/1979 5685/1357/1979
f 5638/1357/1980 5639/1357/1980 5687/1357/1980 5686/1357/1980
f 5639/1357/1981 5640/1357/1981 5688/1357/1981 5687/1357/1981
f 5640/1357/1982 5641/1357/1982 5689/1357/1982 5688/1357/1982
f 5641/1357/1983 5638/1357/1983 5686/1357/1983 5689/1357/1983
f 5642/1357/1984 5643/1357/1984 5691/1357/1984 5690/1357/1984
f 5643/1357/1985 5644/1357/1985 5692/1357/1985 5691/1357/1985
f 5644/1357/1986 5645/1357/1986 5693/1357/1986 5692/1357/1986
f 5645/1357/1987 5642/1357/1987 5690/1357/1987 5693/1357/1987
f 5646/1357/1988 5647/1357/1988 5695/1357/1988 5694/1357/1988
f 5647/1357/1989 5648/1357/1989 5696/1357/1989 5695/1357/1989
f 5648/1357/1990 5649/1357/1990 5697/1357/1990 5696/1357/1990
f 5649/1357/1991 5646/1357/1991 5694/1357/1991 5697/1357/1991
f 5650/1357/1992 5651/1357/1992 5699/1357/1992 5698/1357/1992
f 5651/1357/1993 5652/1357/1993 5700/1357/1993 5699/1357/1993
f 5652/1357/1994 5653/1357/1994 5701/1357/1994 5700/1357/1994
f 5653/1357/1995 5650/1357/1995 5698/1357/1995 5701/1357/1995
f 5654/1357/1996 5655/1357/1996 5703/1357/1996 5702/1357/1996
f 5655/1357/1997 5656/1357/1997 5704/1357/1997 5703/1357/1997
f 5656/1357/1998 5657/1357/1998 5705/1357/1998 5704/1357/1998
f 5657/1357/1999 5654/1357/1999 5702/1357/1999 5705/1357/1999
f 5717/1409/1833 5712/1338/1833 5713/1339/1833 5718/1410/1833
f 5707/1346/2000 5714/1411/2000 5716/1411/2000 5711/1346/2000
f 5715/1409/2000 5708/1338/2000 5712/1338/2000 5717/1409/2000
f 5708/1338/1832 5709/1339/1832 5713/1339/1832 5712/1338/1832
f 5706/1347/1829 5707/1346/1829 5711/1346/1829 5710/1347/1829
f 5721/1412/2001 5715/1409/2001 5717/1409/2001 5723/1412/2001
f 5711/1346/1833 5716/1411/1833 5719/1413/1833 5710/1347/1833
f 5723/1412/2002 5717/1409/2002 5718/1410/2002 5724/1414/2002
f 5716/1411/2003 5722/1415/2003 5725/1416/2003 5719/1413/2003
f 5722/1415/1833 5723/1412/1833 5724/1414/1833 5725/1416/1833
f 5714/1411/2004 5720/1415/2004 5722/1415/2004 5716/1411/2004
f 5720/1415/2005 5721/1412/2005 5723/1412/2005 5722/1415/2005
f 5737/1409/1833 5738/1410/1833 5733/1339/1833 5732/1338/1833
f 5727/1346/2000 5731/1346/2000 5736/1411/2000 5734/1411/2000
f 5735/1409/2000 5737/1409/2000 5732/1338/2000 5728/1338/2000
f 5728/1338/1829 5732/1338/1829 5733/1339/1829 5729/1339/1829
f 5726/1347/1832 5730/1347/1832 5731/1346/1832 5727/1346/1832
f 5741/1412/2004 5743/1412/2004 5737/1409/2004 5735/1409/2004
f 5731/1346/1833 5730/1347/1833 5739/1413/1833 5736/1411/1833
f 5743/1412/2003 5744/1414/2003 5738/1410/2003 5737/1409/2003
f 5736/1411/2002 5739/1413/2002 5745/1416/2002 5742/1415/2002
f 5742/1415/1833 5745/1416/1833 5744/1414/1833 5743/1412/1833
f 5734/1411/2001 5736/1411/2001 5742/1415/2001 5740/1415/2001
f 5740/1415/2005 5742/1415/2005 5743/1412/2005 5741/1412/2005
f 5350/1357/1831 5351/1357/1831 5352/1357/1831
f 5352/1357/1831 5353/1357/1831 5350/1357/1831
f 5353/1357/1831 5354/1357/1831 5350/1357/1831
f 5354/1357/1831 5355/1357/1831 5356/1357/1831
f 5356/1357/1831 5357/1357/1831 5358/1357/1831
f 5358/1357/1831 5359/1357/1831 5360/1357/1831
f 5360/1357/1831 5361/1357/1831 5350/1357/1831
f 5354/1357/1831 5356/1357/1831 5350/1357/1831
f 5356/1357/1831 5358/1357/1831 5350/1357/1831
f 5525/1357/1831 5524/1357/1831 5523/1357/1831
f 5523/1357/1831 5522/1357/1831 5525/1357/1831
f 5522/1357/1831 5521/1357/1831 5525/1357/1831
f 5521/1357/1831 5520/1357/1831 5519/1357/1831
f 5519/1357/1831 5518/1357/1831 5517/1357/1831
f 5517/1357/1831 5516/1357/1831 5525/1357/1831
f 5516/1357/1831 5515/1357/1831 5525/1357/1831
f 5515/1357/1831 5514/1357/1831 5525/1357/1831
f 5521/1357/1831 5519/1357/1831 5525/1357/1831
f 5772/1349/2006 5748/1349/2006 5788/1349/2006 5791/1349/2006
f 5748/1349/2007 5757/1417/2007 5790/1417/2007 5788/1349/2007
f 5759/1418/1829 5782/1419/1829 5785/1420/1829
f 5776/1421/1829 5749/1349/1829 5752/1350/1829 5779/1350/1829
f 5751/1422/2008 5750/1423/2008 5754/1424/2008 5755/1422/2008
f 5757/1417/1833 5748/1349/1833 5777/1349/1833 5778/1417/1833
f 5772/1349/1830 5746/1349/1830 5749/1349/1830 5776/1421/1830
f 5774/1350/1831 5756/1350/1831 5758/1350/1831 5779/1350/1831
f 5769/1425/2008 5768/1426/2008 5756/1350/2008 5757/1417/2008
f 5770/1427/2008 5771/1428/2008 5778/1417/2008 5758/1350/2008
f 5771/1428/2008 5769/1425/2008 5757/1417/2008 5778/1417/2008
f 5768/1426/2008 5770/1427/2008 5758/1350/2008 5756/1350/2008
f 5765/1429/2008 5764/1430/2008 5760/1431/2008 5761/1432/2008
f 5766/1433/2008 5767/1434/2008 5763/1435/2008 5762/1436/2008
f 5767/1434/2008 5765/1429/2008 5761/1432/2008 5763/1435/2008
f 5764/1430/2008 5766/1433/2008 5762/1436/2008 5760/1431/2008
f 5767/1434/2009 5766/1433/2009 5755/1422/2009 5754/1424/2009
f 5765/1429/2010 5767/1434/2010 5754/1424/2010 5750/1423/2010
f 5766/1433/2011 5764/1430/2011 5751/1422/2011 5755/1422/2011
f 5761/1432/2012 5760/1431/2012 5768/1426/2012 5769/1425/2012
f 5762/1436/2013 5763/1435/2013 5771/1428/2013 5770/1427/2013
f 5763/1435/2014 5761/1432/2014 5769/1425/2014 5771/1428/2014
f 5760/1431/2015 5762/1436/2015 5770/1427/2015 5768/1426/2015
f 5764/1430/2016 5765/1429/2016 5750/1423/2016 5751/1422/2016
f 5747/1350/1831 5774/1350/1831 5779/1350/1831 5752/1350/1831
f 5748/1349/1830 5772/1349/1830 5776/1421/1830 5777/1349/1830
f 5782/1419/1829 5773/1437/1829 5775/1438/1829 5785/1420/1829
f 5757/1417/2017 5756/1350/2017 5789/1350/2017 5790/1417/2017
f 5781/1439/1829 5753/1440/1829 5777/1349/1829 5776/1421/1829
f 5753/1440/1829 5783/1441/1829 5778/1417/1829 5777/1349/1829
f 5780/1442/1829 5784/1442/1829 5779/1350/1829 5758/1350/1829
f 5783/1441/1829 5780/1442/1829 5758/1350/1829 5778/1417/1829
f 5784/1442/1829 5781/1439/1829 5776/1421/1829 5779/1350/1829
f 5773/1437/2018 5782/1419/2018 5753/1440/2018 5781/1439/2018
f 5782/1419/2019 5759/1418/2019 5783/1441/2019 5753/1440/2019
f 5785/1420/2020 5775/1438/2020 5784/1442/2020 5780/1442/2020
f 5759/1418/2021 5785/1420/2021 5780/1442/2021 5783/1441/2021
f 5775/1438/2022 5773/1437/2022 5781/1439/2022 5784/1442/2022
f 5774/1350/2023 5747/1350/2023 5787/1350/2023 5792/1350/2023
f 5746/1349/2006 5772/1349/2006 5791/1349/2006 5786/1349/2006
f 5756/1350/2023 5774/1350/2023 5792/1350/2023 5789/1350/2023
o RoboArm00
v -0.669128 0.578022 -2.120607
v -0.710835 0.566846 -2.120607
v -0.741367 0.536314 -2.120607
v -0.752543 0.494607 -2.120607
v -0.741367 0.452899 -2.120607
v -0.710835 0.422367 -2.120607
v -0.669128 0.411191 -2.120607
v -0.627420 0.422367 -2.120607
v -0.596888 0.452899 -2.120607
v -0.585712 0.494607 -2.120607
v -0.596888 0.536314 -2.120607
v -0.627420 0.566846 -2.120607
v -0.669128 0.578022 -2.064997
v -0.710835 0.566846 -2.064997
v -0.741367 0.536314 -2.064997
v -0.752543 0.494607 -2.064997
v -0.741367 0.452899 -2.064997
v -0.710835 0.422367 -2.064997
v -0.669128 0.411191 -2.064997
v -0.627420 0.422367 -2.064997
v -0.596888 0.452899 -2.064997
v -0.585712 0.494607 -2.064997
v -0.596888 0.536314 -2.064997
v -0.627420 0.566846 -2.064997
v -0.700247 0.569684 -2.084619
v -0.638009 0.569684 -2.120607
v -0.669128 0.578022 -2.074437
v -0.638009 0.569684 -2.084619
v -0.700247 0.569684 -2.120607
v -0.650393 0.597248 -2.120607
v -0.669128 0.578022 -2.120607
v -0.650393 0.597248 -2.104916
v -0.687863 0.597248 -2.104916
v -0.669128 0.602268 -2.104916
v -0.687863 0.597248 -2.120607
v -0.669128 0.602268 -2.120607
v -0.635290 0.553215 -2.102579
v -0.610519 0.528444 -2.102579
v -0.601452 0.494607 -2.102579
v -0.610519 0.460769 -2.102579
v -0.635290 0.435998 -2.102579
v -0.669128 0.426931 -2.102579
v -0.702965 0.435998 -2.102579
v -0.727736 0.460769 -2.102579
v -0.736803 0.494607 -2.102579
v -0.727736 0.528444 -2.102579
v -0.669128 0.562282 -2.102579
v -0.702965 0.553215 -2.102579
v -0.705362 0.557366 -2.064997
v -0.669128 0.567075 -2.064997
v -0.731887 0.530841 -2.064997
v -0.741596 0.494607 -2.064997
v -0.731887 0.458372 -2.064997
v -0.705362 0.431847 -2.064997
v -0.669128 0.422138 -2.064997
v -0.632894 0.431847 -2.064997
v -0.606368 0.458372 -2.064997
v -0.596659 0.494607 -2.064997
v -0.606368 0.530841 -2.064997
v -0.632893 0.557366 -2.064997
v -0.619669 0.559095 -2.084619
v -0.588550 0.505195 -2.120607
v -0.596888 0.536314 -2.074437
v -0.588550 0.505195 -2.084619
v -0.619669 0.559095 -2.120607
v -0.570870 0.529702 -2.120607
v -0.596888 0.536314 -2.120607
v -0.570870 0.529702 -2.104916
v -0.589605 0.562152 -2.104916
v -0.575890 0.548437 -2.104916
v -0.589605 0.562152 -2.120607
v -0.575890 0.548437 -2.120607
v -0.588550 0.484018 -2.084619
v -0.619669 0.430118 -2.120607
v -0.596888 0.452899 -2.074437
v -0.619669 0.430118 -2.084619
v -0.588550 0.484018 -2.120607
v -0.589605 0.427061 -2.120607
v -0.596888 0.452899 -2.120607
v -0.589605 0.427061 -2.104916
v -0.570870 0.459511 -2.104916
v -0.575890 0.440776 -2.104916
v -0.570870 0.459511 -2.120607
v -0.575890 0.440776 -2.120607
v -0.638009 0.419530 -2.084619
v -0.700247 0.419530 -2.120607
v -0.669128 0.411191 -2.074437
v -0.700247 0.419530 -2.084619
v -0.638009 0.419530 -2.120607
v -0.687863 0.391965 -2.120607
v -0.669128 0.411191 -2.120607
v -0.687863 0.391965 -2.104916
v -0.650393 0.391965 -2.104916
v -0.669128 0.386945 -2.104916
v -0.650393 0.391965 -2.120607
v -0.669128 0.386945 -2.120607
v -0.718587 0.430118 -2.084619
v -0.749706 0.484018 -2.120607
v -0.741367 0.452899 -2.074437
v -0.749706 0.484018 -2.084619
v -0.718587 0.430118 -2.120607
v -0.767385 0.459511 -2.120607
v -0.741367 0.452899 -2.120607
v -0.767385 0.459511 -2.104916
v -0.748650 0.427061 -2.104916
v -0.762365 0.440776 -2.104916
v -0.748650 0.427061 -2.120607
v -0.762365 0.440776 -2.120607
v -0.749706 0.505195 -2.084619
v -0.718587 0.559095 -2.120607
v -0.741367 0.536314 -2.074437
v -0.718587 0.559095 -2.084619
v -0.749706 0.505195 -2.120607
v -0.748650 0.562153 -2.120607
v -0.741367 0.536314 -2.120607
v -0.748650 0.562153 -2.104916
v -0.767385 0.529702 -2.104916
v -0.762365 0.548437 -2.104916
v -0.767385 0.529702 -2.120607
v -0.762365 0.548437 -2.120607
v -0.733122 0.476345 -1.987178
v -0.733122 0.476169 -1.995025
v -0.742269 0.474797 -1.986201
v -0.733122 0.479358 -1.980533
v -0.733122 0.484675 -1.975563
v -0.733122 0.491488 -1.973005
v -0.733122 0.498762 -1.973250
v -0.733122 0.505388 -1.976259
v -0.733122 0.510368 -1.981591
v -0.733122 0.513044 -1.988971
v -0.733122 0.478845 -2.002405
v -0.733122 0.483825 -2.007737
v -0.733122 0.490451 -2.010747
v -0.733122 0.497725 -2.010991
v -0.733122 0.504538 -2.008434
v -0.733122 0.509855 -2.003464
v -0.733122 0.512869 -1.996819
v -0.733122 0.461438 -1.983243
v -0.733122 0.461119 -1.997496
v -0.733122 0.494607 -1.991998
v -0.733122 0.466912 -1.971174
v -0.733122 0.476567 -1.962147
v -0.733122 0.488943 -1.957501
v -0.733122 0.502154 -1.957946
v -0.733122 0.514189 -1.963412
v -0.733122 0.523235 -1.973097
v -0.733122 0.528094 -1.986500
v -0.733122 0.465979 -2.010900
v -0.733122 0.475024 -2.020585
v -0.733122 0.487059 -2.026051
v -0.733122 0.500270 -2.026495
v -0.733122 0.512646 -2.021850
v -0.733122 0.522301 -2.012823
v -0.733122 0.527775 -2.000754
v -0.742269 0.474594 -1.995284
v -0.742269 0.478026 -1.979081
v -0.742269 0.483776 -1.973705
v -0.742269 0.491149 -1.970938
v -0.742269 0.499020 -1.971203
v -0.742269 0.506186 -1.974458
v -0.742269 0.511523 -1.980171
v -0.742269 0.514619 -1.988712
v -0.742269 0.477690 -2.003825
v -0.742269 0.483027 -2.009539
v -0.742269 0.490194 -2.012794
v -0.742269 0.498064 -2.013058
v -0.742269 0.505437 -2.010291
v -0.742269 0.511187 -2.004916
v -0.742269 0.514416 -1.997795
v -0.740669 0.466912 -1.971174
v -0.740669 0.461438 -1.983243
v -0.740669 0.461119 -1.997496
v -0.740669 0.476567 -1.962147
v -0.740669 0.488943 -1.957501
v -0.740669 0.502154 -1.957946
v -0.740669 0.514189 -1.963412
v -0.740669 0.523235 -1.973097
v -0.740669 0.528094 -1.986500
v -0.740669 0.475024 -2.020585
v -0.740669 0.465979 -2.010900
v -0.740669 0.487059 -2.026051
v -0.740669 0.500270 -2.026495
v -0.740669 0.512646 -2.021850
v -0.740669 0.522301 -2.012823
v -0.740669 0.527775 -2.000754
v -0.740669 0.474874 -1.976819
v -0.740669 0.471010 -1.985338
v -0.740669 0.470773 -1.995911
v -0.740669 0.481730 -1.970409
v -0.740669 0.490520 -1.967109
v -0.740669 0.499904 -1.967425
v -0.740669 0.508450 -1.971306
v -0.740669 0.514835 -1.978143
v -0.740669 0.518440 -1.988085
v -0.740669 0.480763 -2.012690
v -0.740669 0.474378 -2.005854
v -0.740669 0.489309 -2.016572
v -0.740669 0.498693 -2.016887
v -0.740669 0.507483 -2.013588
v -0.740669 0.514339 -2.007178
v -0.740669 0.518203 -1.998658
v -0.689570 0.584829 -1.962984
v -0.689570 0.583043 -1.952107
v -0.689570 0.587099 -1.976812
v -0.689570 0.589370 -1.990641
v -0.689570 0.591155 -2.001518
v -0.697117 0.592089 -1.961792
v -0.697117 0.583043 -1.952107
v -0.697117 0.596948 -1.975195
v -0.697117 0.596629 -1.989449
v -0.697117 0.591155 -2.001518
v -0.680274 0.610758 -1.960962
v -0.689570 0.600948 -1.949167
v -0.686419 0.614853 -1.972256
v -0.680274 0.614584 -1.984265
v -0.689570 0.609060 -1.998578
v -0.697117 0.609993 -1.958852
v -0.697117 0.600948 -1.949167
v -0.697117 0.614853 -1.972256
v -0.697117 0.614534 -1.986509
v -0.697117 0.609060 -1.998578
v -0.682519 0.609993 -1.958852
v -0.689570 0.614853 -1.972256
v -0.682519 0.614534 -1.986509
v -0.686419 0.606084 -1.973696
v -0.680274 0.601989 -1.962402
v -0.680274 0.605815 -1.985705
v -0.740669 0.525178 -1.978458
v -0.742127 0.528555 -1.986424
v -0.740669 0.527903 -1.995052
v -0.740669 0.521341 -1.980037
v -0.740669 0.521157 -1.987639
v -0.740669 0.523762 -1.994784
v -0.734591 0.535662 -1.979293
v -0.734591 0.537703 -1.984923
v -0.734591 0.537569 -1.990909
v -0.742263 0.528188 -1.993799
v -0.736502 0.537319 -1.990044
v -0.742188 0.522560 -1.980896
v -0.742137 0.522413 -1.987433
v -0.742188 0.524642 -1.993580
v -0.742263 0.525849 -1.979554
v -0.736502 0.535702 -1.980193
v -0.736530 0.537424 -1.984968
v -0.677311 0.605228 -1.982129
v -0.680701 0.603902 -1.974054
v -0.677311 0.602576 -1.965978
v -0.677311 0.759520 -1.940210
v -0.680701 0.760846 -1.948286
v -0.677311 0.762172 -1.956362
v -0.680701 0.750502 -1.949984
v -0.677311 0.749176 -1.941909
v -0.677311 0.751828 -1.958060
v -0.678405 0.758303 -1.939302
v -0.682248 0.759806 -1.948457
v -0.678405 0.761309 -1.957612
v -0.682248 0.751541 -1.949814
v -0.678405 0.750038 -1.940659
v -0.678405 0.753045 -1.958969
v -0.677311 0.724045 -1.946035
v -0.677311 0.729699 -1.945107
v -0.677311 0.726697 -1.962186
v -0.677311 0.732351 -1.961258
v -0.682623 0.730384 -1.953287
v -0.680701 0.725371 -1.954111
v -0.678670 0.728838 -1.943871
v -0.680701 0.731025 -1.953182
v -0.682623 0.726011 -1.954005
v -0.678670 0.724465 -1.944589
v -0.678670 0.731930 -1.962704
v -0.671025 0.728070 -1.966547
v -0.671025 0.732443 -1.965829
v -0.678670 0.727557 -1.963422
v -0.671025 0.723952 -1.941464
v -0.671025 0.728325 -1.940746
v -0.605133 0.476345 -1.987178
v -0.605133 0.476169 -1.995025
v -0.595986 0.474797 -1.986201
v -0.605133 0.479358 -1.980533
v -0.605133 0.484675 -1.975563
v -0.605133 0.491488 -1.973005
v -0.605133 0.498762 -1.973250
v -0.605133 0.505388 -1.976259
v -0.605133 0.510368 -1.981591
v -0.605133 0.513044 -1.988971
v -0.605133 0.478845 -2.002405
v -0.605133 0.483825 -2.007737
v -0.605133 0.490451 -2.010747
v -0.605133 0.497725 -2.010991
v -0.605133 0.504538 -2.008434
v -0.605133 0.509855 -2.003464
v -0.605133 0.512869 -1.996819
v -0.605133 0.461438 -1.983243
v -0.605133 0.461119 -1.997496
v -0.605133 0.494607 -1.991998
v -0.605133 0.466912 -1.971174
v -0.605133 0.476567 -1.962147
v -0.605133 0.488943 -1.957501
v -0.605133 0.502154 -1.957946
v -0.605133 0.514189 -1.963412
v -0.605133 0.523235 -1.973097
v -0.605133 0.528094 -1.986500
v -0.605133 0.465979 -2.010900
v -0.605133 0.475024 -2.020585
v -0.605133 0.487059 -2.026051
v -0.605133 0.500270 -2.026495
v -0.605133 0.512646 -2.021850
v -0.605133 0.522301 -2.012823
v -0.605133 0.527775 -2.000754
v -0.595986 0.474594 -1.995284
v -0.595986 0.478026 -1.979081
v -0.595986 0.483776 -1.973705
v -0.595986 0.491149 -1.970938
v -0.595986 0.499020 -1.971203
v -0.595986 0.506186 -1.974458
v -0.595986 0.511523 -1.980171
v -0.595986 0.514619 -1.988712
v -0.595986 0.477690 -2.003825
v -0.595986 0.483027 -2.009539
v -0.595986 0.490194 -2.012794
v -0.595986 0.498064 -2.013058
v -0.595986 0.505437 -2.010291
v -0.595986 0.511187 -2.004916
v -0.595986 0.514416 -1.997795
v -0.597587 0.466912 -1.971174
v -0.597587 0.461438 -1.983243
v -0.597587 0.461119 -1.997496
v -0.597587 0.476567 -1.962147
v -0.597587 0.488943 -1.957501
v -0.597587 0.502154 -1.957946
v -0.597587 0.514189 -1.963412
v -0.597587 0.523235 -1.973097
v -0.597587 0.528094 -1.986500
v -0.597587 0.475024 -2.020585
v -0.597587 0.465979 -2.010900
v -0.597587 0.487059 -2.026051
v -0.597587 0.500270 -2.026495
v -0.597587 0.512646 -2.021850
v -0.597587 0.522301 -2.012823
v -0.597587 0.527775 -2.000754
v -0.597587 0.474874 -1.976819
v -0.597587 0.471010 -1.985338
v -0.597587 0.470773 -1.995911
v -0.597587 0.481730 -1.970409
v -0.597587 0.490520 -1.967109
v -0.597587 0.499904 -1.967425
v -0.597587 0.508450 -1.971306
v -0.597587 0.514835 -1.978143
v -0.597587 0.518440 -1.988085
v -0.597587 0.480763 -2.012690
v -0.597587 0.474378 -2.005854
v -0.597587 0.489309 -2.016572
v -0.597587 0.498693 -2.016887
v -0.597587 0.507483 -2.013588
v -0.597587 0.514339 -2.007178
v -0.597587 0.518203 -1.998658
v -0.648685 0.584829 -1.962984
v -0.648685 0.583043 -1.952107
v -0.648685 0.587099 -1.976812
v -0.648685 0.589370 -1.990641
v -0.648685 0.591155 -2.001518
v -0.641138 0.592089 -1.961792
v -0.641138 0.583043 -1.952107
v -0.641138 0.596948 -1.975195
v -0.641138 0.596629 -1.989449
v -0.641138 0.591155 -2.001518
v -0.657981 0.610758 -1.960962
v -0.648685 0.600948 -1.949167
v -0.651836 0.614853 -1.972256
v -0.657981 0.614584 -1.984265
v -0.648685 0.609060 -1.998578
v -0.641138 0.609993 -1.958852
v -0.641138 0.600948 -1.949167
v -0.641138 0.614853 -1.972256
v -0.641138 0.614534 -1.986509
v -0.641138 0.609060 -1.998578
v -0.669128 0.584829 -1.962984
v -0.669128 0.583043 -1.952107
v -0.669128 0.587099 -1.976812
v -0.669128 0.589370 -1.990641
v -0.669128 0.591155 -2.001518
v -0.669128 0.609993 -1.958852
v -0.669128 0.600948 -1.949167
v -0.669128 0.614534 -1.986509
v -0.669128 0.609060 -1.998578
v -0.655736 0.609993 -1.958852
v -0.648685 0.614853 -1.972256
v -0.655736 0.614534 -1.986509
v -0.669128 0.610758 -1.960962
v -0.669128 0.614584 -1.984265
v -0.669128 0.601989 -1.962402
v -0.669128 0.606084 -1.973696
v -0.669128 0.605815 -1.985705
v -0.651836 0.606084 -1.973696
v -0.657981 0.601989 -1.962402
v -0.657981 0.605815 -1.985705
v -0.597587 0.525178 -1.978458
v -0.596128 0.528555 -1.986424
v -0.597587 0.527903 -1.995052
v -0.597587 0.521341 -1.980037
v -0.597587 0.521157 -1.987639
v -0.597587 0.523762 -1.994784
v -0.603664 0.535662 -1.979293
v -0.603664 0.537703 -1.984923
v -0.603664 0.537569 -1.990909
v -0.595992 0.528188 -1.993799
v -0.601754 0.537319 -1.990044
v -0.596068 0.522560 -1.980896
v -0.596118 0.522413 -1.987433
v -0.596068 0.524642 -1.993580
v -0.595992 0.525849 -1.979554
v -0.601754 0.535702 -1.980193
v -0.601725 0.537424 -1.984968
v -0.669128 0.605777 -1.985474
v -0.660944 0.605228 -1.982129
v -0.657554 0.603902 -1.974054
v -0.660944 0.602576 -1.965978
v -0.669128 0.602027 -1.962633
v -0.669128 0.762721 -1.959707
v -0.669128 0.758970 -1.936865
v -0.660944 0.759520 -1.940210
v -0.657554 0.760846 -1.948286
v -0.660944 0.762172 -1.956362
v -0.657554 0.750502 -1.949984
v -0.660944 0.749176 -1.941909
v -0.669128 0.752377 -1.961405
v -0.660944 0.751828 -1.958060
v -0.669128 0.748627 -1.938564
v -0.669128 0.757680 -1.935509
v -0.659850 0.758303 -1.939302
v -0.656007 0.759806 -1.948457
v -0.659850 0.761309 -1.957612
v -0.669128 0.761932 -1.961404
v -0.656007 0.751541 -1.949814
v -0.669128 0.753667 -1.962761
v -0.659850 0.750038 -1.940659
v -0.659850 0.753045 -1.958969
v -0.669128 0.749416 -1.936866
v -0.660944 0.724045 -1.946035
v -0.660944 0.729699 -1.945107
v -0.660944 0.726697 -1.962186
v -0.660944 0.732351 -1.961258
v -0.669128 0.729150 -1.941761
v -0.669128 0.723496 -1.942690
v -0.655632 0.730384 -1.953287
v -0.657554 0.725371 -1.954111
v -0.669128 0.727246 -1.965531
v -0.669128 0.732900 -1.964603
v -0.659585 0.728838 -1.943871
v -0.657554 0.731025 -1.953182
v -0.655632 0.726011 -1.954005
v -0.659585 0.724465 -1.944589
v -0.659585 0.731930 -1.962704
v -0.667230 0.728070 -1.966547
v -0.667230 0.732443 -1.965829
v -0.659585 0.727557 -1.963422
v -0.667230 0.723952 -1.941464
v -0.667230 0.728325 -1.940746
v -0.605754 0.472401 -1.991756
v -0.620623 0.446102 -1.991358
v -0.717632 0.446102 -1.991358
v -0.732704 0.472401 -1.991757
v -0.605754 0.474164 -1.982891
v -0.620623 0.449794 -1.972796
v -0.717632 0.449794 -1.972796
v -0.732501 0.474164 -1.982891
v -0.605754 0.478961 -1.975712
v -0.620623 0.460309 -1.957060
v -0.717632 0.460309 -1.957060
v -0.732501 0.478961 -1.975712
v -0.605754 0.486139 -1.970916
v -0.620623 0.476045 -1.946546
v -0.717632 0.476045 -1.946546
v -0.732501 0.486139 -1.970916
v -0.605754 0.494607 -1.969232
v -0.620623 0.494607 -1.942854
v -0.717632 0.494607 -1.942854
v -0.732501 0.494607 -1.969232
v -0.605754 0.503074 -1.970916
v -0.620623 0.513168 -1.946546
v -0.717632 0.513168 -1.946546
v -0.732501 0.503074 -1.970916
v -0.605754 0.510252 -1.975712
v -0.620623 0.528904 -1.957060
v -0.717632 0.528904 -1.957060
v -0.732501 0.510252 -1.975712
v -0.605754 0.515049 -1.982891
v -0.620623 0.539419 -1.972796
v -0.717632 0.539419 -1.972796
v -0.732501 0.515049 -1.982891
v -0.605754 0.516812 -1.991756
v -0.620623 0.543111 -1.991358
v -0.717632 0.543111 -1.991358
v -0.732704 0.516813 -1.991758
v -0.620623 0.446102 -2.102579
v -0.605754 0.468356 -2.102579
v -0.626184 0.543111 -2.102579
v -0.626184 0.446102 -2.102579
v -0.712071 0.543111 -2.102579
v -0.712071 0.446102 -2.102579
v -0.737723 0.494607 -2.102579
v -0.605754 0.494607 -2.102579
v -0.732501 0.520857 -2.102579
v -0.708298 0.453225 -1.992060
v -0.708298 0.456504 -1.975575
v -0.708298 0.465444 -1.962196
v -0.708298 0.478824 -1.953255
v -0.708298 0.494607 -1.950116
v -0.708298 0.510389 -1.953255
v -0.708298 0.523769 -1.962196
v -0.708298 0.532709 -1.975575
v -0.708298 0.535988 -1.992060
v -0.717632 0.543111 -2.102579
v -0.620623 0.543111 -2.102579
v -0.605754 0.520857 -2.102579
v -0.732501 0.468356 -2.102579
v -0.717632 0.446102 -2.102579
v -0.629957 0.453225 -1.992060
v -0.629957 0.456504 -1.975575
v -0.629957 0.465444 -1.962196
v -0.629957 0.478824 -1.953255
v -0.629957 0.494607 -1.950116
v -0.629957 0.510389 -1.953255
v -0.629957 0.523769 -1.962196
v -0.629957 0.532709 -1.975575
v -0.629957 0.535988 -1.992060
v -0.732501 0.468356 -1.991358
v -0.732501 0.470354 -1.981313
v -0.605754 0.468356 -1.991358
v -0.605754 0.470354 -1.981313
v -0.605754 0.476045 -1.972796
v -0.732501 0.476045 -1.972796
v -0.732501 0.484561 -1.967106
v -0.605754 0.484561 -1.967106
v -0.605754 0.494607 -1.965108
v -0.732501 0.494607 -1.965108
v -0.732501 0.504652 -1.967106
v -0.605754 0.504652 -1.967106
v -0.605754 0.513168 -1.972796
v -0.732501 0.513168 -1.972796
v -0.732501 0.518859 -1.981313
v -0.605754 0.518859 -1.981313
v -0.605754 0.520857 -1.991358
v -0.732501 0.520857 -1.991358
v -0.605754 0.494607 -2.098534
v -0.731205 0.474595 -2.096565
v -0.731205 0.514618 -2.096565
v -0.607528 0.514785 -2.096507
v -0.607528 0.474428 -2.096507
v -0.737630 0.494607 -2.098535
v -0.607528 0.494607 -2.096507
v -0.605754 0.472401 -2.098534
v -0.732808 0.472390 -2.098544
v -0.735798 0.494607 -2.096552
v -0.732808 0.516823 -2.098544
v -0.605754 0.516812 -2.098534
v -0.731032 0.474513 -1.991998
v -0.730723 0.476066 -1.983701
v -0.607528 0.474428 -1.991956
v -0.607528 0.476074 -1.983682
v -0.607528 0.480422 -1.977174
v -0.730728 0.480422 -1.977174
v -0.730728 0.486930 -1.972826
v -0.607528 0.486930 -1.972826
v -0.607528 0.494607 -1.971299
v -0.730728 0.494607 -1.971299
v -0.730728 0.502283 -1.972826
v -0.607528 0.502283 -1.972826
v -0.607528 0.508791 -1.977174
v -0.730728 0.508791 -1.977174
v -0.730723 0.513147 -1.983701
v -0.607528 0.513139 -1.983682
v -0.607528 0.514785 -1.991956
v -0.731032 0.514701 -1.991998
v -0.626184 0.543111 -1.991358
v -0.626184 0.446102 -1.991358
v -0.629957 0.535988 -2.098805
v -0.629957 0.453225 -2.098805
v -0.712071 0.543111 -1.991358
v -0.712071 0.446102 -1.991358
v -0.708298 0.535988 -2.098805
v -0.708298 0.453225 -2.098805
v -0.712071 0.539419 -1.972796
v -0.712071 0.528904 -1.957060
v -0.712071 0.513168 -1.946546
v -0.712071 0.494607 -1.942854
v -0.712071 0.476045 -1.946546
v -0.712071 0.460309 -1.957060
v -0.712071 0.449794 -1.972796
v -0.626184 0.539419 -1.972796
v -0.626184 0.528904 -1.957060
v -0.626184 0.513168 -1.946546
v -0.626184 0.494607 -1.942854
v -0.626184 0.476045 -1.946546
v -0.626184 0.460309 -1.957060
v -0.626184 0.449794 -1.972796
v -0.653455 0.785316 -1.955900
v -0.687127 0.758206 -1.912876
v -0.651128 0.758206 -1.912876
v -0.653455 0.780758 -1.958183
v -0.684801 0.780758 -1.958183
v -0.687127 0.753648 -1.915159
v -0.651128 0.753648 -1.915159
v -0.653455 0.775674 -1.958548
v -0.684801 0.775674 -1.958548
v -0.653455 0.770836 -1.956940
v -0.684801 0.770836 -1.956940
v -0.687127 0.750311 -1.919012
v -0.651128 0.750311 -1.919012
v -0.653455 0.766983 -1.953603
v -0.684801 0.766983 -1.953603
v -0.653455 0.749068 -1.928934
v -0.684801 0.749068 -1.928934
v -0.687127 0.748703 -1.923849
v -0.651128 0.748703 -1.923849
v -0.653455 0.748703 -1.923849
v -0.684801 0.748703 -1.923849
v -0.653455 0.750311 -1.919012
v -0.684801 0.750311 -1.919012
v -0.687127 0.749068 -1.928934
v -0.651128 0.749068 -1.928934
v -0.653455 0.753648 -1.915159
v -0.684801 0.753648 -1.915159
v -0.653455 0.758206 -1.912876
v -0.684801 0.758206 -1.912876
v -0.687127 0.766983 -1.953603
v -0.651128 0.766983 -1.953603
v -0.653455 0.763290 -1.912511
v -0.684801 0.763290 -1.912511
v -0.653455 0.768128 -1.914119
v -0.684801 0.768128 -1.914119
v -0.687127 0.770836 -1.956940
v -0.651128 0.770836 -1.956940
v -0.653455 0.787613 -1.937567
v -0.684801 0.787613 -1.937567
v -0.653455 0.789896 -1.942125
v -0.684801 0.789896 -1.942125
v -0.687127 0.775674 -1.958548
v -0.651128 0.775674 -1.958548
v -0.653455 0.790261 -1.947209
v -0.684801 0.790261 -1.947209
v -0.653455 0.788653 -1.952046
v -0.684801 0.788653 -1.952046
v -0.651128 0.785316 -1.955900
v -0.687127 0.780758 -1.958183
v -0.651128 0.780758 -1.958183
v -0.684801 0.785316 -1.955900
v -0.651128 0.763290 -1.912511
v -0.687127 0.763290 -1.912511
v -0.651128 0.768128 -1.914119
v -0.687127 0.768128 -1.914119
v -0.651128 0.787613 -1.937567
v -0.687127 0.787613 -1.937567
v -0.651128 0.789896 -1.942125
v -0.687127 0.789896 -1.942125
v -0.690921 0.777298 -1.945585
v -0.647335 0.777298 -1.945585
v -0.651128 0.790261 -1.947209
v -0.687127 0.790261 -1.947209
v -0.651128 0.788653 -1.952046
v -0.687127 0.788653 -1.952046
v -0.648473 0.780321 -1.949474
v -0.687127 0.785316 -1.955900
v -0.689782 0.782048 -1.944280
v -0.689782 0.782186 -1.946197
v -0.648473 0.782186 -1.946197
v -0.648473 0.782048 -1.944280
v -0.648473 0.781187 -1.942562
v -0.689782 0.781187 -1.942562
v -0.689782 0.779734 -1.941303
v -0.648473 0.779734 -1.941303
v -0.648473 0.777911 -1.940697
v -0.689782 0.777911 -1.940697
v -0.689782 0.775993 -1.940835
v -0.648473 0.775993 -1.940835
v -0.648473 0.774275 -1.941695
v -0.689782 0.774275 -1.941695
v -0.689782 0.773017 -1.943148
v -0.648473 0.773017 -1.943148
v -0.648473 0.772410 -1.944972
v -0.689782 0.772410 -1.944972
v -0.689782 0.772548 -1.946890
v -0.648473 0.772548 -1.946890
v -0.648473 0.773409 -1.948608
v -0.689782 0.773409 -1.948608
v -0.689782 0.774862 -1.949866
v -0.648473 0.774862 -1.949866
v -0.689782 0.776686 -1.950473
v -0.648473 0.776686 -1.950473
v -0.648473 0.778603 -1.950335
v -0.689782 0.778603 -1.950335
v -0.689782 0.780321 -1.949474
v -0.648473 0.781579 -1.948021
v -0.689782 0.781579 -1.948021
v -0.689782 0.784116 -1.943712
v -0.689782 0.784314 -1.946464
v -0.648473 0.784314 -1.946464
v -0.648473 0.784116 -1.943712
v -0.648473 0.782880 -1.941246
v -0.689782 0.782880 -1.941246
v -0.689782 0.780795 -1.939440
v -0.648473 0.780795 -1.939440
v -0.648473 0.778177 -1.938569
v -0.689782 0.778177 -1.938569
v -0.689782 0.775426 -1.938767
v -0.648473 0.775426 -1.938767
v -0.648473 0.772959 -1.940002
v -0.689782 0.772959 -1.940002
v -0.689782 0.771153 -1.942088
v -0.648473 0.771153 -1.942088
v -0.648473 0.770282 -1.944706
v -0.689782 0.770282 -1.944706
v -0.689782 0.770480 -1.947457
v -0.648473 0.770480 -1.947457
v -0.648473 0.771716 -1.949924
v -0.689782 0.771716 -1.949924
v -0.689782 0.773801 -1.951730
v -0.648473 0.773801 -1.951730
v -0.689782 0.776419 -1.952600
v -0.648473 0.776419 -1.952600
v -0.648473 0.779171 -1.952403
v -0.689782 0.779171 -1.952403
v -0.689782 0.781637 -1.951167
v -0.648473 0.783443 -1.949082
v -0.689782 0.783443 -1.949082
v -0.648473 0.781637 -1.951167
v -0.690920 0.781237 -1.944503
v -0.690920 0.781351 -1.946093
v -0.647335 0.781351 -1.946093
v -0.647335 0.781237 -1.944503
v -0.647335 0.780523 -1.943078
v -0.690920 0.780523 -1.943078
v -0.690920 0.779318 -1.942035
v -0.647335 0.779318 -1.942035
v -0.647335 0.777806 -1.941532
v -0.690920 0.777806 -1.941532
v -0.690920 0.776216 -1.941646
v -0.647335 0.776216 -1.941646
v -0.647335 0.774791 -1.942360
v -0.690920 0.774791 -1.942360
v -0.690920 0.773748 -1.943565
v -0.647335 0.773748 -1.943565
v -0.647335 0.773245 -1.945077
v -0.690920 0.773245 -1.945077
v -0.690920 0.773359 -1.946667
v -0.647335 0.773359 -1.946667
v -0.647335 0.774073 -1.948092
v -0.690920 0.774073 -1.948092
v -0.690920 0.775278 -1.949135
v -0.647335 0.775278 -1.949135
v -0.690920 0.776790 -1.949638
v -0.647335 0.776790 -1.949638
v -0.647335 0.778380 -1.949524
v -0.690920 0.778380 -1.949524
v -0.690920 0.779805 -1.948810
v -0.647335 0.780848 -1.947605
v -0.690920 0.780848 -1.947605
v -0.647335 0.779805 -1.948810
v -0.681149 0.715129 -1.881706
v -0.681149 0.730735 -1.869577
v -0.684801 0.751885 -1.934944
v -0.684801 0.773257 -1.918332
v -0.657106 0.715129 -1.881706
v -0.657106 0.730735 -1.869577
v -0.653455 0.751885 -1.934944
v -0.653455 0.773257 -1.918332
v -0.684801 0.742225 -1.922516
v -0.684801 0.763597 -1.905904
v -0.653455 0.763597 -1.905904
v -0.653455 0.742225 -1.922516
v -0.661350 0.752239 -1.932120
v -0.676905 0.752239 -1.932120
v -0.676905 0.770433 -1.917978
v -0.661350 0.770433 -1.917978
v -0.676905 0.743879 -1.921370
v -0.661350 0.743879 -1.921370
v -0.661350 0.762078 -1.907225
v -0.676905 0.762078 -1.907225
v -0.674720 0.716602 -1.880562
v -0.663535 0.716602 -1.880562
v -0.663535 0.729263 -1.870721
v -0.674720 0.729263 -1.870721
v -0.676322 0.730735 -1.869577
v -0.678508 0.763597 -1.905904
v -0.661933 0.730735 -1.869577
v -0.659747 0.763597 -1.905904
v -0.661933 0.715129 -1.881706
v -0.659747 0.742225 -1.922516
v -0.676322 0.715129 -1.881706
v -0.678508 0.742225 -1.922516
v -0.659747 0.773257 -1.918332
v -0.678508 0.773257 -1.918332
v -0.678508 0.751885 -1.934944
v -0.659747 0.751885 -1.934944
v -0.669128 0.728897 -1.871005
v -0.674470 0.727150 -1.872363
v -0.676683 0.722932 -1.875642
v -0.674470 0.718714 -1.878920
v -0.669128 0.716967 -1.880278
v -0.663785 0.718714 -1.878920
v -0.661573 0.722932 -1.875642
v -0.663785 0.727150 -1.872363
v -0.669128 0.727136 -1.868739
v -0.674470 0.725389 -1.870097
v -0.676683 0.721171 -1.873376
v -0.674470 0.716953 -1.876654
v -0.669128 0.715206 -1.878012
v -0.663785 0.716953 -1.876654
v -0.661573 0.721171 -1.873376
v -0.663785 0.725389 -1.870097
v -0.655617 0.782524 -1.952308
v -0.660645 0.789865 -1.961753
v -0.677610 0.789865 -1.961753
v -0.655617 0.779553 -1.953797
v -0.660645 0.782721 -1.965331
v -0.677610 0.782721 -1.965331
v -0.682638 0.779553 -1.953797
v -0.655617 0.776239 -1.954035
v -0.660645 0.774752 -1.965904
v -0.677610 0.774752 -1.965904
v -0.682638 0.776239 -1.954035
v -0.655617 0.773086 -1.952986
v -0.660645 0.767170 -1.963383
v -0.677610 0.767170 -1.963383
v -0.682638 0.773086 -1.952986
v -0.655617 0.770574 -1.950811
v -0.660645 0.761130 -1.958152
v -0.677610 0.761130 -1.958152
v -0.682638 0.770574 -1.950811
v -0.655617 0.769086 -1.947840
v -0.660645 0.757551 -1.951008
v -0.677610 0.757551 -1.951008
v -0.682638 0.769086 -1.947840
v -0.655617 0.768848 -1.944526
v -0.660645 0.756979 -1.943039
v -0.677610 0.756979 -1.943039
v -0.682638 0.768848 -1.944526
v -0.655617 0.769897 -1.941373
v -0.660645 0.759500 -1.935457
v -0.677610 0.759500 -1.935457
v -0.682638 0.769897 -1.941373
v -0.655617 0.772072 -1.938861
v -0.660645 0.764731 -1.929417
v -0.677610 0.764731 -1.929417
v -0.682638 0.772072 -1.938861
v -0.655617 0.775043 -1.937373
v -0.660645 0.771875 -1.925838
v -0.677610 0.771875 -1.925838
v -0.682638 0.775043 -1.937373
v -0.655617 0.778357 -1.937135
v -0.660645 0.779844 -1.925266
v -0.677610 0.779844 -1.925266
v -0.682638 0.778357 -1.937135
v -0.655617 0.781510 -1.938184
v -0.660645 0.787426 -1.927787
v -0.677610 0.787426 -1.927787
v -0.682638 0.781510 -1.938184
v -0.655617 0.784022 -1.940359
v -0.660645 0.793466 -1.933018
v -0.677610 0.793466 -1.933018
v -0.682638 0.784022 -1.940359
v -0.655617 0.785510 -1.943330
v -0.660645 0.797045 -1.940162
v -0.677610 0.797045 -1.940162
v -0.682638 0.785510 -1.943330
v -0.655617 0.785748 -1.946644
v -0.660645 0.797617 -1.948131
v -0.677610 0.797617 -1.948131
v -0.682638 0.785748 -1.946644
v -0.655617 0.784699 -1.949797
v -0.660645 0.795096 -1.955713
v -0.677610 0.795096 -1.955713
v -0.682638 0.784699 -1.949797
v -0.682638 0.782524 -1.952308
v -0.653455 0.781449 -1.960698
v -0.653455 0.786916 -1.957959
v -0.684801 0.781449 -1.960698
v -0.684801 0.775349 -1.961136
v -0.653455 0.775349 -1.961136
v -0.684801 0.769546 -1.959207
v -0.653455 0.769546 -1.959207
v -0.684801 0.764924 -1.955203
v -0.653455 0.764924 -1.955203
v -0.684801 0.762185 -1.949736
v -0.653455 0.762185 -1.949736
v -0.653455 0.761747 -1.943636
v -0.684801 0.761747 -1.943636
v -0.684801 0.763676 -1.937833
v -0.653455 0.763676 -1.937833
v -0.653455 0.767680 -1.933210
v -0.684801 0.767680 -1.933210
v -0.684801 0.773147 -1.930472
v -0.653455 0.773147 -1.930472
v -0.653455 0.779247 -1.930034
v -0.684801 0.779247 -1.930034
v -0.684801 0.785050 -1.931963
v -0.653455 0.785050 -1.931963
v -0.653455 0.789672 -1.935966
v -0.684801 0.789672 -1.935966
v -0.684801 0.792411 -1.941434
v -0.653455 0.792411 -1.941434
v -0.684801 0.792849 -1.947534
v -0.653455 0.792849 -1.947534
v -0.684801 0.790920 -1.953337
v -0.653455 0.790920 -1.953337
v -0.684801 0.786916 -1.957959
v -0.653455 0.780005 -1.955441
v -0.653455 0.783571 -1.953655
v -0.684801 0.780005 -1.955441
v -0.684801 0.776027 -1.955726
v -0.653455 0.776027 -1.955726
v -0.684801 0.772243 -1.954468
v -0.653455 0.772243 -1.954468
v -0.684801 0.769228 -1.951857
v -0.653455 0.769228 -1.951857
v -0.684801 0.767442 -1.948292
v -0.653455 0.767442 -1.948292
v -0.653455 0.767157 -1.944314
v -0.684801 0.767157 -1.944314
v -0.684801 0.768415 -1.940530
v -0.653455 0.768415 -1.940530
v -0.653455 0.771026 -1.937515
v -0.684801 0.771026 -1.937515
v -0.684801 0.774591 -1.935729
v -0.653455 0.774591 -1.935729
v -0.653455 0.778569 -1.935443
v -0.684801 0.778569 -1.935443
v -0.684801 0.782353 -1.936702
v -0.653455 0.782353 -1.936702
v -0.653455 0.785368 -1.939312
v -0.684801 0.785368 -1.939312
v -0.684801 0.787154 -1.942878
v -0.653455 0.787154 -1.942878
v -0.684801 0.787439 -1.946856
v -0.653455 0.787439 -1.946856
v -0.684801 0.786181 -1.950640
v -0.653455 0.786181 -1.950640
v -0.684801 0.783571 -1.953655
v -0.671981 0.783018 -1.966411
v -0.666274 0.783018 -1.966411
v -0.667351 0.774894 -1.964772
v -0.671981 0.774613 -1.967015
v -0.666274 0.766616 -1.964356
v -0.671981 0.766616 -1.964356
v -0.666274 0.760246 -1.958839
v -0.671981 0.760246 -1.958839
v -0.667351 0.758651 -1.950706
v -0.671981 0.756472 -1.951305
v -0.667351 0.758111 -1.943180
v -0.671981 0.755868 -1.942899
v -0.666274 0.758527 -1.934903
v -0.671981 0.758527 -1.934903
v -0.666274 0.764044 -1.928533
v -0.671981 0.764044 -1.928533
v -0.667351 0.772177 -1.926938
v -0.671981 0.771578 -1.924759
v -0.666274 0.779984 -1.924155
v -0.671981 0.779984 -1.924155
v -0.666274 0.787980 -1.926814
v -0.671981 0.787980 -1.926814
v -0.667351 0.792566 -1.933718
v -0.671981 0.794350 -1.932331
v -0.667351 0.795945 -1.940464
v -0.671981 0.798124 -1.939865
v -0.666274 0.798728 -1.948270
v -0.671981 0.798728 -1.948270
v -0.666274 0.796069 -1.956267
v -0.671981 0.796069 -1.956267
v -0.667351 0.789165 -1.960852
v -0.671981 0.790552 -1.962637
v -0.667351 0.782419 -1.964232
v -0.666274 0.774613 -1.967015
v -0.670904 0.774894 -1.964772
v -0.670904 0.782419 -1.964232
v -0.670904 0.767734 -1.962391
v -0.667351 0.767734 -1.962391
v -0.670904 0.762030 -1.957452
v -0.667351 0.762030 -1.957452
v -0.666274 0.756472 -1.951305
v -0.670904 0.758651 -1.950706
v -0.666274 0.755868 -1.942899
v -0.670904 0.758111 -1.943180
v -0.670904 0.760492 -1.936021
v -0.667351 0.760492 -1.936021
v -0.670904 0.765431 -1.930317
v -0.667351 0.765431 -1.930317
v -0.666274 0.771578 -1.924759
v -0.670904 0.772177 -1.926938
v -0.670904 0.779702 -1.926398
v -0.667351 0.779702 -1.926398
v -0.670904 0.786862 -1.928778
v -0.667351 0.786862 -1.928778
v -0.666274 0.794350 -1.932331
v -0.670904 0.792566 -1.933718
v -0.666274 0.798124 -1.939865
v -0.670904 0.795945 -1.940464
v -0.670904 0.796485 -1.947989
v -0.667351 0.796485 -1.947989
v -0.670904 0.794105 -1.955149
v -0.667351 0.794105 -1.955149
v -0.666274 0.790552 -1.962637
v -0.670904 0.789165 -1.960852
v -0.665718 0.688914 -1.867936
v -0.672537 0.688914 -1.867936
v -0.663157 0.702057 -1.880680
v -0.675099 0.702057 -1.880680
v -0.665718 0.723859 -1.840773
v -0.672537 0.723859 -1.840773
v -0.663157 0.732966 -1.856654
v -0.675099 0.732966 -1.856654
v -0.663157 0.727670 -1.868325
v -0.663157 0.714673 -1.878427
v -0.675099 0.714673 -1.878427
v -0.675099 0.727670 -1.868325
v -0.664809 0.695282 -1.858282
v -0.664809 0.712932 -1.844563
v -0.673446 0.712932 -1.844563
v -0.673446 0.695282 -1.858282
v -0.660295 0.723337 -1.871692
v -0.660295 0.719005 -1.875059
v -0.680449 0.719005 -1.875059
v -0.680449 0.723337 -1.871692
v -0.665718 0.702381 -1.862394
v -0.665718 0.715165 -1.852457
v -0.672537 0.715165 -1.852457
v -0.672537 0.702381 -1.862394
v -0.663157 0.690007 -1.876214
v -0.675099 0.690007 -1.876214
v -0.663157 0.731612 -1.843875
v -0.675099 0.731612 -1.843875
v -0.675099 0.720301 -1.856444
v -0.675099 0.704978 -1.868354
v -0.663157 0.704978 -1.868354
v -0.663157 0.720301 -1.856444
v -0.660295 0.712075 -1.866943
v -0.660295 0.717182 -1.862973
v -0.680449 0.717182 -1.862973
v -0.680449 0.712075 -1.866943
v -0.663157 0.684612 -1.866576
v -0.675099 0.684612 -1.866576
v -0.675099 0.723603 -1.836269
v -0.663157 0.723603 -1.836269
v -0.663157 0.712932 -1.844563
v -0.675099 0.695282 -1.858282
v -0.663157 0.695282 -1.858282
v -0.663157 0.711027 -1.854254
v -0.675099 0.712932 -1.844563
v -0.675099 0.705144 -1.858827
v -0.663157 0.705144 -1.858827
v -0.675099 0.711027 -1.854254
v -0.664809 0.685917 -1.865562
v -0.673446 0.685917 -1.865562
v -0.673446 0.722298 -1.837283
v -0.664809 0.722298 -1.837283
v -0.665718 0.716308 -1.846643
v -0.672537 0.696465 -1.862067
v -0.665718 0.696465 -1.862067
v -0.664809 0.711346 -1.852633
v -0.672537 0.716308 -1.846643
v -0.673446 0.703494 -1.858736
v -0.664809 0.703494 -1.858736
v -0.673446 0.711346 -1.852633
v -0.665709 0.728941 -1.845390
v -0.672547 0.728941 -1.845390
v -0.671023 0.703703 -1.824843
v -0.667233 0.703703 -1.824843
v -0.667233 0.700569 -1.827278
v -0.671023 0.700569 -1.827278
v -0.665709 0.719612 -1.852641
v -0.672547 0.719612 -1.852641
v -0.665709 0.720409 -1.834413
v -0.672547 0.720409 -1.834413
v -0.665709 0.713184 -1.840029
v -0.672547 0.713184 -1.840029
v -0.665709 0.727017 -1.852541
v -0.672547 0.727017 -1.852541
v -0.665709 0.692134 -1.874000
v -0.672547 0.692134 -1.874000
v -0.671023 0.678449 -1.844472
v -0.667233 0.678449 -1.844472
v -0.667233 0.681583 -1.842036
v -0.671023 0.681583 -1.842036
v -0.665709 0.701463 -1.866748
v -0.672547 0.701463 -1.866748
v -0.665709 0.683602 -1.863023
v -0.672547 0.683602 -1.863023
v -0.665709 0.690826 -1.857407
v -0.672547 0.690826 -1.857407
v -0.665709 0.699539 -1.873900
v -0.672547 0.699539 -1.873900
vn 0.7071 -0.7071 -0.0000
vn -0.7071 -0.7071 -0.0000
vn 0.2588 0.9659 -0.0000
vn -0.7071 0.7071 -0.0000
vn 0.9659 -0.2588 -0.0000
vn -0.2588 -0.9659 -0.0000
vn -0.9659 0.2588 -0.0000
vn 0.9659 0.2588 -0.0000
vn 0.2588 -0.9659 -0.0000
vn -0.9659 -0.2588 -0.0000
vn 0.7071 0.7071 -0.0000
vn -0.2588 0.9659 -0.0000
vn -0.9122 0.4098 -0.0000
vn -0.3182 0.7013 0.6380
vn 0.3182 0.7013 0.6380
vn 0.9122 0.4098 -0.0000
vn 0.9587 0.2569 0.1223
vn -0.2569 0.9587 0.1223
vn -0.9587 -0.2569 0.1223
vn 0.9587 -0.2569 0.1223
vn 0.2569 0.9587 0.1223
vn -0.9587 0.2569 0.1223
vn 0.7018 -0.7018 0.1223
vn -0.2569 -0.9587 0.1223
vn 0.7018 0.7018 0.1223
vn -0.7018 0.7018 0.1223
vn -0.7018 -0.7018 0.1223
vn 0.2569 -0.9587 0.1223
vn -0.0000 -0.0000 1.0000
vn -0.1979 0.7384 -0.6447
vn -0.5406 0.5406 -0.6447
vn 0.1979 -0.7384 -0.6447
vn -0.7384 0.1979 -0.6447
vn 0.5406 -0.5406 -0.6447
vn -0.7384 -0.1979 -0.6447
vn 0.7384 -0.1979 -0.6447
vn -0.5406 -0.5406 -0.6447
vn 0.7384 0.1979 -0.6447
vn -0.1979 -0.7384 -0.6447
vn 0.5406 0.5406 -0.6447
vn 0.1979 0.7384 -0.6447
vn -0.1012 0.9949 -0.0000
vn 0.4482 0.6262 0.6380
vn 0.7664 0.0751 0.6380
vn 0.8110 -0.5851 -0.0000
vn 0.8110 0.5851 -0.0000
vn 0.7664 -0.0751 0.6380
vn 0.4482 -0.6262 0.6380
vn -0.1012 -0.9949 -0.0000
vn 0.9122 -0.4098 -0.0000
vn 0.3182 -0.7013 0.6380
vn -0.3182 -0.7013 0.6380
vn -0.9122 -0.4098 -0.0000
vn 0.1012 -0.9949 -0.0000
vn -0.4482 -0.6262 0.6380
vn -0.7664 -0.0751 0.6380
vn -0.8110 0.5851 -0.0000
vn -0.8110 -0.5851 -0.0000
vn -0.7664 0.0751 0.6380
vn -0.4482 0.6262 0.6380
vn 0.1012 0.9949 -0.0000
vn -1.0000 -0.0000 -0.0000
vn 1.0000 -0.0000 -0.0000
vn -0.0000 0.4135 0.9105
vn -0.0000 0.0336 0.9994
vn -0.0000 0.7308 0.6826
vn -0.0000 -0.3514 0.9362
vn -0.0000 0.9401 0.3408
vn -0.0000 -0.6829 0.7305
vn -0.0000 -0.9107 0.4131
vn -0.0000 -0.9998 0.0224
vn -0.7998 0.4386 0.4097
vn -0.0000 -0.1620 0.9868
vn -0.8131 0.5807 0.0404
vn 0.8442 -0.5359 0.0120
vn -0.9218 -0.3531 0.1601
vn -0.9218 -0.3876 0.0087
vn -0.9218 -0.2648 0.2832
vn -0.9218 -0.1362 0.3630
vn -0.9218 0.0130 0.3875
vn -0.9218 0.1603 0.3530
vn -0.9218 0.2833 0.2646
vn -0.9218 0.3645 0.1321
vn -0.9218 -0.2833 -0.2646
vn -0.9218 -0.1603 -0.3530
vn -0.9218 -0.0130 -0.3875
vn -0.9218 0.1362 -0.3630
vn -0.9218 0.2648 -0.2832
vn -0.9218 0.3531 -0.1601
vn -0.9218 -0.3645 -0.1321
vn -0.9218 0.3876 -0.0087
vn 0.7998 -0.5466 0.2479
vn 0.8213 -0.5047 -0.2659
vn -0.8442 0.5040 0.1827
vn -0.8213 0.5633 -0.0905
vn 0.8131 -0.5631 -0.1474
vn -0.0000 -0.9868 -0.1620
vn -0.0000 0.9868 0.1620
vn 0.8871 0.0748 -0.4555
vn -0.0000 -0.9998 0.0223
vn -0.0000 0.1620 -0.9868
vn -0.8871 0.0748 -0.4555
vn -0.8439 0.5363 -0.0130
vn -0.9999 -0.0033 -0.0145
vn -0.9999 -0.0077 0.0127
vn -0.8439 0.5039 0.1838
vn -0.4229 0.5643 -0.7091
vn -0.6399 -0.7683 0.0157
vn -0.6399 -0.7229 -0.2605
vn -0.6313 -0.2997 0.7153
vn -0.6313 -0.0553 -0.7736
vn -0.1404 0.9309 0.3371
vn -0.1404 0.9899 -0.0217
vn -0.4229 0.3079 0.8523
vn -0.2271 -0.7055 -0.6714
vn -0.5482 0.8311 -0.0937
vn -0.9239 0.0620 -0.3776
vn -0.3827 0.1497 -0.9117
vn -0.9239 -0.0620 0.3776
vn -0.3827 -0.1497 0.9117
vn -0.2271 0.8831 -0.4106
vn -0.5482 -0.8311 0.0937
vn -0.2271 0.7055 0.6714
vn -0.5482 -0.7575 -0.3545
vn -0.5482 0.7575 0.3545
vn -0.2271 -0.8831 0.4106
vn -0.3172 0.9055 0.2818
vn -0.3172 -0.9481 -0.0225
vn -0.1314 0.9782 -0.1609
vn 0.5135 0.1390 -0.8467
vn -0.1314 -0.8754 -0.4652
vn 0.5135 -0.1390 0.8467
vn -0.1314 0.8754 0.4652
vn -0.1314 -0.9782 0.1609
vn -0.3172 0.9481 0.0225
vn -0.3172 -0.9055 -0.2818
vn 0.7998 0.4386 0.4097
vn 0.8131 0.5807 0.0404
vn -0.8442 -0.5359 0.0120
vn 0.9218 -0.3531 0.1601
vn 0.9218 -0.3876 0.0087
vn 0.9218 -0.2648 0.2832
vn 0.9218 -0.1362 0.3630
vn 0.9218 0.0130 0.3875
vn 0.9218 0.1603 0.3530
vn 0.9218 0.2833 0.2646
vn 0.9218 0.3645 0.1321
vn 0.9218 -0.2833 -0.2646
vn 0.9218 -0.1603 -0.3530
vn 0.9218 -0.0130 -0.3875
vn 0.9218 0.1362 -0.3630
vn 0.9218 0.2648 -0.2832
vn 0.9218 0.3531 -0.1601
vn 0.9218 -0.3645 -0.1321
vn 0.9218 0.3876 -0.0087
vn -0.7998 -0.5466 0.2479
vn -0.8213 -0.5047 -0.2659
vn 0.8442 0.5040 0.1827
vn 0.8213 0.5633 -0.0905
vn -0.8131 -0.5631 -0.1474
vn 0.8439 0.5363 -0.0130
vn 0.9999 -0.0033 -0.0145
vn 0.9999 -0.0077 0.0127
vn 0.8439 0.5039 0.1838
vn 0.4229 0.5643 -0.7091
vn 0.6399 -0.7683 0.0157
vn 0.6399 -0.7229 -0.2605
vn 0.6313 -0.2997 0.7153
vn 0.6313 -0.0553 -0.7736
vn 0.1404 0.9309 0.3371
vn 0.1404 0.9899 -0.0217
vn 0.4229 0.3079 0.8523
vn 0.2271 -0.7055 -0.6714
vn 0.5482 0.8311 -0.0937
vn 0.9239 0.0620 -0.3776
vn 0.3827 0.1497 -0.9117
vn 0.9239 -0.0620 0.3776
vn 0.3827 -0.1497 0.9117
vn 0.2271 0.8831 -0.4106
vn 0.5482 -0.8311 0.0937
vn 0.2271 0.7055 0.6714
vn 0.5482 -0.7575 -0.3545
vn 0.5482 0.7575 0.3545
vn 0.2271 -0.8831 0.4106
vn 0.3172 0.9055 0.2818
vn 0.3172 -0.9481 -0.0225
vn 0.1314 0.9782 -0.1609
vn -0.5135 0.1390 -0.8467
vn 0.1314 -0.8754 -0.4652
vn -0.5135 -0.1390 0.8467
vn 0.1314 0.8754 0.4652
vn 0.1314 -0.9782 0.1609
vn 0.3172 0.9481 0.0225
vn 0.3172 -0.9055 -0.2818
vn 0.8264 -0.5522 0.1098
vn -0.8264 -0.5522 0.1098
vn -0.0000 -0.9808 0.1951
vn 0.8264 -0.4681 0.3128
vn -0.8264 -0.4681 0.3128
vn -0.0000 -0.8315 0.5556
vn -0.8264 -0.3128 0.4681
vn -0.0000 -0.5556 0.8315
vn 0.8264 -0.3128 0.4681
vn -0.0000 -0.1951 0.9808
vn 0.8264 -0.1098 0.5522
vn -0.8264 -0.1098 0.5522
vn 0.8264 0.1098 0.5522
vn -0.8264 0.1098 0.5522
vn -0.0000 0.1951 0.9808
vn 0.8264 0.3128 0.4681
vn -0.8264 0.3128 0.4681
vn -0.0000 0.5556 0.8315
vn -0.8264 0.4681 0.3128
vn -0.0000 0.8315 0.5556
vn 0.8264 0.4681 0.3128
vn 0.8264 0.5522 0.1098
vn -0.8264 0.5522 0.1098
vn -0.0000 0.9808 0.1951
vn 0.8315 0.5556 -0.0000
vn -0.0000 -1.0000 -0.0000
vn -0.8315 -0.5556 -0.0000
vn -0.8315 0.5556 -0.0000
vn -0.0000 1.0000 -0.0000
vn 0.8315 -0.5556 -0.0000
vn -0.9996 -0.0220 0.0151
vn -0.9996 0.0220 0.0151
vn -0.9980 -0.0631 0.0005
vn -0.9980 0.0631 0.0005
vn -0.9764 -0.2024 0.0753
vn -0.9764 0.2024 0.0753
vn 0.7526 -0.0000 0.6585
vn -0.7015 -0.1568 0.6952
vn -0.7015 0.1568 0.6952
vn -0.7673 0.6336 -0.0996
vn 0.7526 0.6458 -0.1285
vn 0.7526 0.5475 -0.3658
vn -0.7525 0.5476 -0.3660
vn -0.7526 0.3658 -0.5475
vn 0.7526 0.3658 -0.5475
vn 0.7526 0.1285 -0.6458
vn -0.7526 0.1285 -0.6458
vn -0.7526 -0.1285 -0.6458
vn 0.7526 -0.1285 -0.6458
vn 0.7526 -0.3658 -0.5475
vn -0.7526 -0.3658 -0.5475
vn -0.7525 -0.5476 -0.3660
vn 0.7526 -0.5475 -0.3658
vn 0.7526 -0.6458 -0.1285
vn -0.7673 -0.6336 -0.0996
vn -0.7970 0.6040 0.0013
vn -0.7970 -0.6040 0.0013
vn 0.7526 -0.6585 -0.0000
vn 0.7526 0.6585 -0.0000
vn -0.0159 0.0020 0.9999
vn -0.0162 -0.9999 -0.0000
vn -0.0162 -0.9807 -0.1949
vn -0.0162 -0.8314 -0.5555
vn -0.0162 -0.5555 -0.8314
vn -0.0162 -0.1951 -0.9807
vn -0.0162 0.1951 -0.9807
vn -0.0162 0.5555 -0.8314
vn -0.0162 0.8314 -0.5555
vn -0.0162 0.9807 -0.1949
vn -0.0162 0.9999 -0.0000
vn -0.0159 -0.0020 0.9999
vn -0.8837 0.4681 -0.0000
vn -0.8837 -0.4681 -0.0000
vn 0.8837 0.4681 -0.0000
vn 0.8837 -0.4681 -0.0000
vn 0.8837 0.4591 0.0913
vn 0.8837 0.3892 0.2601
vn 0.8837 0.2601 0.3892
vn 0.8837 0.0913 0.4591
vn 0.8837 -0.0913 0.4591
vn 0.8837 -0.2601 0.3892
vn 0.8837 -0.3892 0.2601
vn 0.8837 -0.4591 0.0913
vn -0.8837 0.4591 0.0913
vn -0.8837 0.3892 0.2601
vn -0.8837 0.2601 0.3892
vn -0.8837 0.0913 0.4591
vn -0.8837 -0.0913 0.4591
vn -0.8837 -0.2601 0.3892
vn -0.8837 -0.3892 0.2601
vn -0.8837 -0.4591 0.0913
vn -0.0000 0.8941 0.4479
vn -0.0000 -0.9974 -0.0716
vn -0.0000 -0.4479 0.8941
vn -0.0000 -0.0716 0.9974
vn -0.0000 -0.8091 -0.5876
vn -0.0000 0.4479 -0.8941
vn -0.0000 0.0716 -0.9974
vn -0.0000 -0.7559 0.6546
vn -0.0000 0.7691 0.6391
vn -0.0000 0.3155 0.9489
vn -0.0000 -0.3155 -0.9489
vn -0.0000 -0.6546 -0.7559
vn -0.0000 0.7559 -0.6546
vn -0.0000 0.9974 0.0716
vn -0.0000 -0.9489 0.3155
vn -0.0000 0.9489 -0.3155
vn 0.9114 0.1844 -0.3680
vn -0.9114 0.1844 -0.3680
vn -0.9114 0.0295 -0.4106
vn 0.9114 0.0295 -0.4106
vn 0.9114 -0.1299 -0.3906
vn -0.9114 -0.1299 -0.3906
vn 0.9114 -0.2695 -0.3112
vn -0.9114 -0.2695 -0.3112
vn -0.9237 -0.3131 -0.2209
vn 0.9237 -0.3131 -0.2209
vn 0.9913 -0.1311 -0.0094
vn -0.9913 -0.1311 -0.0094
vn 0.9952 -0.0927 0.0308
vn -0.9952 -0.0927 0.0308
vn 0.9963 -0.0648 0.0561
vn -0.9963 -0.0648 0.0561
vn -0.9963 -0.0384 0.0766
vn 0.9963 -0.0384 0.0766
vn 0.9952 -0.0070 0.0974
vn -0.9952 -0.0070 0.0974
vn 0.9913 0.0415 0.1247
vn -0.9913 0.0415 0.1247
vn 0.9237 0.2914 0.2489
vn -0.9237 0.2914 0.2489
vn -0.9114 0.3680 0.1844
vn 0.9114 0.3680 0.1844
vn 0.9114 0.4106 0.0295
vn -0.9114 0.4106 0.0295
vn 0.9114 0.3906 -0.1299
vn -0.9114 0.3906 -0.1299
vn -0.9114 0.3112 -0.2695
vn 0.9114 0.3112 -0.2695
vn -0.5869 0.8075 0.0580
vn 0.5870 0.8075 0.0580
vn 0.5869 0.7239 0.3626
vn -0.5869 0.7239 0.3626
vn -0.5869 0.5300 0.6120
vn 0.5869 0.5300 0.6120
vn 0.5869 0.2555 0.7683
vn -0.5869 0.2555 0.7683
vn -0.5869 -0.0580 0.8076
vn 0.5869 -0.0580 0.8076
vn 0.5870 -0.3626 0.7239
vn -0.5870 -0.3626 0.7239
vn -0.5869 -0.6120 0.5300
vn 0.5870 -0.6120 0.5300
vn 0.5869 -0.7683 0.2555
vn -0.5869 -0.7683 0.2555
vn -0.5869 -0.8076 -0.0580
vn 0.5870 -0.8075 -0.0580
vn 0.5869 -0.7239 -0.3626
vn -0.5869 -0.7239 -0.3626
vn -0.5869 -0.5300 -0.6120
vn 0.5869 -0.5300 -0.6120
vn -0.5869 -0.2555 -0.7683
vn 0.5869 -0.2555 -0.7683
vn 0.5869 0.0580 -0.8075
vn -0.5869 0.0580 -0.8075
vn -0.5869 0.3626 -0.7239
vn 0.5869 0.7683 -0.2555
vn -0.5869 0.7683 -0.2555
vn 0.5869 0.6120 -0.5300
vn 0.5869 0.3626 -0.7239
vn -0.5869 0.6120 -0.5300
vn -0.0000 0.6137 -0.7895
vn -0.0000 -0.6137 0.7895
vn -0.0000 -0.7895 -0.6137
vn -0.0000 0.7895 0.6137
vn -0.9972 -0.0457 0.0589
vn 0.9972 -0.0457 0.0589
vn -0.0000 -0.8331 -0.5531
vn -0.0000 0.7416 0.6708
vn -0.0000 0.7437 0.6685
vn -0.0000 -0.8314 -0.5557
vn -0.0000 0.7897 0.6135
vn -0.0000 -0.7894 -0.6139
vn 0.7706 0.4956 0.4007
vn -0.7706 0.4956 0.4007
vn -0.7706 -0.5106 -0.3814
vn 0.7706 -0.5106 -0.3814
vn -0.7821 0.4921 0.3824
vn 0.7821 0.4921 0.3824
vn 0.7821 -0.4920 -0.3825
vn -0.7821 -0.4920 -0.3825
vn 0.7822 0.3823 -0.4919
vn -0.7822 0.3823 -0.4919
vn 0.3827 -0.7294 -0.5670
vn -0.3827 -0.7294 -0.5670
vn -0.9239 0.3021 0.2349
vn 0.3827 0.7294 0.5670
vn 0.9239 -0.3021 -0.2349
vn -0.9239 -0.3021 -0.2349
vn -0.3827 0.7294 0.5670
vn 0.9239 0.3021 0.2349
vn 0.1915 -0.3097 -0.9314
vn -0.1915 0.0703 -0.9790
vn 0.5481 0.3746 -0.7478
vn -0.5481 0.3746 -0.7478
vn 0.1915 0.4396 -0.8776
vn 0.5481 0.0599 -0.8342
vn -0.5481 0.0599 -0.8342
vn -0.1915 0.4396 -0.8776
vn -0.5481 -0.2639 -0.7937
vn -0.1915 -0.3097 -0.9314
vn 0.1915 -0.6425 -0.7419
vn 0.5481 -0.2639 -0.7937
vn -0.5481 -0.5475 -0.6323
vn -0.1915 -0.6425 -0.7419
vn 0.1915 -0.8776 -0.4396
vn 0.5481 -0.5475 -0.6323
vn 0.1915 -0.9790 -0.0703
vn 0.5481 -0.7478 -0.3746
vn -0.5481 -0.7478 -0.3746
vn -0.1915 -0.8776 -0.4396
vn 0.1915 -0.9314 0.3097
vn 0.5481 -0.8342 -0.0599
vn -0.5481 -0.8342 -0.0599
vn -0.1915 -0.9790 -0.0703
vn -0.5481 -0.7937 0.2639
vn -0.1915 -0.9314 0.3097
vn 0.1915 -0.7420 0.6425
vn 0.5481 -0.7937 0.2639
vn -0.1915 -0.7420 0.6425
vn 0.1915 -0.4396 0.8776
vn 0.5481 -0.6323 0.5475
vn -0.5481 -0.6323 0.5475
vn 0.1915 -0.0703 0.9790
vn 0.5481 -0.3746 0.7478
vn -0.5481 -0.3746 0.7478
vn -0.1915 -0.4396 0.8776
vn 0.5481 -0.0599 0.8342
vn -0.5481 -0.0599 0.8342
vn -0.1915 -0.0703 0.9790
vn 0.1915 0.3097 0.9314
vn -0.5481 0.2639 0.7937
vn -0.1915 0.3097 0.9314
vn 0.1915 0.6425 0.7419
vn 0.5481 0.2639 0.7937
vn 0.1915 0.8776 0.4396
vn 0.5481 0.5475 0.6323
vn -0.5481 0.5475 0.6323
vn -0.1915 0.6425 0.7419
vn 0.1915 0.9790 0.0703
vn 0.5481 0.7478 0.3746
vn -0.5481 0.7478 0.3746
vn -0.1915 0.8776 0.4396
vn -0.5481 0.8342 0.0599
vn -0.1915 0.9790 0.0703
vn 0.1915 0.9314 -0.3097
vn 0.5481 0.8342 0.0599
vn -0.5481 0.7937 -0.2639
vn -0.1915 0.9314 -0.3097
vn 0.1915 0.7419 -0.6425
vn 0.5481 0.7937 -0.2639
vn 0.5481 0.6323 -0.5475
vn -0.5481 0.6323 -0.5475
vn -0.1915 0.7419 -0.6425
vn 0.6117 -0.3543 0.7073
vn -0.6117 -0.0567 0.7891
vn 0.6117 -0.0567 0.7891
vn -0.6117 0.2496 0.7507
vn 0.6117 0.2496 0.7507
vn -0.6117 0.5179 0.5980
vn 0.6117 0.5179 0.5980
vn -0.6117 0.7073 0.3543
vn 0.6117 0.7073 0.3543
vn 0.6117 0.7891 0.0567
vn -0.6117 0.7891 0.0567
vn -0.6117 0.7507 -0.2496
vn 0.6117 0.7507 -0.2496
vn 0.6117 0.5980 -0.5179
vn -0.6117 0.5980 -0.5179
vn -0.6117 0.3543 -0.7073
vn 0.6117 0.3543 -0.7073
vn 0.6117 0.0567 -0.7891
vn -0.6117 0.0567 -0.7891
vn -0.6117 -0.2496 -0.7507
vn 0.6117 -0.2496 -0.7507
vn 0.6117 -0.5179 -0.5980
vn -0.6117 -0.5179 -0.5980
vn -0.6117 -0.7073 -0.3543
vn 0.6117 -0.7073 -0.3543
vn -0.6117 -0.7891 -0.0567
vn 0.6117 -0.7891 -0.0567
vn -0.6117 -0.7507 0.2496
vn 0.6117 -0.7507 0.2496
vn -0.6117 -0.5980 0.5179
vn -0.6117 -0.3543 0.7073
vn 0.6117 -0.5980 0.5179
vn -0.0000 -0.8941 -0.4479
vn -0.0000 0.6546 0.7559
vn 0.1915 0.0703 -0.9790
vn -0.8995 0.0313 -0.4358
vn 0.8995 0.0313 -0.4358
vn 0.8995 -0.1379 -0.4146
vn -0.8995 -0.1379 -0.4146
vn 0.8995 -0.2860 -0.3303
vn -0.8995 -0.2860 -0.3303
vn -0.8995 -0.3907 -0.1957
vn 0.8995 -0.3907 -0.1957
vn -0.8995 -0.4358 -0.0313
vn 0.8995 -0.4358 -0.0313
vn 0.8995 -0.4146 0.1379
vn -0.8995 -0.4146 0.1379
vn 0.8995 -0.3303 0.2860
vn -0.8995 -0.3303 0.2860
vn -0.8995 -0.1957 0.3907
vn 0.8995 -0.1957 0.3907
vn 0.8995 -0.0313 0.4358
vn -0.8995 -0.0313 0.4358
vn 0.8995 0.1379 0.4146
vn -0.8995 0.1379 0.4146
vn -0.8995 0.2860 0.3303
vn 0.8995 0.2860 0.3303
vn -0.8995 0.3907 0.1957
vn 0.8995 0.3907 0.1957
vn 0.8995 0.4358 0.0313
vn -0.8995 0.4358 0.0313
vn 0.8995 0.4146 -0.1379
vn -0.8995 0.4146 -0.1379
vn -0.8995 0.3303 -0.2860
vn 0.8995 0.3303 -0.2860
vn 0.8995 0.1957 -0.3907
vn -0.8995 0.1957 -0.3907
vn -0.0000 -0.3475 -0.9377
vn -0.0000 0.9106 -0.4133
vn -0.0000 0.6886 0.7251
vn -0.9536 -0.3011 0.0053
vn 0.9860 0.0383 0.1621
vn -0.0000 0.0552 0.9985
vn -0.0000 0.1758 -0.9844
vn -0.0000 -0.9812 0.1929
vn 0.9860 -0.1666 0.0029
vn 0.9658 -0.1591 0.2047
vn -0.9536 0.0692 0.2931
vn -0.8938 -0.2753 0.3541
vn -0.7367 0.5652 0.3711
vn 0.8977 -0.3253 -0.2973
vn 0.8977 0.3684 0.2418
vn -0.7368 -0.4991 -0.4562
vn -0.0000 0.9944 0.1054
vn -0.0000 -0.8726 -0.4884
vn -0.0000 0.6210 0.7838
vn -0.0000 -0.9128 -0.4083
vn -0.9713 -0.1459 0.1878
vn 0.9713 -0.1459 0.1878
vn -0.9713 -0.2333 0.0459
vn 0.9713 0.0131 0.2374
vn -0.9713 0.0131 0.2374
vn 0.9713 -0.2333 0.0459
vn -0.0000 -0.0460 0.9989
vn -0.0000 -0.9567 0.2910
vn -0.0000 -0.7109 -0.7033
vn -0.0000 0.0135 -0.9999
vn 0.9964 -0.0523 0.0673
vn -0.0000 -0.8910 -0.4541
vn -0.0000 0.4971 0.8677
vn -0.9964 -0.0523 0.0673
vn -0.0000 0.9657 -0.2598
vn -0.0000 0.8570 0.5154
vn -0.0000 0.6599 0.7514
vn -0.0000 -0.9635 -0.2676
vt 0.000000 0.000000
vt 0.430130 0.095521
vt 0.367630 0.095521
vt 0.055130 0.095521
vt 0.007263 0.095946
vt 0.492736 0.095946
vt 0.117630 0.095521
vt 0.180130 0.095521
vt 0.242630 0.095521
vt 0.305130 0.095521
vt 0.468750 0.000000
vt 0.406250 0.000000
vt 0.343750 0.000000
vt 0.281250 0.000000
vt 0.218750 0.000000
vt 0.156250 0.000000
vt 0.093750 0.000000
vt 0.031250 0.000000
vt 0.243101 0.095548
vt 0.349578 0.095597
vt 0.138325 0.095597
vt 0.332544 0.095555
vt 0.370255 0.095599
vt 0.390500 0.095668
vt 0.288717 0.095543
vt 0.242980 0.095541
vt 0.197327 0.095543
vt 0.153899 0.095555
vt 0.117728 0.095599
vt 0.099843 0.095668
vt 0.370255 0.095599
vt 0.332544 0.095555
vt 0.242980 0.095541
vt 0.197327 0.095543
vt 0.153899 0.095555
vt 0.117728 0.095599
vt 0.319687 0.095564
vt 0.349579 0.095597
vt 0.364259 0.095634
vt 0.282584 0.095551
vt 0.243101 0.095548
vt 0.203723 0.095551
vt 0.167076 0.095564
vt 0.138325 0.095597
vt 0.124919 0.095634
vt 0.319687 0.095564
vt 0.282583 0.095551
vt 0.203723 0.095551
vt 0.167075 0.095564
vt 0.047595 0.095588
vt 0.047595 0.095588
vt 0.047595 0.095588
vt 0.047595 0.095588
vt 0.007263 0.095946
vt 0.023818 0.095799
vt 0.033156 0.095726
vt 0.061743 0.095782
vt 0.058647 0.095698
vt 0.031643 0.095730
vt 0.059252 0.095697
vt 0.023818 0.095799
vt 0.027367 0.095768
vt 0.035983 0.095691
vt 0.073787 0.095746
vt 0.074271 0.095660
vt 0.074271 0.095660
vt 0.035983 0.095691
vt 0.027367 0.095768
vt 0.500000 0.750000
vt 0.500000 0.875000
vt 0.437500 0.875000
vt 0.437500 0.750000
vt 0.500000 0.125000
vt 0.500000 0.250000
vt 0.437500 0.250000
vt 0.437500 0.125000
vt 0.437500 0.750000
vt 0.375000 0.875000
vt 0.375000 0.750000
vt 0.375000 0.250000
vt 0.375000 0.125000
vt 0.375000 0.750000
vt 0.312500 0.250000
vt 0.312500 0.125000
vt 0.312500 0.750000
vt 0.312500 0.750000
vt 0.312500 0.875000
vt 0.250000 0.750000
vt 0.250000 0.750000
vt 0.250000 0.875000
vt 0.250000 0.250000
vt 0.250000 0.125000
vt 0.187500 0.875000
vt 0.187500 0.750000
vt 0.187500 0.250000
vt 0.187500 0.125000
vt 0.187500 0.750000
vt 0.125000 0.875000
vt 0.125000 0.750000
vt 0.125000 0.250000
vt 0.125000 0.125000
vt 0.062500 0.250000
vt 0.062500 0.125000
vt 0.062500 0.750000
vt 0.062500 0.750000
vt 0.062500 0.875000
vt 0.000000 0.875000
vt 0.000000 0.750000
vt 0.000000 0.250000
vt 0.000000 0.125000
vt 0.125000 0.250000
vt 0.187500 0.250000
vt 0.312500 0.250000
vt 0.375000 0.250000
vt 0.437500 0.250000
vt 0.432591 0.105364
vt 0.495163 0.105650
vt 0.495185 0.894259
vt 0.432591 0.894636
vt 0.370091 0.894636
vt 0.370091 0.105364
vt 0.307591 0.105364
vt 0.307591 0.894636
vt 0.245091 0.894637
vt 0.245091 0.105364
vt 0.182591 0.105364
vt 0.182591 0.894636
vt 0.120091 0.894636
vt 0.120091 0.105364
vt 0.057591 0.105364
vt 0.057591 0.894636
vt 0.004815 0.894259
vt 0.004838 0.105650
vt 0.495249 0.105995
vt 0.004751 0.105994
vt 0.004815 0.894259
vt 0.495185 0.894259
vt 0.468750 1.000000
vt 0.468750 1.000000
vt 0.468739 -0.000045
vt 0.031261 -0.000045
vt 0.031250 1.000000
vt 0.492772 0.903913
vt 0.492866 0.096463
vt 0.468739 -0.000044
vt 0.031261 -0.000044
vt 0.007134 0.096462
vt 0.007228 0.903913
vt 0.492772 0.903913
vt 0.430130 0.904479
vt 0.367630 0.904479
vt 0.305130 0.904479
vt 0.242630 0.904479
vt 0.180130 0.904479
vt 0.117630 0.904479
vt 0.055130 0.904479
vt 0.007228 0.903913
vt 0.000000 0.271966
vt 0.000000 0.728034
vt 0.000000 0.728034
vt 0.062500 0.271966
vt 0.062500 0.728034
vt 0.125000 0.271966
vt 0.125000 0.728034
vt 0.187500 0.271966
vt 0.187500 0.728034
vt 0.250000 0.271966
vt 0.250000 0.728034
vt 0.312500 0.271966
vt 0.312500 0.728034
vt 0.375000 0.271966
vt 0.375000 0.728034
vt 0.437500 0.271966
vt 0.437500 0.728034
vt 0.500000 0.271966
vt 0.500000 0.728034
vt 0.500000 0.271966
vt 0.500000 0.728034
vt 0.937500 0.750000
vt 1.000000 0.750000
vt 0.750000 0.250000
vt 0.687500 0.250000
vt 0.625000 0.250000
vt 1.000000 0.250000
vt 0.937500 0.250000
vt 0.687500 0.750000
vt 0.750000 0.750000
vt 0.562500 0.750000
vt 0.625000 0.750000
vt 0.812500 0.250000
vt 0.875000 0.750000
vt 0.812500 0.750000
vt 0.562500 0.250000
vt 0.875000 0.250000
vt 0.750000 0.875000
vt 0.687500 0.875000
vt 0.750000 0.125000
vt 0.687500 0.125000
vt 0.625000 0.125000
vt 0.625000 0.875000
vt 0.562500 0.875000
vt 0.562500 0.125000
vt 1.000000 0.125000
vt 0.937500 0.125000
vt 1.000000 0.875000
vt 0.937500 0.875000
vt 0.875000 0.875000
vt 0.875000 0.125000
vt 0.812500 0.875000
vt 0.812500 0.125000
vt 0.949061 0.078757
vt 0.959010 0.105472
vt 0.870118 0.105473
vt 0.863439 0.921243
vt 0.843725 0.894528
vt 0.942382 0.894527
vt 0.949061 0.921243
vt 0.978489 0.894527
vt 0.988439 0.078757
vt 0.995118 0.105472
vt 0.074061 0.078757
vt 0.093774 0.105472
vt 0.031274 0.105472
vt 0.011561 0.921243
vt 0.004882 0.894528
vt 0.067382 0.894528
vt 0.074061 0.921243
vt 0.129882 0.894528
vt 0.136561 0.078757
vt 0.156274 0.105472
vt 0.199061 0.078757
vt 0.218775 0.105472
vt 0.136561 0.921243
vt 0.192382 0.894528
vt 0.199061 0.921243
vt 0.254882 0.894528
vt 0.261561 0.078757
vt 0.281275 0.105472
vt 0.324061 0.078757
vt 0.343775 0.105472
vt 0.261561 0.921243
vt 0.317382 0.894528
vt 0.324061 0.921243
vt 0.379882 0.894528
vt 0.386561 0.078756
vt 0.406275 0.105472
vt 0.449061 0.078757
vt 0.468775 0.105472
vt 0.386561 0.921244
vt 0.442382 0.894528
vt 0.449061 0.921243
vt 0.504882 0.894528
vt 0.511561 0.078757
vt 0.531275 0.105472
vt 0.574061 0.078757
vt 0.593775 0.105472
vt 0.511561 0.921243
vt 0.567382 0.894528
vt 0.636561 0.078757
vt 0.656275 0.105472
vt 0.574061 0.921243
vt 0.629882 0.894528
vt 0.636561 0.921243
vt 0.692382 0.894528
vt 0.699061 0.078757
vt 0.718775 0.105472
vt 0.761561 0.078757
vt 0.771511 0.105472
vt 0.800939 0.921243
vt 0.781225 0.894528
vt 0.863439 0.078757
vt 0.807618 0.105472
vt 0.738439 0.921243
vt 0.728489 0.894528
vt 0.699061 0.921243
vt 0.800939 0.078757
vt 0.871494 0.110976
vt 0.952948 0.110976
vt 0.941006 0.889024
vt 0.852539 0.889024
vt 0.984551 0.889024
vt 0.996494 0.110976
vt 0.022461 0.110975
vt 0.084961 0.110976
vt 0.066006 0.889024
vt 0.003506 0.889024
vt 0.128506 0.889024
vt 0.147461 0.110976
vt 0.209961 0.110975
vt 0.191006 0.889024
vt 0.253506 0.889025
vt 0.272461 0.110975
vt 0.334961 0.110975
vt 0.316006 0.889025
vt 0.378506 0.889025
vt 0.397461 0.110975
vt 0.459961 0.110975
vt 0.441006 0.889025
vt 0.503506 0.889025
vt 0.522462 0.110975
vt 0.584961 0.110975
vt 0.566006 0.889025
vt 0.647461 0.110975
vt 0.628506 0.889025
vt 0.691006 0.889025
vt 0.709961 0.110975
vt 0.765449 0.110975
vt 0.790039 0.889025
vt 0.808994 0.110976
vt 0.734551 0.889025
vt 0.375000 0.000000
vt 0.625000 0.000000
vt 0.375000 0.250000
vt 0.375000 0.416667
vt 0.625000 0.416667
vt 0.625000 0.500000
vt 0.375000 0.500000
vt 0.625000 0.750000
vt 0.375000 0.750000
vt 0.408727 0.906958
vt 0.591273 0.906958
vt 0.591273 0.970875
vt 0.408727 0.970875
vt 0.291667 0.500000
vt 0.291667 0.750000
vt 0.791667 0.500000
vt 0.875000 0.500000
vt 0.875000 0.750000
vt 0.791667 0.750000
vt 0.625000 1.000000
vt 0.375000 1.000000
vt 0.591273 0.779125
vt 0.408726 0.779125
vt 0.375000 0.916667
vt 0.591273 0.843042
vt 0.625000 0.833333
vt 0.625000 0.916667
vt 0.591273 0.899840
vt 0.591273 0.850160
vt 0.625025 0.840451
vt 0.625025 0.909548
vt 0.408726 0.843041
vt 0.375000 0.833333
vt 0.408726 0.850160
vt 0.408726 0.899840
vt 0.374975 0.909548
vt 0.374975 0.840452
vt 0.708333 0.500000
vt 0.708333 0.750000
vt 0.715451 0.500000
vt 0.784548 0.500000
vt 0.784548 0.749434
vt 0.715452 0.749434
vt 0.125000 0.500000
vt 0.208333 0.500000
vt 0.208333 0.750000
vt 0.125000 0.750000
vt 0.215452 0.500000
vt 0.284548 0.500000
vt 0.284548 0.749434
vt 0.215452 0.749434
vt 0.625000 0.333333
vt 0.375000 0.333333
vt 0.375000 0.340452
vt 0.625000 0.340452
vt 0.625000 0.409548
vt 0.375000 0.409548
vt 0.625000 0.542051
vt 0.625000 0.625000
vt 0.562500 0.625000
vt 0.562500 0.542051
vt 0.687500 0.375000
vt 0.687500 0.457949
vt 0.625000 0.457949
vt 0.625000 0.375000
vt 0.750000 0.625000
vt 0.687500 0.625000
vt 0.750000 0.375000
vt 0.750000 0.542051
vt 0.687500 0.542051
vt 0.750000 0.457949
vt 0.687500 0.457949
vt 0.562500 0.375000
vt 0.562500 0.457949
vt 0.500000 0.625000
vt 0.500000 0.542051
vt 0.500000 0.375000
vt 0.562500 0.457949
vt 0.500000 0.457949
vt 0.500000 0.542051
vt 0.437500 0.625000
vt 0.437500 0.542051
vt 0.437500 0.542051
vt 0.375000 0.625000
vt 0.375000 0.542051
vt 0.437500 0.375000
vt 0.500000 0.457949
vt 0.437500 0.457949
vt 0.375000 0.542051
vt 0.312500 0.625000
vt 0.312500 0.542051
vt 0.375000 0.375000
vt 0.437500 0.457949
vt 0.375000 0.457949
vt 0.312500 0.375000
vt 0.375000 0.457949
vt 0.312500 0.457949
vt 0.250000 0.625000
vt 0.250000 0.542051
vt 0.250000 0.457949
vt 0.250000 0.375000
vt 0.250000 0.542051
vt 0.187500 0.625000
vt 0.187500 0.542051
vt 0.125000 0.625000
vt 0.125000 0.542051
vt 0.187500 0.375000
vt 0.250000 0.457949
vt 0.187500 0.457949
vt 0.125000 0.375000
vt 0.187500 0.457949
vt 0.125000 0.457949
vt 0.125000 0.542051
vt 0.062500 0.625000
vt 0.062500 0.542051
vt 0.062500 0.375000
vt 0.125000 0.457949
vt 0.062500 0.457949
vt 0.000000 0.625000
vt 0.000000 0.542051
vt 1.000000 0.542051
vt 1.000000 0.625000
vt 0.937500 0.625000
vt 0.937500 0.542051
vt 0.000000 0.375000
vt 0.062500 0.457949
vt 0.000000 0.457949
vt 0.937500 0.542051
vt 0.875000 0.625000
vt 0.875000 0.542051
vt 1.000000 0.375000
vt 0.937500 0.375000
vt 1.000000 0.457949
vt 0.937500 0.457949
vt 0.875000 0.375000
vt 0.937500 0.457949
vt 0.875000 0.457949
vt 0.875000 0.542051
vt 0.812500 0.625000
vt 0.812500 0.542051
vt 0.812500 0.375000
vt 0.812500 0.457949
vt 0.750000 0.542051
vt 0.571792 0.250000
vt 0.531615 0.250000
vt 0.489864 0.250000
vt 0.447636 0.250000
vt 0.405885 0.250000
vt 0.365708 0.250000
vt 0.328723 0.250000
vt 0.297977 0.250000
vt 0.280734 0.250000
vt 0.297641 0.250000
vt 0.390190 0.250000
vt 0.547309 0.250000
vt 0.639859 0.250000
vt 0.656767 0.250000
vt 0.639523 0.250000
vt 0.608776 0.250000
vt 0.671276 0.750000
vt 0.702023 0.750000
vt 0.719266 0.750000
vt 0.702359 0.750000
vt 0.609810 0.750000
vt 0.452691 0.750000
vt 0.360141 0.750000
vt 0.343233 0.750000
vt 0.360477 0.750000
vt 0.391223 0.750000
vt 0.428208 0.750000
vt 0.468385 0.750000
vt 0.510135 0.750000
vt 0.552365 0.750000
vt 0.594115 0.750000
vt 0.634292 0.750000
vt 0.692847 0.750000
vt 0.649065 0.750000
vt 0.586565 0.250000
vt 0.630347 0.250000
vt 0.602757 0.750000
vt 0.540257 0.250000
vt 0.555211 0.750000
vt 0.492711 0.250000
vt 0.507289 0.750000
vt 0.444789 0.250000
vt 0.459742 0.750000
vt 0.413435 0.750000
vt 0.397243 0.250000
vt 0.350935 0.250000
vt 0.369653 0.750000
vt 0.330833 0.750000
vt 0.307153 0.250000
vt 0.268333 0.250000
vt 0.302922 0.750000
vt 0.305600 0.750000
vt 0.240423 0.250000
vt 0.243100 0.250000
vt 0.413131 0.750000
vt 0.649370 0.750000
vt 0.350630 0.250000
vt 0.586869 0.250000
vt 0.756900 0.750000
vt 0.694400 0.250000
vt 0.759577 0.750000
vt 0.697078 0.250000
vt 0.731667 0.750000
vt 0.669167 0.250000
vt 0.687500 0.526183
vt 0.625000 0.526183
vt 0.625000 0.473817
vt 0.687500 0.473817
vt 0.562500 0.473817
vt 0.562500 0.526183
vt 0.500000 0.473817
vt 0.500000 0.526183
vt 0.437500 0.526183
vt 0.437500 0.473817
vt 0.375000 0.526183
vt 0.375000 0.473817
vt 0.312500 0.473817
vt 0.312500 0.526183
vt 0.250000 0.473817
vt 0.250000 0.526183
vt 0.187500 0.526183
vt 0.187500 0.473817
vt 0.125000 0.473817
vt 0.125000 0.526183
vt 0.062500 0.473817
vt 0.062500 0.526183
vt 0.000000 0.526183
vt 0.000000 0.473817
vt 1.000000 0.526183
vt 0.937500 0.526183
vt 0.937500 0.473817
vt 1.000000 0.473817
vt 0.875000 0.473817
vt 0.875000 0.526183
vt 0.812500 0.473817
vt 0.812500 0.526183
vt 0.750000 0.526183
vt 0.750000 0.473817
vt 0.687500 0.542051
vt 0.625000 0.125000
vt 0.375000 0.625000
vt 0.625000 0.625000
vt 0.428626 0.916667
vt 0.571374 0.916667
vt 0.571374 0.984205
vt 0.428626 0.984205
vt 0.291667 0.625000
vt 0.791667 0.625000
vt 0.875000 0.625000
vt 0.708333 0.625000
vt 0.763889 0.625000
vt 0.763889 0.750000
vt 0.125000 0.625000
vt 0.208333 0.625000
vt 0.263889 0.625000
vt 0.263889 0.750000
vt 0.428626 0.765795
vt 0.571374 0.765795
vt 0.571374 0.833333
vt 0.428626 0.833333
vt 0.428626 0.896093
vt 0.571374 0.896093
vt 0.375000 0.388889
vt 0.625000 0.388889
vt 0.625000 0.361111
vt 0.375000 0.361111
vt 0.571374 0.853907
vt 0.428626 0.853907
vt 0.375000 0.861111
vt 0.625000 0.861111
vt 0.625000 0.888889
vt 0.375000 0.888889
vt 0.236111 0.625000
vt 0.236111 0.750000
vt 0.736111 0.625000
vt 0.736111 0.750000
vt 0.736111 0.500000
vt 0.763889 0.500000
vt 0.236111 0.500000
vt 0.263889 0.500000
vt 0.409591 0.989812
vt 0.590409 0.989811
vt 0.590409 0.760189
vt 0.409591 0.760189
vt 0.409591 0.833333
vt 0.590409 0.916667
vt 0.409591 0.916667
vt 0.409591 0.856464
vt 0.590409 0.833333
vt 0.590409 0.893536
vt 0.409591 0.893536
vt 0.590409 0.856464
vt 0.375000 0.625000
vt 0.375000 0.375000
vt 0.250000 0.625000
vt 0.250000 0.750000
vt 0.750000 0.500000
vt 0.250000 0.500000
vt 0.375000 0.875000
s 0
usemtl VCol.016
f 5801/1443/2024 5813/1443/2024 5812/1443/2024 5800/1443/2024
f 5798/1443/2025 5810/1443/2025 5809/1443/2025 5797/1443/2025
f 5793/1443/2026 5805/1443/2026 5816/1443/2026 5804/1443/2026
f 5795/1443/2027 5807/1443/2027 5806/1443/2027 5794/1443/2027
f 5802/1443/2028 5814/1443/2028 5813/1443/2028 5801/1443/2028
f 5799/1443/2029 5811/1443/2029 5810/1443/2029 5798/1443/2029
f 5796/1443/2030 5808/1443/2030 5807/1443/2030 5795/1443/2030
f 5803/1443/2031 5815/1443/2031 5814/1443/2031 5802/1443/2031
f 5800/1443/2032 5812/1443/2032 5811/1443/2032 5799/1443/2032
f 5797/1443/2033 5809/1443/2033 5808/1443/2033 5796/1443/2033
f 5804/1443/2034 5816/1443/2034 5815/1443/2034 5803/1443/2034
f 5794/1443/2035 5806/1443/2035 5805/1443/2035 5793/1443/2035
f 5823/1443/2029 5818/1443/2029 5820/1443/2029 5819/1443/2029
f 5817/1443/2036 5825/1443/2036 5827/1443/2036 5821/1443/2036
f 5828/1443/2026 5826/1443/2026 5824/1443/2026 5822/1443/2026
f 5819/1443/2037 5826/1443/2037 5825/1443/2037 5817/1443/2037
f 5823/1443/2032 5819/1443/2032 5817/1443/2032 5821/1443/2032
f 5819/1443/2038 5820/1443/2038 5824/1443/2038 5826/1443/2038
f 5828/1443/2035 5827/1443/2035 5825/1443/2035 5826/1443/2035
f 5820/1443/2039 5818/1443/2039 5822/1443/2039 5824/1443/2039
f 5836/1443/2040 5837/1443/2040 5844/1443/2040 5845/1443/2040
f 5833/1443/2041 5834/1443/2041 5847/1443/2041 5848/1443/2041
f 5830/1443/2042 5831/1443/2042 5850/1443/2042 5851/1443/2042
f 5837/1443/2043 5838/1443/2043 5843/1443/2043 5844/1443/2043
f 5834/1443/2044 5835/1443/2044 5846/1443/2044 5847/1443/2044
f 5831/1443/2045 5832/1443/2045 5849/1443/2045 5850/1443/2045
f 5838/1443/2046 5840/1443/2046 5841/1443/2046 5843/1443/2046
f 5839/1443/2047 5829/1443/2047 5852/1443/2047 5842/1443/2047
f 5835/1443/2048 5836/1443/2048 5845/1443/2048 5846/1443/2048
f 5832/1443/2049 5833/1443/2049 5848/1443/2049 5849/1443/2049
f 5829/1443/2050 5830/1443/2050 5851/1443/2050 5852/1443/2050
f 5840/1443/2051 5839/1443/2051 5842/1443/2051 5841/1443/2051
f 5814/1443/2052 5850/1443/2052 5849/1443/2052 5813/1443/2052
f 5807/1443/2052 5843/1443/2052 5841/1443/2052 5806/1443/2052
f 5799/1443/2053 5834/1443/2053 5833/1443/2053 5800/1443/2053
f 5815/1443/2052 5851/1443/2052 5850/1443/2052 5814/1443/2052
f 5808/1443/2052 5844/1443/2052 5843/1443/2052 5807/1443/2052
f 5800/1443/2054 5833/1443/2054 5832/1443/2054 5801/1443/2054
f 5816/1443/2052 5852/1443/2052 5851/1443/2052 5815/1443/2052
f 5793/1443/2055 5839/1443/2055 5840/1443/2055 5794/1443/2055
f 5809/1443/2052 5845/1443/2052 5844/1443/2052 5808/1443/2052
f 5801/1443/2056 5832/1443/2056 5831/1443/2056 5802/1443/2056
f 5805/1443/2052 5842/1443/2052 5852/1443/2052 5816/1443/2052
f 5794/1443/2057 5840/1443/2057 5838/1443/2057 5795/1443/2057
f 5810/1443/2052 5846/1443/2052 5845/1443/2052 5809/1443/2052
f 5802/1443/2058 5831/1443/2058 5830/1443/2058 5803/1443/2058
f 5795/1443/2059 5838/1443/2059 5837/1443/2059 5796/1443/2059
f 5811/1443/2052 5847/1443/2052 5846/1443/2052 5810/1443/2052
f 5803/1443/2060 5830/1443/2060 5829/1443/2060 5804/1443/2060
f 5796/1443/2061 5837/1443/2061 5836/1443/2061 5797/1443/2061
f 5812/1443/2052 5848/1443/2052 5847/1443/2052 5811/1443/2052
f 5804/1443/2062 5829/1443/2062 5839/1443/2062 5793/1443/2062
f 5797/1443/2063 5836/1443/2063 5835/1443/2063 5798/1443/2063
f 5813/1443/2052 5849/1443/2052 5848/1443/2052 5812/1443/2052
f 5806/1443/2052 5841/1443/2052 5842/1443/2052 5805/1443/2052
f 5798/1443/2064 5835/1443/2064 5834/1443/2064 5799/1443/2064
f 5831/1443/2052 5829/1443/2052 5837/1443/2052
f 5829/1443/2052 5839/1443/2052 5840/1443/2052
f 5840/1443/2052 5838/1443/2052 5837/1443/2052
f 5837/1443/2052 5836/1443/2052 5835/1443/2052
f 5835/1443/2052 5834/1443/2052 5837/1443/2052
f 5834/1443/2052 5833/1443/2052 5837/1443/2052
f 5833/1443/2052 5832/1443/2052 5831/1443/2052
f 5831/1443/2052 5830/1443/2052 5829/1443/2052
f 5829/1443/2052 5840/1443/2052 5837/1443/2052
f 5833/1443/2052 5831/1443/2052 5837/1443/2052
f 5859/1443/2033 5854/1443/2033 5856/1443/2033 5855/1443/2033
f 5853/1443/2065 5861/1443/2065 5863/1443/2065 5857/1443/2065
f 5864/1443/2031 5862/1443/2031 5860/1443/2031 5858/1443/2031
f 5855/1443/2066 5862/1443/2066 5861/1443/2066 5853/1443/2066
f 5859/1443/2025 5855/1443/2025 5853/1443/2025 5857/1443/2025
f 5855/1443/2067 5856/1443/2067 5860/1443/2067 5862/1443/2067
f 5864/1443/2034 5863/1443/2034 5861/1443/2034 5862/1443/2034
f 5856/1443/2068 5854/1443/2068 5858/1443/2068 5860/1443/2068
f 5871/1443/2027 5866/1443/2027 5868/1443/2027 5867/1443/2027
f 5865/1443/2069 5873/1443/2069 5875/1443/2069 5869/1443/2069
f 5876/1443/2024 5874/1443/2024 5872/1443/2024 5870/1443/2024
f 5867/1443/2070 5874/1443/2070 5873/1443/2070 5865/1443/2070
f 5871/1443/2030 5867/1443/2030 5865/1443/2030 5869/1443/2030
f 5867/1443/2071 5868/1443/2071 5872/1443/2071 5874/1443/2071
f 5876/1443/2028 5875/1443/2028 5873/1443/2028 5874/1443/2028
f 5868/1443/2072 5866/1443/2072 5870/1443/2072 5872/1443/2072
f 5883/1443/2026 5878/1443/2026 5880/1443/2026 5879/1443/2026
f 5877/1443/2073 5885/1443/2073 5887/1443/2073 5881/1443/2073
f 5888/1443/2029 5886/1443/2029 5884/1443/2029 5882/1443/2029
f 5879/1443/2074 5886/1443/2074 5885/1443/2074 5877/1443/2074
f 5883/1443/2035 5879/1443/2035 5877/1443/2035 5881/1443/2035
f 5879/1443/2075 5880/1443/2075 5884/1443/2075 5886/1443/2075
f 5888/1443/2032 5887/1443/2032 5885/1443/2032 5886/1443/2032
f 5880/1443/2076 5878/1443/2076 5882/1443/2076 5884/1443/2076
f 5895/1443/2031 5890/1443/2031 5892/1443/2031 5891/1443/2031
f 5889/1443/2077 5897/1443/2077 5899/1443/2077 5893/1443/2077
f 5900/1443/2033 5898/1443/2033 5896/1443/2033 5894/1443/2033
f 5891/1443/2078 5898/1443/2078 5897/1443/2078 5889/1443/2078
f 5895/1443/2034 5891/1443/2034 5889/1443/2034 5893/1443/2034
f 5891/1443/2079 5892/1443/2079 5896/1443/2079 5898/1443/2079
f 5900/1443/2025 5899/1443/2025 5897/1443/2025 5898/1443/2025
f 5892/1443/2080 5890/1443/2080 5894/1443/2080 5896/1443/2080
f 5907/1443/2024 5902/1443/2024 5904/1443/2024 5903/1443/2024
f 5901/1443/2081 5909/1443/2081 5911/1443/2081 5905/1443/2081
f 5912/1443/2027 5910/1443/2027 5908/1443/2027 5906/1443/2027
f 5903/1443/2082 5910/1443/2082 5909/1443/2082 5901/1443/2082
f 5907/1443/2028 5903/1443/2028 5901/1443/2028 5905/1443/2028
f 5903/1443/2083 5904/1443/2083 5908/1443/2083 5910/1443/2083
f 5912/1443/2030 5911/1443/2030 5909/1443/2030 5910/1443/2030
f 5904/1443/2084 5902/1443/2084 5906/1443/2084 5908/1443/2084
f 5923/1444/2085 5924/1445/2085 5941/1445/2085 5940/1444/2085
f 5929/1446/2085 5922/1447/2085 5939/1447/2085 5946/1446/2085
f 5921/1446/2086 5922/1447/2086 5939/1447/2086 5938/1446/2086
f 5914/1448/2086 5913/1444/2086 5930/1444/2086 5931/1448/2086
f 5914/1448/2085 5923/1444/2085 5940/1444/2085 5931/1448/2085
f 5920/1449/2086 5921/1446/2086 5938/1446/2086 5937/1449/2086
f 5913/1444/2086 5916/1445/2086 5933/1445/2086 5930/1444/2086
f 5928/1449/2085 5929/1446/2085 5946/1446/2085 5945/1449/2085
f 5919/1450/2086 5920/1449/2086 5937/1449/2086 5936/1450/2086
f 5927/1450/2085 5928/1449/2085 5945/1449/2085 5944/1450/2085
f 5918/1451/2086 5919/1450/2086 5936/1450/2086 5935/1451/2086
f 5926/1451/2085 5927/1450/2085 5944/1450/2085 5943/1451/2085
f 5917/1452/2086 5918/1451/2086 5935/1451/2086 5934/1452/2086
f 5925/1452/2085 5926/1451/2085 5943/1451/2085 5942/1452/2085
f 5916/1445/2086 5917/1452/2086 5934/1452/2086 5933/1445/2086
f 5924/1445/2085 5925/1452/2085 5942/1452/2085 5941/1445/2085
f 5924/1445/2087 6079/1445/2087 6080/1452/2087 5925/1452/2087
f 5919/1450/2087 6074/1450/2087 6075/1449/2087 5920/1449/2087
f 5925/1452/2088 6080/1452/2088 6081/1451/2088 5926/1451/2088
f 5920/1449/2089 6075/1449/2089 6076/1446/2089 5921/1446/2089
f 5926/1451/2090 6081/1451/2090 6082/1450/2090 5927/1450/2090
f 5921/1446/2091 6076/1446/2091 6077/1447/2091 5922/1447/2091
f 5927/1450/2092 6082/1450/2092 6083/1449/2092 5928/1449/2092
f 5923/1444/2089 6078/1444/2089 6079/1445/2089 5924/1445/2089
f 5928/1449/2093 6083/1449/2093 6084/1446/2093 5929/1446/2093
f 5913/1444/2093 6068/1444/2093 6071/1445/2093 5916/1445/2093
f 5914/1448/2091 6069/1448/2091 6078/1444/2091 5923/1444/2091
f 5916/1445/2092 6071/1445/2092 6072/1452/2092 5917/1452/2092
f 5917/1452/2090 6072/1452/2090 6073/1451/2090 5918/1451/2090
f 5929/1446/2094 6084/1446/2094 6077/1447/2094 5922/1447/2094
f 5918/1451/2088 6073/1451/2088 6074/1450/2088 5919/1450/2088
f 5932/1453/2085 5931/1448/2085 5930/1444/2085
f 5932/1454/2085 5930/1444/2085 5933/1445/2085
f 5932/1455/2085 5933/1445/2085 5934/1452/2085
f 5932/1456/2085 5934/1452/2085 5935/1451/2085
f 5932/1457/2085 5935/1451/2085 5936/1450/2085
f 5932/1458/2085 5936/1450/2085 5937/1449/2085
f 5932/1459/2085 5937/1449/2085 5938/1446/2085
f 5932/1460/2085 5938/1446/2085 5939/1447/2085
f 5932/1453/2086 5931/1448/2086 5940/1444/2086
f 5932/1454/2086 5940/1444/2086 5941/1445/2086
f 5932/1455/2086 5941/1445/2086 5942/1452/2086
f 5932/1456/2086 5942/1452/2086 5943/1451/2086
f 5932/1457/2086 5943/1451/2086 5944/1450/2086
f 5932/1458/2086 5944/1450/2086 5945/1449/2086
f 5932/1459/2086 5945/1449/2086 5946/1446/2086
f 5932/1460/2086 5946/1446/2086 5939/1447/2086
f 5944/1450/2092 5945/1449/2092 5976/1449/2092 5975/1450/2092
f 5936/1450/2087 5937/1449/2087 5968/1449/2087 5967/1450/2087
f 5969/1446/2095 5968/1449/2095 6000/1449/2095 5999/1446/2095
f 5930/1444/2093 5933/1445/2093 5962/1445/2093 5963/1444/2093
f 5976/1449/2096 5945/1449/2096 5998/1449/2096 6003/1449/2096
f 5931/1448/2091 5940/1444/2091 5972/1444/2091 5964/1448/2091
f 5931/1448/2094 5930/1444/2094 5963/1444/2094 5964/1448/2094
f 5946/1446/2097 5939/1447/2097 5996/1447/2097 5997/1446/2097
f 5970/1447/2098 5977/1446/2098 6002/1446/2098 6001/1447/2098
f 5940/1444/2089 5941/1445/2089 5971/1445/2089 5972/1444/2089
f 5941/1445/2087 5942/1452/2087 5973/1452/2087 5971/1445/2087
f 5933/1445/2092 5934/1452/2092 5965/1452/2092 5962/1445/2092
f 5942/1452/2088 5943/1451/2088 5974/1451/2088 5973/1452/2088
f 5934/1452/2090 5935/1451/2090 5966/1451/2090 5965/1452/2090
f 5943/1451/2090 5944/1450/2090 5975/1450/2090 5974/1451/2090
f 5935/1451/2088 5936/1450/2088 5967/1450/2088 5966/1451/2088
f 5958/1461/2085 5955/1462/2085 5961/1463/2085
f 5978/1464/2085 5979/1465/2085 5963/1444/2085 5962/1445/2085
f 5979/1465/2085 5980/1466/2085 5964/1448/2085 5963/1444/2085
f 5981/1467/2085 5978/1464/2085 5962/1445/2085 5965/1452/2085
f 5982/1468/2085 5981/1467/2085 5965/1452/2085 5966/1451/2085
f 5983/1469/2085 5982/1468/2085 5966/1451/2085 5967/1450/2085
f 5984/1470/2085 5983/1469/2085 5967/1450/2085 5968/1449/2085
f 5985/1471/2085 5984/1470/2085 5968/1449/2085 5969/1446/2085
f 5986/1472/2085 5985/1471/2085 5969/1446/2085 5970/1447/2085
f 5988/1473/2085 5987/1474/2085 5971/1445/2085 5972/1444/2085
f 5987/1474/2085 5989/1467/2085 5973/1452/2085 5971/1445/2085
f 5989/1467/2085 5990/1475/2085 5974/1451/2085 5973/1452/2085
f 5990/1475/2085 5991/1476/2085 5975/1450/2085 5974/1451/2085
f 5991/1476/2085 5992/1477/2085 5976/1449/2085 5975/1450/2085
f 5992/1477/2085 5993/1478/2085 5977/1446/2085 5976/1449/2085
f 5980/1466/2085 5988/1473/2085 5972/1444/2085 5964/1448/2085
f 5993/1478/2085 5986/1472/2085 5970/1447/2085 5977/1446/2085
f 5948/1479/2099 5915/1480/2099 5979/1465/2099 5978/1464/2099
f 5915/1480/2100 5947/1481/2100 5980/1466/2100 5979/1465/2100
f 5949/1482/2101 5948/1479/2101 5978/1464/2101 5981/1467/2101
f 5950/1483/2102 5949/1482/2102 5981/1467/2102 5982/1468/2102
f 5951/1484/2103 5950/1483/2103 5982/1468/2103 5983/1469/2103
f 5952/1485/2104 5951/1484/2104 5983/1469/2104 5984/1470/2104
f 5953/1486/2105 5952/1485/2105 5984/1470/2105 5985/1471/2105
f 5954/1487/2106 5953/1486/2106 5985/1471/2106 5986/1472/2106
f 5955/1462/2107 5956/1488/2107 5987/1474/2107 5988/1473/2107
f 5956/1488/2108 5957/1489/2108 5989/1467/2108 5987/1474/2108
f 5957/1489/2109 5958/1461/2109 5990/1475/2109 5989/1467/2109
f 5958/1461/2110 5959/1490/2110 5991/1476/2110 5990/1475/2110
f 5959/1490/2111 5960/1491/2111 5992/1477/2111 5991/1476/2111
f 5960/1491/2112 5961/1463/2112 5993/1478/2112 5992/1477/2112
f 5947/1481/2113 5955/1462/2113 5988/1473/2113 5980/1466/2113
f 5961/1463/2114 5954/1487/2114 5986/1472/2114 5993/1478/2114
f 6001/1447/2085 5999/1446/2085 6009/1446/2085 6011/1447/2085
f 6003/1449/2096 5998/1449/2096 6008/1449/2096 6013/1449/2096
f 6016/1446/2093 6008/1449/2093 6177/1449/2093 6176/1446/2093
f 5999/1446/2085 6000/1449/2085 6010/1449/2085 6009/1446/2085
f 5977/1446/2115 5976/1449/2115 6003/1449/2115 6002/1446/2115
f 5937/1449/2116 5938/1446/2116 5994/1446/2116 5995/1449/2116
f 5970/1447/2117 5969/1446/2117 5999/1446/2117 6001/1447/2117
f 5945/1449/2118 5946/1446/2118 5997/1446/2118 5998/1449/2118
f 5968/1449/2096 5937/1449/2096 5995/1449/2096 6000/1449/2096
f 5938/1446/2119 5939/1447/2119 5996/1447/2119 5994/1446/2119
f 6008/1449/2093 6016/1446/2093 6012/1446/2093 6013/1449/2093
f 6005/1449/2089 6014/1446/2089 6009/1446/2089 6010/1449/2089
f 6014/1446/2091 6015/1447/2091 6011/1447/2091 6009/1446/2091
f 6016/1446/2094 6015/1447/2094 6011/1447/2094 6012/1446/2094
f 5994/1446/2120 5996/1447/2120 6171/1447/2120 6169/1446/2120
f 6000/1449/2096 5995/1449/2096 6005/1449/2096 6010/1449/2096
f 6002/1446/2086 6003/1449/2086 6013/1449/2086 6012/1446/2086
f 6005/1449/2096 5995/1449/2096 6170/1449/2096 6175/1449/2096
f 6001/1447/2086 6002/1446/2086 6012/1446/2086 6011/1447/2086
f 5998/1449/2121 5997/1446/2121 6172/1446/2121 6173/1449/2121
f 6006/1447/2122 6004/1492/2122 6018/1492/2122 6017/1447/2122
f 5997/1446/2121 5996/1447/2121 6171/1447/2121 6172/1446/2121
f 6014/1446/2089 6005/1449/2089 6175/1449/2089 6174/1446/2089
f 6008/1449/2096 5998/1449/2096 6173/1449/2096 6177/1449/2096
f 5995/1449/2120 5994/1446/2120 6169/1446/2120 6170/1449/2120
f 6004/1492/2091 6006/1447/2091 6015/1447/2091 6014/1446/2091
f 6007/1493/2094 6006/1447/2094 6015/1447/2094 6016/1446/2094
f 6181/1494/2091 6004/1492/2091 6014/1446/2091 6174/1446/2091
f 6182/1495/2123 6007/1493/2123 6016/1446/2123 6176/1446/2123
f 6017/1447/2091 6018/1492/2091 6183/1494/2091 6184/1447/2091
f 6017/1447/2094 6019/1493/2094 6185/1495/2094 6184/1447/2094
f 6007/1493/2124 6182/1495/2124 6185/1495/2124 6019/1493/2124
f 6006/1447/2125 6007/1493/2125 6019/1493/2125 6017/1447/2125
f 6004/1492/2124 6181/1494/2124 6183/1494/2124 6018/1492/2124
f 6021/1447/2126 6036/1496/2126 6030/1497/2126 6029/1498/2126
f 6032/1499/2127 6031/1500/2127 6034/1501/2127 6021/1447/2127
f 6033/1502/2128 6032/1499/2128 6021/1447/2128 6029/1498/2128
f 6021/1447/2129 6034/1501/2129 6035/1503/2129 6036/1496/2129
f 6029/1498/2130 6030/1497/2130 6028/1504/2130 6022/1505/2130
f 6031/1500/2131 6032/1499/2131 6024/1506/2131 6023/1507/2131
f 6032/1499/2132 6033/1502/2132 6025/1508/2132 6024/1506/2132
f 6034/1501/2133 6031/1500/2133 6023/1507/2133 6020/1509/2133
f 6033/1502/2134 6029/1498/2134 6022/1505/2134 6025/1508/2134
f 6036/1496/2135 6035/1503/2135 6026/1510/2135 6027/1496/2135
f 6030/1497/2136 6036/1496/2136 6027/1496/2136 6028/1504/2136
f 6035/1503/2137 6034/1501/2137 6020/1509/2137 6026/1510/2137
f 6045/1443/2138 6051/1443/2138 6227/1443/2138 6218/1443/2138
f 6042/1443/2139 6048/1443/2139 6047/1443/2139 6041/1443/2139
f 6038/1443/2140 6057/1443/2140 6054/1443/2140 6037/1443/2140
f 6037/1443/2141 6054/1443/2141 6239/1443/2141 6206/1443/2141
f 6039/1443/2142 6052/1443/2142 6057/1443/2142 6038/1443/2142
f 6050/1443/2142 6046/1443/2142 6047/1443/2142 6049/1443/2142
f 6051/1443/2141 6048/1443/2141 6225/1443/2141 6227/1443/2141
f 6230/1443/2143 6221/1443/2143 6046/1443/2143 6050/1443/2143
f 6049/1443/2140 6047/1443/2140 6048/1443/2140 6051/1443/2140
f 6211/1443/2144 6225/1443/2144 6048/1443/2144 6042/1443/2144
f 6044/1443/2145 6050/1443/2145 6049/1443/2145 6043/1443/2145
f 6040/1443/2146 6046/1443/2146 6221/1443/2146 6212/1443/2146
f 6043/1443/2147 6049/1443/2147 6051/1443/2147 6045/1443/2147
f 6041/1443/2148 6047/1443/2148 6046/1443/2148 6040/1443/2148
f 6220/1443/2149 6230/1443/2149 6050/1443/2149 6044/1443/2149
f 6212/1443/2121 6211/1443/2121 6042/1443/2121 6041/1443/2121 6040/1443/2121
f 6235/1443/2143 6220/1443/2143 6044/1443/2143 6053/1443/2143
f 6059/1443/2140 6043/1443/2140 6045/1443/2140 6055/1443/2140
f 6053/1443/2142 6044/1443/2142 6043/1443/2142 6059/1443/2142
f 6055/1443/2141 6045/1443/2141 6218/1443/2141 6240/1443/2141
f 6058/1443/2142 6056/1443/2142 6060/1443/2142 6061/1443/2142
f 6062/1443/2141 6064/1443/2141 6063/1443/2141 6065/1443/2141
f 6067/1443/2143 6058/1443/2143 6061/1443/2143 6066/1443/2143
f 6056/1443/2140 6062/1443/2140 6065/1443/2140 6060/1443/2140
f 6210/1443/2143 6236/1443/2143 6052/1443/2143 6039/1443/2143
f 6056/1443/2150 6058/1443/2150 6053/1443/2150 6059/1443/2150
f 6061/1443/2151 6060/1443/2151 6057/1443/2151 6052/1443/2151
f 6064/1443/2152 6062/1443/2152 6055/1443/2152 6240/1443/2152
f 6063/1443/2153 6064/1443/2153 6240/1443/2153 6239/1443/2153
f 6065/1443/2154 6063/1443/2154 6239/1443/2154 6054/1443/2154
f 6067/1443/2155 6066/1443/2155 6236/1443/2155 6235/1443/2155
f 6058/1443/2156 6067/1443/2156 6235/1443/2156 6053/1443/2156
f 6066/1443/2157 6061/1443/2157 6052/1443/2157 6236/1443/2157
f 6062/1443/2158 6056/1443/2158 6059/1443/2158 6055/1443/2158
f 6060/1443/2159 6065/1443/2159 6054/1443/2159 6057/1443/2159
f 6078/1444/2086 6095/1444/2086 6096/1445/2086 6079/1445/2086
f 6084/1446/2086 6101/1446/2086 6094/1447/2086 6077/1447/2086
f 6076/1446/2085 6093/1446/2085 6094/1447/2085 6077/1447/2085
f 6069/1448/2085 6086/1448/2085 6085/1444/2085 6068/1444/2085
f 6069/1448/2086 6086/1448/2086 6095/1444/2086 6078/1444/2086
f 6075/1449/2085 6092/1449/2085 6093/1446/2085 6076/1446/2085
f 6068/1444/2085 6085/1444/2085 6088/1445/2085 6071/1445/2085
f 6083/1449/2086 6100/1449/2086 6101/1446/2086 6084/1446/2086
f 6074/1450/2085 6091/1450/2085 6092/1449/2085 6075/1449/2085
f 6082/1450/2086 6099/1450/2086 6100/1449/2086 6083/1449/2086
f 6073/1451/2085 6090/1451/2085 6091/1450/2085 6074/1450/2085
f 6081/1451/2086 6098/1451/2086 6099/1450/2086 6082/1450/2086
f 6072/1452/2085 6089/1452/2085 6090/1451/2085 6073/1451/2085
f 6080/1452/2086 6097/1452/2086 6098/1451/2086 6081/1451/2086
f 6071/1445/2085 6088/1445/2085 6089/1452/2085 6072/1452/2085
f 6079/1445/2086 6096/1445/2086 6097/1452/2086 6080/1452/2086
f 6087/1453/2086 6085/1444/2086 6086/1448/2086
f 6087/1454/2086 6088/1445/2086 6085/1444/2086
f 6087/1455/2086 6089/1452/2086 6088/1445/2086
f 6087/1456/2086 6090/1451/2086 6089/1452/2086
f 6087/1457/2086 6091/1450/2086 6090/1451/2086
f 6087/1458/2086 6092/1449/2086 6091/1450/2086
f 6087/1459/2086 6093/1446/2086 6092/1449/2086
f 6087/1460/2086 6094/1447/2086 6093/1446/2086
f 6087/1453/2085 6095/1444/2085 6086/1448/2085
f 6087/1454/2085 6096/1445/2085 6095/1444/2085
f 6087/1455/2085 6097/1452/2085 6096/1445/2085
f 6087/1456/2085 6098/1451/2085 6097/1452/2085
f 6087/1457/2085 6099/1450/2085 6098/1451/2085
f 6087/1458/2085 6100/1449/2085 6099/1450/2085
f 6087/1459/2085 6101/1446/2085 6100/1449/2085
f 6087/1460/2085 6094/1447/2085 6101/1446/2085
f 6099/1450/2092 6130/1450/2092 6131/1449/2092 6100/1449/2092
f 6091/1450/2087 6122/1450/2087 6123/1449/2087 6092/1449/2087
f 6124/1446/2160 6154/1446/2160 6155/1449/2160 6123/1449/2160
f 6085/1444/2093 6118/1444/2093 6117/1445/2093 6088/1445/2093
f 6131/1449/2096 6158/1449/2096 6153/1449/2096 6100/1449/2096
f 6086/1448/2091 6119/1448/2091 6127/1444/2091 6095/1444/2091
f 6086/1448/2094 6119/1448/2094 6118/1444/2094 6085/1444/2094
f 6101/1446/2161 6152/1446/2161 6151/1447/2161 6094/1447/2161
f 6125/1447/2162 6156/1447/2162 6157/1446/2162 6132/1446/2162
f 6095/1444/2089 6127/1444/2089 6126/1445/2089 6096/1445/2089
f 6096/1445/2087 6126/1445/2087 6128/1452/2087 6097/1452/2087
f 6088/1445/2092 6117/1445/2092 6120/1452/2092 6089/1452/2092
f 6097/1452/2088 6128/1452/2088 6129/1451/2088 6098/1451/2088
f 6089/1452/2090 6120/1452/2090 6121/1451/2090 6090/1451/2090
f 6098/1451/2090 6129/1451/2090 6130/1450/2090 6099/1450/2090
f 6090/1451/2088 6121/1451/2088 6122/1450/2088 6091/1450/2088
f 6105/1483/2086 6070/1480/2086 6108/1486/2086
f 6133/1464/2086 6117/1445/2086 6118/1444/2086 6134/1465/2086
f 6134/1465/2086 6118/1444/2086 6119/1448/2086 6135/1466/2086
f 6136/1467/2086 6120/1452/2086 6117/1445/2086 6133/1464/2086
f 6137/1468/2086 6121/1451/2086 6120/1452/2086 6136/1467/2086
f 6138/1469/2086 6122/1450/2086 6121/1451/2086 6137/1468/2086
f 6139/1470/2086 6123/1449/2086 6122/1450/2086 6138/1469/2086
f 6140/1471/2086 6124/1446/2086 6123/1449/2086 6139/1470/2086
f 6141/1472/2086 6125/1447/2086 6124/1446/2086 6140/1471/2086
f 6143/1473/2086 6127/1444/2086 6126/1445/2086 6142/1474/2086
f 6142/1474/2086 6126/1445/2086 6128/1452/2086 6144/1467/2086
f 6144/1467/2086 6128/1452/2086 6129/1451/2086 6145/1475/2086
f 6145/1475/2086 6129/1451/2086 6130/1450/2086 6146/1476/2086
f 6146/1476/2086 6130/1450/2086 6131/1449/2086 6147/1477/2086
f 6147/1477/2086 6131/1449/2086 6132/1446/2086 6148/1478/2086
f 6135/1466/2086 6119/1448/2086 6127/1444/2086 6143/1473/2086
f 6148/1478/2086 6132/1446/2086 6125/1447/2086 6141/1472/2086
f 6103/1479/2163 6133/1464/2163 6134/1465/2163 6070/1480/2163
f 6070/1480/2164 6134/1465/2164 6135/1466/2164 6102/1481/2164
f 6104/1482/2165 6136/1467/2165 6133/1464/2165 6103/1479/2165
f 6105/1483/2166 6137/1468/2166 6136/1467/2166 6104/1482/2166
f 6106/1484/2167 6138/1469/2167 6137/1468/2167 6105/1483/2167
f 6107/1485/2168 6139/1470/2168 6138/1469/2168 6106/1484/2168
f 6108/1486/2169 6140/1471/2169 6139/1470/2169 6107/1485/2169
f 6109/1487/2170 6141/1472/2170 6140/1471/2170 6108/1486/2170
f 6110/1462/2171 6143/1473/2171 6142/1474/2171 6111/1488/2171
f 6111/1488/2172 6142/1474/2172 6144/1467/2172 6112/1489/2172
f 6112/1489/2173 6144/1467/2173 6145/1475/2173 6113/1461/2173
f 6113/1461/2174 6145/1475/2174 6146/1476/2174 6114/1490/2174
f 6114/1490/2175 6146/1476/2175 6147/1477/2175 6115/1491/2175
f 6115/1491/2176 6147/1477/2176 6148/1478/2176 6116/1463/2176
f 6102/1481/2177 6135/1466/2177 6143/1473/2177 6110/1462/2177
f 6116/1463/2178 6148/1478/2178 6141/1472/2178 6109/1487/2178
f 6156/1447/2086 6166/1447/2086 6164/1446/2086 6154/1446/2086
f 6158/1449/2096 6168/1449/2096 6163/1449/2096 6153/1449/2096
f 6180/1446/2093 6176/1446/2093 6177/1449/2093 6163/1449/2093
f 6154/1446/2086 6164/1446/2086 6165/1449/2086 6155/1449/2086
f 6132/1446/2179 6157/1446/2179 6158/1449/2179 6131/1449/2179
f 6092/1449/2180 6150/1449/2180 6149/1446/2180 6093/1446/2180
f 6125/1447/2181 6156/1447/2181 6154/1446/2181 6124/1446/2181
f 6100/1449/2182 6153/1449/2182 6152/1446/2182 6101/1446/2182
f 6123/1449/2096 6155/1449/2096 6150/1449/2096 6092/1449/2096
f 6093/1446/2183 6149/1446/2183 6151/1447/2183 6094/1447/2183
f 6163/1449/2093 6168/1449/2093 6167/1446/2093 6180/1446/2093
f 6160/1449/2089 6165/1449/2089 6164/1446/2089 6178/1446/2089
f 6178/1446/2091 6164/1446/2091 6166/1447/2091 6179/1447/2091
f 6180/1446/2094 6167/1446/2094 6166/1447/2094 6179/1447/2094
f 6149/1446/2120 6169/1446/2120 6171/1447/2120 6151/1447/2120
f 6155/1449/2096 6165/1449/2096 6160/1449/2096 6150/1449/2096
f 6157/1446/2085 6167/1446/2085 6168/1449/2085 6158/1449/2085
f 6160/1449/2096 6175/1449/2096 6170/1449/2096 6150/1449/2096
f 6156/1447/2085 6166/1447/2085 6167/1446/2085 6157/1446/2085
f 6153/1449/2121 6173/1449/2121 6172/1446/2121 6152/1446/2121
f 6161/1447/2125 6186/1447/2125 6187/1492/2125 6159/1492/2125
f 6152/1446/2121 6172/1446/2121 6171/1447/2121 6151/1447/2121
f 6178/1446/2089 6174/1446/2089 6175/1449/2089 6160/1449/2089
f 6163/1449/2096 6177/1449/2096 6173/1449/2096 6153/1449/2096
f 6150/1449/2120 6170/1449/2120 6169/1446/2120 6149/1446/2120
f 6159/1492/2091 6178/1446/2091 6179/1447/2091 6161/1447/2091
f 6162/1493/2094 6180/1446/2094 6179/1447/2094 6161/1447/2094
f 6181/1494/2091 6174/1446/2091 6178/1446/2091 6159/1492/2091
f 6182/1495/2123 6176/1446/2123 6180/1446/2123 6162/1493/2123
f 6186/1447/2091 6184/1447/2091 6183/1494/2091 6187/1492/2091
f 6186/1447/2094 6184/1447/2094 6185/1495/2094 6188/1493/2094
f 6162/1493/2124 6188/1493/2124 6185/1495/2124 6182/1495/2124
f 6161/1447/2122 6186/1447/2122 6188/1493/2122 6162/1493/2122
f 6159/1492/2124 6187/1492/2124 6183/1494/2124 6181/1494/2124
f 6190/1447/2184 6198/1498/2184 6199/1497/2184 6205/1496/2184
f 6201/1499/2185 6190/1447/2185 6203/1501/2185 6200/1500/2185
f 6202/1502/2186 6198/1498/2186 6190/1447/2186 6201/1499/2186
f 6190/1447/2187 6205/1496/2187 6204/1503/2187 6203/1501/2187
f 6198/1498/2188 6191/1505/2188 6197/1504/2188 6199/1497/2188
f 6200/1500/2189 6192/1507/2189 6193/1506/2189 6201/1499/2189
f 6201/1499/2190 6193/1506/2190 6194/1508/2190 6202/1502/2190
f 6203/1501/2191 6189/1509/2191 6192/1507/2191 6200/1500/2191
f 6202/1502/2192 6194/1508/2192 6191/1505/2192 6198/1498/2192
f 6205/1496/2193 6196/1496/2193 6195/1510/2193 6204/1503/2193
f 6199/1497/2194 6197/1504/2194 6196/1496/2194 6205/1496/2194
f 6204/1503/2195 6195/1510/2195 6189/1509/2195 6203/1501/2195
f 6212/1443/2085 6220/1443/2085 6230/1443/2085 6221/1443/2085
f 6218/1443/2085 6211/1443/2085 6225/1443/2085 6227/1443/2085
f 6219/1443/2196 6218/1443/2196 6227/1443/2196 6229/1443/2196
f 6215/1443/2197 6214/1443/2197 6223/1443/2197 6224/1443/2197
f 6208/1443/2198 6207/1443/2198 6233/1443/2198 6238/1443/2198
f 6207/1443/2199 6206/1443/2199 6239/1443/2199 6233/1443/2199
f 6209/1443/2200 6208/1443/2200 6238/1443/2200 6231/1443/2200
f 6228/1443/2200 6226/1443/2200 6223/1443/2200 6222/1443/2200
f 6229/1443/2199 6227/1443/2199 6225/1443/2199 6224/1443/2199
f 6230/1443/2201 6228/1443/2201 6222/1443/2201 6221/1443/2201
f 6226/1443/2198 6229/1443/2198 6224/1443/2198 6223/1443/2198
f 6211/1443/2202 6215/1443/2202 6224/1443/2202 6225/1443/2202
f 6217/1443/2203 6216/1443/2203 6226/1443/2203 6228/1443/2203
f 6213/1443/2204 6212/1443/2204 6221/1443/2204 6222/1443/2204
f 6216/1443/2205 6219/1443/2205 6229/1443/2205 6226/1443/2205
f 6214/1443/2206 6213/1443/2206 6222/1443/2206 6223/1443/2206
f 6220/1443/2207 6217/1443/2207 6228/1443/2207 6230/1443/2207
f 6212/1443/2121 6213/1443/2121 6214/1443/2121 6215/1443/2121 6211/1443/2121
f 6235/1443/2201 6232/1443/2201 6217/1443/2201 6220/1443/2201
f 6242/1443/2198 6234/1443/2198 6219/1443/2198 6216/1443/2198
f 6232/1443/2200 6242/1443/2200 6216/1443/2200 6217/1443/2200
f 6234/1443/2199 6240/1443/2199 6218/1443/2199 6219/1443/2199
f 6241/1443/2200 6244/1443/2200 6243/1443/2200 6237/1443/2200
f 6245/1443/2199 6248/1443/2199 6246/1443/2199 6247/1443/2199
f 6250/1443/2201 6249/1443/2201 6244/1443/2201 6241/1443/2201
f 6237/1443/2198 6243/1443/2198 6248/1443/2198 6245/1443/2198
f 6210/1443/2201 6209/1443/2201 6231/1443/2201 6236/1443/2201
f 6237/1443/2208 6242/1443/2208 6232/1443/2208 6241/1443/2208
f 6244/1443/2209 6231/1443/2209 6238/1443/2209 6243/1443/2209
f 6247/1443/2210 6240/1443/2210 6234/1443/2210 6245/1443/2210
f 6246/1443/2211 6239/1443/2211 6240/1443/2211 6247/1443/2211
f 6248/1443/2212 6233/1443/2212 6239/1443/2212 6246/1443/2212
f 6250/1443/2213 6235/1443/2213 6236/1443/2213 6249/1443/2213
f 6241/1443/2214 6232/1443/2214 6235/1443/2214 6250/1443/2214
f 6249/1443/2215 6236/1443/2215 6231/1443/2215 6244/1443/2215
f 6245/1443/2216 6234/1443/2216 6242/1443/2216 6237/1443/2216
f 6243/1443/2217 6238/1443/2217 6233/1443/2217 6248/1443/2217
f 5914/1448/2094 6069/1448/2094 6068/1444/2094 5913/1444/2094
f 5947/1481/2085 5915/1480/2085 5954/1487/2085
f 5915/1480/2085 5948/1479/2085 5949/1482/2085
f 5950/1483/2085 5915/1480/2085 5949/1482/2085
f 5950/1483/2085 5951/1484/2085 5953/1486/2085
f 5951/1484/2085 5952/1485/2085 5953/1486/2085
f 5953/1486/2085 5954/1487/2085 5915/1480/2085
f 5950/1483/2085 5953/1486/2085 5915/1480/2085
f 5954/1487/2085 5961/1463/2085 5955/1462/2085
f 5961/1463/2085 5960/1491/2085 5959/1490/2085
f 5958/1461/2085 5961/1463/2085 5959/1490/2085
f 5958/1461/2085 5957/1489/2085 5955/1462/2085
f 5957/1489/2085 5956/1488/2085 5955/1462/2085
f 5955/1462/2085 5947/1481/2085 5954/1487/2085
f 6103/1479/2086 6070/1480/2086 6104/1482/2086
f 6070/1480/2086 6102/1481/2086 6109/1487/2086
f 6102/1481/2086 6110/1462/2086 6116/1463/2086
f 6110/1462/2086 6111/1488/2086 6112/1489/2086
f 6116/1463/2086 6113/1461/2086 6114/1490/2086
f 6112/1489/2086 6113/1461/2086 6110/1462/2086
f 6114/1490/2086 6115/1491/2086 6116/1463/2086
f 6116/1463/2086 6109/1487/2086 6102/1481/2086
f 6109/1487/2086 6108/1486/2086 6070/1480/2086
f 6108/1486/2086 6107/1485/2086 6106/1484/2086
f 6070/1480/2086 6105/1483/2086 6104/1482/2086
f 6106/1484/2086 6105/1483/2086 6108/1486/2086
f 6113/1461/2086 6116/1463/2086 6110/1462/2086
f 6252/1511/2218 6321/1512/2218 6322/1513/2218 6256/1514/2218
f 6319/1515/2219 6253/1516/2219 6257/1517/2219 6320/1518/2219
f 6368/1511/2220 6252/1511/2220 6256/1514/2220 6388/1519/2220
f 6256/1514/2221 6322/1513/2221 6323/1520/2221 6260/1521/2221
f 6320/1518/2222 6257/1517/2222 6261/1522/2222 6324/1523/2222
f 6388/1519/2223 6256/1514/2223 6260/1521/2223 6387/1524/2223
f 6324/1523/2224 6261/1522/2224 6265/1525/2224 6325/1526/2224
f 6387/1524/2225 6260/1521/2225 6264/1527/2225 6386/1528/2225
f 6260/1521/2226 6323/1520/2226 6326/1529/2226 6264/1527/2226
f 6386/1528/2227 6264/1527/2227 6268/1530/2227 6385/1531/2227
f 6264/1527/2228 6326/1529/2228 6327/1532/2228 6268/1530/2228
f 6325/1526/2229 6265/1525/2229 6269/1533/2229 6328/1534/2229
f 6268/1530/2230 6327/1532/2230 6330/1535/2230 6272/1536/2230
f 6328/1534/2231 6269/1533/2231 6273/1537/2231 6329/1538/2231
f 6385/1531/2232 6268/1530/2232 6272/1536/2232 6384/1539/2232
f 6272/1536/2233 6330/1535/2233 6331/1540/2233 6276/1541/2233
f 6329/1538/2234 6273/1537/2234 6277/1542/2234 6332/1543/2234
f 6384/1539/2235 6272/1536/2235 6276/1541/2235 6383/1541/2235
f 6332/1543/2236 6277/1542/2236 6281/1544/2236 6333/1545/2236
f 6383/1541/2237 6276/1541/2237 6280/1546/2237 6382/1547/2237
f 6276/1541/2238 6331/1540/2238 6334/1548/2238 6280/1546/2238
f 6280/1546/2239 6334/1548/2239 6335/1549/2239 6284/1550/2239
f 6333/1545/2240 6281/1544/2240 6285/1551/2240 6336/1552/2240
f 6382/1547/2241 6280/1546/2241 6284/1550/2241 6367/1550/2241
f 6284/1550/2242 6335/1549/2242 6307/1549/2242 6306/1550/2242
f 6372/1516/2243 6253/1516/2243 6309/1516/2243 6292/1516/2243
f 6253/1516/2244 6319/1515/2244 6308/1515/2244 6309/1516/2244
f 6336/1552/2245 6285/1551/2245 6305/1551/2245 6295/1552/2245
f 6252/1511/2243 6368/1511/2243 6290/1511/2243 6287/1511/2243
f 6285/1551/2246 6371/1551/2246 6291/1551/2246 6305/1551/2246
f 6367/1550/2246 6284/1550/2246 6306/1550/2246 6289/1550/2246
f 6321/1512/2247 6252/1511/2247 6287/1511/2247 6288/1512/2247
f 6281/1544/2241 6375/1544/2241 6371/1551/2241 6285/1551/2241
f 6277/1542/2237 6376/1553/2237 6375/1544/2237 6281/1544/2237
f 6273/1537/2235 6377/1554/2235 6376/1553/2235 6277/1542/2235
f 6269/1533/2232 6378/1533/2232 6377/1554/2232 6273/1537/2232
f 6265/1525/2227 6379/1555/2227 6378/1533/2227 6269/1533/2227
f 6261/1522/2225 6380/1556/2225 6379/1555/2225 6265/1525/2225
f 6257/1517/2223 6381/1557/2223 6380/1556/2223 6261/1522/2223
f 6253/1516/2220 6372/1516/2220 6381/1557/2220 6257/1517/2220
f 6258/1558/2248 6254/1559/2248 6319/1515/2248 6320/1518/2248
f 6251/1560/2086 6255/1561/2086 6322/1513/2086 6321/1512/2086
f 6255/1561/2086 6259/1562/2086 6323/1520/2086 6322/1513/2086
f 6262/1563/2085 6258/1558/2085 6320/1518/2085 6324/1523/2085
f 6266/1564/2085 6262/1563/2085 6324/1523/2085 6325/1526/2085
f 6259/1562/2086 6263/1565/2086 6326/1529/2086 6323/1520/2086
f 6263/1565/2086 6267/1566/2086 6327/1532/2086 6326/1529/2086
f 6270/1567/2085 6266/1564/2085 6325/1526/2085 6328/1534/2085
f 6274/1568/2085 6270/1567/2085 6328/1534/2085 6329/1538/2085
f 6267/1566/2086 6271/1569/2086 6330/1535/2086 6327/1532/2086
f 6271/1569/2086 6275/1570/2086 6331/1540/2086 6330/1535/2086
f 6278/1571/2085 6274/1568/2085 6329/1538/2085 6332/1543/2085
f 6282/1572/2085 6278/1571/2085 6332/1543/2085 6333/1545/2085
f 6275/1570/2086 6279/1573/2086 6334/1548/2086 6331/1540/2086
f 6279/1573/2086 6283/1574/2086 6335/1549/2086 6334/1548/2086
f 6286/1575/2249 6282/1572/2249 6333/1545/2249 6336/1552/2249
f 6254/1559/2250 6345/1576/2250 6308/1515/2250 6319/1515/2250
f 6347/1577/2251 6286/1575/2251 6336/1552/2251 6295/1552/2251
f 6283/1574/2086 6348/1578/2086 6307/1549/2086 6335/1549/2086
f 6344/1579/2086 6251/1560/2086 6321/1512/2086 6288/1512/2086
f 6337/1580/2086 6344/1579/2086 6288/1512/2086 6294/1581/2086
f 6345/1576/2252 6342/1582/2252 6293/1453/2252 6308/1515/2252
f 6342/1583/2253 6347/1577/2253 6295/1552/2253 6293/1460/2253
f 6348/1578/2086 6337/1584/2086 6294/1584/2086 6307/1549/2086
f 6343/1580/2254 6341/1585/2254 6344/1579/2254 6337/1580/2254
f 6338/1586/2255 6346/1587/2255 6342/1582/2255 6345/1576/2255
f 6346/1588/2256 6339/1589/2256 6347/1577/2256 6342/1583/2256
f 6340/1590/2254 6343/1584/2254 6337/1584/2254 6348/1578/2254
f 6350/1444/2257 6349/1448/2257 6254/1559/2257 6258/1558/2257
f 6351/1591/2258 6352/1592/2258 6255/1561/2258 6251/1560/2258
f 6352/1592/2259 6353/1593/2259 6259/1562/2259 6255/1561/2259
f 6354/1445/2260 6350/1444/2260 6258/1558/2260 6262/1563/2260
f 6355/1452/2261 6354/1445/2261 6262/1563/2261 6266/1564/2261
f 6353/1593/2262 6356/1594/2262 6263/1565/2262 6259/1562/2262
f 6356/1594/2263 6357/1595/2263 6267/1566/2263 6263/1565/2263
f 6358/1451/2264 6355/1452/2264 6266/1564/2264 6270/1567/2264
f 6359/1450/2265 6358/1451/2265 6270/1567/2265 6274/1568/2265
f 6357/1595/2266 6360/1596/2266 6271/1569/2266 6267/1566/2266
f 6360/1596/2267 6361/1597/2267 6275/1570/2267 6271/1569/2267
f 6362/1449/2268 6359/1450/2268 6274/1568/2268 6278/1571/2268
f 6363/1446/2269 6362/1449/2269 6278/1571/2269 6282/1572/2269
f 6361/1597/2270 6364/1598/2270 6279/1573/2270 6275/1570/2270
f 6364/1598/2271 6365/1599/2271 6283/1574/2271 6279/1573/2271
f 6366/1447/2272 6363/1446/2272 6282/1572/2272 6286/1575/2272
f 6349/1448/2273 6338/1586/2273 6345/1576/2273 6254/1559/2273
f 6339/1589/2274 6366/1447/2274 6286/1575/2274 6347/1577/2274
f 6365/1599/2275 6340/1590/2275 6348/1578/2275 6283/1574/2275
f 6341/1585/2276 6351/1591/2276 6251/1560/2276 6344/1579/2276
f 6343/1584/2277 6340/1590/2277 6347/1577/2277 6342/1583/2277
f 6340/1590/2278 6365/1599/2278 6286/1575/2278 6347/1577/2278
f 6365/1599/2279 6364/1598/2279 6282/1572/2279 6286/1575/2279
f 6364/1598/2280 6361/1597/2280 6278/1571/2280 6282/1572/2280
f 6361/1597/2281 6360/1596/2281 6274/1568/2281 6278/1571/2281
f 6360/1596/2282 6357/1595/2282 6270/1567/2282 6274/1568/2282
f 6357/1595/2283 6356/1594/2283 6266/1564/2283 6270/1567/2283
f 6356/1594/2284 6353/1593/2284 6262/1563/2284 6266/1564/2284
f 6353/1593/2285 6352/1592/2285 6258/1558/2285 6262/1563/2285
f 6352/1592/2286 6351/1591/2286 6254/1559/2286 6258/1558/2286
f 6351/1591/2287 6341/1585/2287 6345/1576/2287 6254/1559/2287
f 6341/1585/2288 6343/1580/2288 6342/1582/2288 6345/1576/2288
f 6373/1600/2246 6304/1600/2246 6318/1601/2246 6369/1602/2246
f 6304/1600/2241 6303/1603/2241 6317/1604/2241 6318/1601/2241
f 6303/1603/2237 6302/1605/2237 6316/1606/2237 6317/1604/2237
f 6302/1605/2235 6301/1607/2235 6315/1608/2235 6316/1606/2235
f 6301/1607/2232 6300/1609/2232 6314/1610/2232 6315/1608/2232
f 6300/1609/2227 6299/1611/2227 6313/1612/2227 6314/1610/2227
f 6299/1611/2225 6298/1613/2225 6312/1614/2225 6313/1612/2225
f 6298/1613/2223 6297/1615/2223 6311/1616/2223 6312/1614/2223
f 6297/1615/2220 6296/1617/2220 6310/1618/2220 6311/1616/2220
f 6296/1617/2243 6374/1619/2243 6370/1620/2243 6310/1618/2243
f 6369/1602/2289 6318/1601/2289 6367/1550/2289 6289/1550/2289
f 6310/1618/2290 6370/1620/2290 6290/1511/2290 6368/1511/2290
f 6304/1600/2291 6373/1600/2291 6291/1551/2291 6371/1551/2291
f 6374/1619/2292 6296/1617/2292 6372/1516/2292 6292/1516/2292
f 6303/1603/2293 6304/1600/2293 6371/1551/2293 6375/1544/2293
f 6302/1605/2294 6303/1603/2294 6375/1544/2294 6376/1553/2294
f 6301/1607/2295 6302/1605/2295 6376/1553/2295 6377/1554/2295
f 6300/1609/2296 6301/1607/2296 6377/1554/2296 6378/1533/2296
f 6299/1611/2297 6300/1609/2297 6378/1533/2297 6379/1555/2297
f 6298/1613/2298 6299/1611/2298 6379/1555/2298 6380/1556/2298
f 6297/1615/2299 6298/1613/2299 6380/1556/2299 6381/1557/2299
f 6296/1617/2300 6297/1615/2300 6381/1557/2300 6372/1516/2300
f 6318/1601/2301 6317/1604/2301 6382/1547/2301 6367/1550/2301
f 6317/1604/2302 6316/1606/2302 6383/1541/2302 6382/1547/2302
f 6316/1606/2303 6315/1608/2303 6384/1539/2303 6383/1541/2303
f 6315/1608/2304 6314/1610/2304 6385/1531/2304 6384/1539/2304
f 6314/1610/2305 6313/1612/2305 6386/1528/2305 6385/1531/2305
f 6313/1612/2306 6312/1614/2306 6387/1524/2306 6386/1528/2306
f 6312/1614/2307 6311/1616/2307 6388/1519/2307 6387/1524/2307
f 6311/1616/2308 6310/1618/2308 6368/1511/2308 6388/1519/2308
f 6428/1621/2309 6426/1622/2309 6444/1622/2309 6446/1621/2309
f 6408/1521/2310 6404/1514/2310 6413/1514/2310 6407/1521/2310
f 6416/1536/2311 6414/1530/2311 6395/1530/2311 6391/1536/2311
f 6420/1541/2312 6416/1536/2312 6391/1536/2312 6440/1541/2312
f 6404/1514/2313 6402/1511/2313 6419/1511/2313 6413/1514/2313
f 6439/1623/2314 6393/1624/2314 6437/1624/2314 6455/1623/2314
f 6393/1624/2315 6397/1625/2315 6430/1625/2315 6437/1624/2315
f 6427/1626/2309 6429/1627/2309 6447/1627/2309 6445/1626/2309
f 6411/1525/2316 6415/1533/2316 6394/1533/2316 6400/1525/2316
f 6415/1533/2311 6417/1537/2311 6390/1537/2311 6394/1533/2311
f 6423/1544/2317 6427/1551/2317 6445/1551/2317 6443/1544/2317
f 6392/1628/2314 6389/1629/2314 6436/1629/2314 6438/1628/2314
f 6403/1516/2313 6405/1517/2313 6412/1517/2313 6418/1516/2313
f 6422/1546/2318 6420/1541/2318 6440/1541/2318 6442/1546/2318
f 6398/1630/2319 6396/1631/2319 6431/1631/2319 6425/1630/2319
f 6402/1511/2320 6398/1630/2320 6425/1630/2320 6419/1511/2320
f 6435/1632/2321 6439/1623/2321 6455/1623/2321 6453/1632/2321
f 6432/1633/2322 6428/1621/2322 6446/1621/2322 6450/1633/2322
f 6410/1527/2323 6408/1521/2323 6407/1521/2323 6401/1527/2323
f 6434/1634/2324 6432/1633/2324 6450/1633/2324 6452/1634/2324
f 6414/1530/2316 6410/1527/2316 6401/1527/2316 6395/1530/2316
f 6426/1550/2317 6422/1546/2317 6442/1546/2317 6444/1550/2317
f 6405/1517/2310 6409/1522/2310 6406/1522/2310 6412/1517/2310
f 6417/1537/2312 6421/1542/2312 6441/1542/2312 6390/1537/2312
f 6397/1625/2319 6399/1635/2319 6424/1635/2319 6430/1625/2319
f 6421/1542/2318 6423/1544/2318 6443/1544/2318 6441/1542/2318
f 6389/1629/2321 6434/1634/2321 6452/1634/2321 6436/1629/2321
f 6399/1635/2320 6403/1516/2320 6418/1516/2320 6424/1635/2320
f 6429/1627/2322 6433/1636/2322 6451/1636/2322 6447/1627/2322
f 6409/1522/2323 6411/1525/2323 6400/1525/2323 6406/1522/2323
f 6433/1636/2324 6435/1632/2324 6453/1632/2324 6451/1636/2324
f 6396/1631/2315 6392/1628/2315 6438/1628/2315 6431/1631/2315
f 6436/1629/2325 6518/1637/2325 6513/1638/2325 6438/1628/2325
f 6515/1639/2326 6455/1623/2326 6437/1624/2326 6514/1640/2326
f 6514/1640/2327 6437/1624/2327 6430/1625/2327 6511/1641/2327
f 6438/1628/2328 6513/1638/2328 6512/1642/2328 6431/1631/2328
f 6431/1631/2329 6512/1642/2329 6510/1643/2329 6425/1630/2329
f 6511/1641/2330 6430/1625/2330 6424/1635/2330 6509/1644/2330
f 6425/1630/2331 6510/1643/2331 6507/1512/2331 6419/1511/2331
f 6509/1644/2332 6424/1635/2332 6418/1516/2332 6508/1515/2332
f 6508/1515/2333 6418/1516/2333 6412/1517/2333 6505/1518/2333
f 6419/1511/2334 6507/1512/2334 6506/1513/2334 6413/1514/2334
f 6413/1514/2335 6506/1513/2335 6503/1520/2335 6407/1521/2335
f 6505/1518/2336 6412/1517/2336 6406/1522/2336 6504/1523/2336
f 6407/1521/2337 6503/1520/2337 6502/1529/2337 6401/1527/2337
f 6504/1523/2338 6406/1522/2338 6400/1525/2338 6501/1526/2338
f 6401/1527/2339 6502/1529/2339 6499/1532/2339 6395/1530/2339
f 6501/1526/2340 6400/1525/2340 6394/1533/2340 6500/1534/2340
f 6500/1534/2341 6394/1533/2341 6390/1537/2341 6497/1538/2341
f 6395/1530/2342 6499/1532/2342 6498/1535/2342 6391/1536/2342
f 6391/1536/2343 6498/1535/2343 6495/1540/2343 6440/1541/2343
f 6497/1538/2344 6390/1537/2344 6441/1542/2344 6496/1543/2344
f 6440/1541/2345 6495/1540/2345 6494/1548/2345 6442/1546/2345
f 6496/1543/2346 6441/1542/2346 6443/1544/2346 6493/1545/2346
f 6442/1546/2347 6494/1548/2347 6491/1549/2347 6444/1550/2347
f 6493/1545/2348 6443/1544/2348 6445/1551/2348 6492/1552/2348
f 6492/1645/2349 6445/1626/2349 6447/1627/2349 6487/1646/2349
f 6444/1622/2350 6491/1647/2350 6490/1648/2350 6446/1621/2350
f 6446/1621/2351 6490/1648/2351 6489/1649/2351 6450/1633/2351
f 6487/1646/2352 6447/1627/2352 6451/1636/2352 6488/1650/2352
f 6450/1633/2353 6489/1649/2353 6516/1651/2353 6452/1634/2353
f 6488/1650/2354 6451/1636/2354 6453/1632/2354 6517/1652/2354
f 6517/1652/2355 6453/1632/2355 6455/1623/2355 6515/1639/2355
f 6452/1634/2356 6516/1651/2356 6518/1637/2356 6436/1629/2356
f 6448/1653/2085 6519/1654/2085 6520/1655/2085
f 6449/1656/2086 6521/1657/2086 6522/1658/2086
f 6449/1659/2086 6522/1658/2086 6523/1660/2086
f 6448/1661/2085 6524/1662/2085 6519/1654/2085
f 6448/1663/2085 6525/1664/2085 6524/1665/2085
f 6449/1666/2086 6523/1667/2086 6526/1668/2086
f 6449/1669/2086 6526/1668/2086 6527/1670/2086
f 6448/1671/2085 6528/1672/2085 6525/1664/2085
f 6448/1673/2085 6529/1674/2085 6528/1672/2085
f 6449/1675/2086 6527/1670/2086 6530/1676/2086
f 6449/1677/2086 6530/1676/2086 6531/1678/2086
f 6448/1679/2085 6532/1680/2085 6529/1674/2085
f 6448/1681/2085 6533/1682/2085 6532/1680/2085
f 6449/1683/2086 6531/1678/2086 6534/1684/2086
f 6449/1685/2086 6534/1684/2086 6535/1686/2086
f 6448/1687/2085 6536/1688/2085 6533/1682/2085
f 6448/1689/2085 6537/1690/2085 6536/1688/2085
f 6449/1691/2086 6535/1686/2086 6538/1692/2086
f 6449/1693/2086 6538/1692/2086 6539/1694/2086
f 6448/1695/2085 6540/1696/2085 6537/1690/2085
f 6448/1697/2085 6541/1698/2085 6540/1696/2085
f 6449/1699/2086 6539/1694/2086 6542/1700/2086
f 6448/1701/2085 6543/1702/2085 6541/1698/2085
f 6449/1703/2086 6542/1700/2086 6544/1704/2086
f 6449/1705/2086 6544/1704/2086 6545/1706/2086
f 6448/1707/2085 6546/1708/2085 6543/1702/2085
f 6448/1709/2085 6547/1710/2085 6546/1708/2085
f 6449/1711/2086 6548/1712/2086 6521/1657/2086
f 6448/1713/2085 6520/1655/2085 6549/1714/2085
f 6449/1715/2086 6550/1716/2086 6548/1712/2086
f 6449/1717/2086 6545/1706/2086 6550/1716/2086
f 6448/1718/2085 6549/1714/2085 6547/1710/2085
f 6411/1525/2086 6405/1517/2086 6423/1544/2086
f 6428/1621/2085 6434/1634/2085 6398/1630/2085
f 6434/1634/2085 6389/1629/2085 6398/1630/2085
f 6389/1629/2085 6392/1628/2085 6398/1630/2085
f 6392/1628/2085 6396/1631/2085 6398/1630/2085
f 6398/1630/2085 6402/1511/2085 6426/1622/2085
f 6402/1511/2085 6404/1514/2085 6422/1546/2085
f 6404/1514/2085 6408/1521/2085 6410/1527/2085
f 6410/1527/2085 6414/1530/2085 6416/1536/2085
f 6416/1536/2085 6420/1541/2085 6410/1527/2085
f 6420/1541/2085 6422/1546/2085 6410/1527/2085
f 6422/1546/2085 6426/1622/2085 6402/1511/2085
f 6426/1622/2085 6428/1621/2085 6398/1630/2085
f 6428/1621/2085 6432/1633/2085 6434/1634/2085
f 6404/1514/2085 6410/1527/2085 6422/1546/2085
f 6399/1635/2086 6397/1625/2086 6393/1624/2086
f 6393/1624/2086 6439/1623/2086 6399/1635/2086
f 6439/1623/2086 6435/1632/2086 6399/1635/2086
f 6435/1632/2086 6433/1636/2086 6429/1627/2086
f 6429/1627/2086 6427/1551/2086 6399/1635/2086
f 6427/1551/2086 6423/1544/2086 6403/1516/2086
f 6399/1635/2086 6427/1551/2086 6403/1516/2086
f 6423/1544/2086 6421/1542/2086 6411/1525/2086
f 6421/1542/2086 6417/1537/2086 6411/1525/2086
f 6417/1537/2086 6415/1533/2086 6411/1525/2086
f 6411/1525/2086 6409/1522/2086 6405/1517/2086
f 6405/1517/2086 6403/1516/2086 6423/1544/2086
f 6435/1632/2086 6429/1627/2086 6399/1635/2086
f 6457/1719/2085 6456/1720/2085 6487/1646/2085 6488/1650/2085
f 6459/1721/2086 6458/1722/2086 6489/1649/2086 6490/1648/2086
f 6460/1723/2086 6459/1721/2086 6490/1648/2086 6491/1647/2086
f 6456/1720/2085 6461/1724/2085 6492/1645/2085 6487/1646/2085
f 6461/1725/2085 6462/1726/2085 6493/1545/2085 6492/1552/2085
f 6463/1727/2086 6460/1728/2086 6491/1549/2086 6494/1548/2086
f 6464/1729/2086 6463/1727/2086 6494/1548/2086 6495/1540/2086
f 6462/1726/2085 6465/1730/2085 6496/1543/2085 6493/1545/2085
f 6465/1730/2085 6466/1731/2085 6497/1538/2085 6496/1543/2085
f 6467/1732/2086 6464/1729/2086 6495/1540/2086 6498/1535/2086
f 6468/1733/2086 6467/1732/2086 6498/1535/2086 6499/1532/2086
f 6466/1731/2085 6469/1734/2085 6500/1534/2085 6497/1538/2085
f 6469/1734/2085 6470/1735/2085 6501/1526/2085 6500/1534/2085
f 6471/1736/2086 6468/1733/2086 6499/1532/2086 6502/1529/2086
f 6472/1737/2086 6471/1736/2086 6502/1529/2086 6503/1520/2086
f 6470/1735/2085 6473/1738/2085 6504/1523/2085 6501/1526/2085
f 6473/1738/2085 6474/1739/2085 6505/1518/2085 6504/1523/2085
f 6475/1740/2086 6472/1737/2086 6503/1520/2086 6506/1513/2086
f 6476/1741/2086 6475/1740/2086 6506/1513/2086 6507/1512/2086
f 6474/1739/2085 6477/1742/2085 6508/1515/2085 6505/1518/2085
f 6477/1742/2085 6478/1743/2085 6509/1644/2085 6508/1515/2085
f 6479/1744/2086 6476/1741/2086 6507/1512/2086 6510/1643/2086
f 6478/1743/2085 6480/1745/2085 6511/1641/2085 6509/1644/2085
f 6481/1746/2086 6479/1744/2086 6510/1643/2086 6512/1642/2086
f 6482/1747/2086 6481/1746/2086 6512/1642/2086 6513/1638/2086
f 6480/1745/2085 6483/1748/2085 6514/1640/2085 6511/1641/2085
f 6483/1748/2085 6484/1749/2085 6515/1639/2085 6514/1640/2085
f 6458/1722/2086 6485/1750/2086 6516/1651/2086 6489/1649/2086
f 6486/1751/2085 6457/1719/2085 6488/1650/2085 6517/1652/2085
f 6485/1750/2086 6454/1752/2086 6518/1637/2086 6516/1651/2086
f 6454/1752/2086 6482/1747/2086 6513/1638/2086 6518/1637/2086
f 6484/1749/2085 6486/1751/2085 6517/1652/2085 6515/1639/2085
f 6520/1655/2357 6519/1654/2357 6456/1720/2357 6457/1719/2357
f 6522/1658/2358 6521/1657/2358 6458/1722/2358 6459/1721/2358
f 6523/1660/2359 6522/1658/2359 6459/1721/2359 6460/1723/2359
f 6519/1654/2360 6524/1662/2360 6461/1724/2360 6456/1720/2360
f 6524/1665/2361 6525/1664/2361 6462/1726/2361 6461/1725/2361
f 6526/1668/2362 6523/1667/2362 6460/1728/2362 6463/1727/2362
f 6527/1670/2363 6526/1668/2363 6463/1727/2363 6464/1729/2363
f 6525/1664/2364 6528/1672/2364 6465/1730/2364 6462/1726/2364
f 6528/1672/2365 6529/1674/2365 6466/1731/2365 6465/1730/2365
f 6530/1676/2366 6527/1670/2366 6464/1729/2366 6467/1732/2366
f 6531/1678/2367 6530/1676/2367 6467/1732/2367 6468/1733/2367
f 6529/1674/2368 6532/1680/2368 6469/1734/2368 6466/1731/2368
f 6532/1680/2369 6533/1682/2369 6470/1735/2369 6469/1734/2369
f 6534/1684/2370 6531/1678/2370 6468/1733/2370 6471/1736/2370
f 6535/1686/2371 6534/1684/2371 6471/1736/2371 6472/1737/2371
f 6533/1682/2372 6536/1688/2372 6473/1738/2372 6470/1735/2372
f 6536/1688/2373 6537/1690/2373 6474/1739/2373 6473/1738/2373
f 6538/1692/2374 6535/1686/2374 6472/1737/2374 6475/1740/2374
f 6539/1694/2375 6538/1692/2375 6475/1740/2375 6476/1741/2375
f 6537/1690/2376 6540/1696/2376 6477/1742/2376 6474/1739/2376
f 6540/1696/2377 6541/1698/2377 6478/1743/2377 6477/1742/2377
f 6542/1700/2378 6539/1694/2378 6476/1741/2378 6479/1744/2378
f 6541/1698/2379 6543/1702/2379 6480/1745/2379 6478/1743/2379
f 6544/1704/2380 6542/1700/2380 6479/1744/2380 6481/1746/2380
f 6545/1706/2381 6544/1704/2381 6481/1746/2381 6482/1747/2381
f 6543/1702/2382 6546/1708/2382 6483/1748/2382 6480/1745/2382
f 6546/1708/2383 6547/1710/2383 6484/1749/2383 6483/1748/2383
f 6521/1657/2384 6548/1712/2384 6485/1750/2384 6458/1722/2384
f 6549/1714/2385 6520/1655/2385 6457/1719/2385 6486/1751/2385
f 6548/1712/2386 6550/1716/2386 6454/1752/2386 6485/1750/2386
f 6550/1716/2387 6545/1706/2387 6482/1747/2387 6454/1752/2387
f 6547/1710/2388 6549/1714/2388 6486/1751/2388 6484/1749/2388
f 6559/1753/2085 6560/1754/2085 6554/1625/2085 6553/1755/2085
f 6586/1756/2389 6583/1757/2389 6558/1758/2389 6557/1759/2389
f 6557/1759/2086 6558/1758/2086 6561/1760/2086 6562/1761/2086
f 6581/1762/2390 6575/1763/2390 6552/1764/2390 6551/1765/2390
f 6586/1766/2391 6557/1759/2391 6562/1761/2391 6580/1767/2391
f 6584/1768/2392 6554/1769/2392 6560/1770/2392 6576/1771/2392
f 6551/1765/2393 6552/1764/2393 6560/1772/2393 6559/1773/2393
f 6556/1774/2394 6555/1775/2394 6562/1761/2394 6561/1760/2394
f 6581/1762/2395 6551/1765/2395 6559/1773/2395 6582/1776/2395
f 6577/1777/2396 6556/1774/2396 6561/1760/2396 6578/1778/2396
f 6552/1764/2396 6575/1763/2396 6576/1779/2396 6560/1772/2396
f 6574/1780/2397 6573/1781/2397 6569/1782/2397 6570/1783/2397
f 6555/1775/2395 6579/1784/2395 6580/1785/2395 6562/1761/2395
f 6572/1786/2398 6571/1787/2398 6567/1788/2398 6568/1789/2398
f 6558/1758/2392 6583/1790/2392 6578/1791/2392 6561/1760/2392
f 6566/1792/2399 6565/1793/2399 6570/1794/2399 6569/1795/2399
f 6553/1796/2391 6585/1797/2391 6582/1798/2391 6559/1799/2391
f 6564/1800/2400 6563/1801/2400 6568/1802/2400 6567/1803/2400
f 6555/1775/2390 6556/1774/2390 6577/1777/2390 6579/1784/2390
f 6572/1786/2390 6573/1781/2390 6574/1780/2390 6571/1787/2390
f 6553/1755/2389 6554/1625/2389 6584/1804/2389 6585/1805/2389
f 6564/1806/2389 6565/1807/2389 6566/1808/2389 6563/1809/2389
f 6574/1780/2401 6570/1783/2401 6576/1779/2401 6575/1763/2401
f 6569/1782/2402 6573/1781/2402 6577/1777/2402 6578/1778/2402
f 6572/1786/2403 6568/1789/2403 6580/1785/2403 6579/1784/2403
f 6567/1788/2404 6571/1787/2404 6581/1762/2404 6582/1776/2404
f 6566/1792/2405 6569/1795/2405 6578/1791/2405 6583/1790/2405
f 6570/1794/2406 6565/1793/2406 6584/1768/2406 6576/1771/2406
f 6564/1800/2407 6567/1803/2407 6582/1798/2407 6585/1797/2407
f 6568/1802/2408 6563/1801/2408 6586/1766/2408 6580/1767/2408
f 6573/1781/2390 6572/1786/2390 6579/1784/2390 6577/1777/2390
f 6571/1787/2390 6574/1780/2390 6575/1763/2390 6581/1762/2390
f 6565/1807/2409 6564/1806/2409 6585/1805/2409 6584/1804/2409
f 6563/1809/2410 6566/1808/2410 6583/1757/2410 6586/1756/2410
f 6588/1443/2411 6587/1443/2411 6595/1443/2411 6596/1443/2411
f 6587/1443/2412 6594/1443/2412 6602/1443/2412 6595/1443/2412
f 6593/1443/2413 6592/1443/2413 6600/1443/2413 6601/1443/2413
f 6591/1443/2414 6590/1443/2414 6598/1443/2414 6599/1443/2414
f 6589/1443/2415 6588/1443/2415 6596/1443/2415 6597/1443/2415
f 6594/1443/2416 6593/1443/2416 6601/1443/2416 6602/1443/2416
f 6592/1443/2417 6591/1443/2417 6599/1443/2417 6600/1443/2417
f 6590/1443/2418 6589/1443/2418 6597/1443/2418 6598/1443/2418
f 6595/1443/2389 6601/1443/2389 6599/1443/2389
f 6597/1443/2389 6596/1443/2389 6595/1443/2389
f 6595/1443/2389 6602/1443/2389 6601/1443/2389
f 6601/1443/2389 6600/1443/2389 6599/1443/2389
f 6599/1443/2389 6598/1443/2389 6597/1443/2389
f 6597/1443/2389 6595/1443/2389 6599/1443/2389
f 6764/1810/2419 6611/1811/2419 6615/1812/2419 6735/1813/2419
f 6608/1814/2420 6731/1815/2420 6734/1816/2420 6612/1817/2420
f 6604/1818/2421 6668/1629/2421 6667/1628/2421 6607/1819/2421
f 6698/1623/2422 6605/1820/2422 6608/1814/2422 6669/1624/2422
f 6793/1821/2423 6604/1818/2423 6607/1819/2423 6732/1822/2423
f 6607/1819/2424 6667/1628/2424 6671/1631/2424 6611/1811/2424
f 6669/1624/2425 6608/1814/2425 6612/1817/2425 6670/1625/2425
f 6605/1820/2426 6762/1823/2426 6731/1824/2426 6608/1814/2426
f 6670/1625/2427 6612/1817/2427 6616/1825/2427 6672/1635/2427
f 6612/1817/2428 6734/1816/2428 6736/1826/2428 6616/1825/2428
f 6735/1813/2429 6615/1812/2429 6619/1827/2429 6737/1828/2429
f 6611/1811/2430 6671/1631/2430 6673/1630/2430 6615/1812/2430
f 6672/1635/2431 6616/1825/2431 6620/1829/2431 6674/1516/2431
f 6616/1825/2432 6736/1830/2432 6738/1831/2432 6620/1829/2432
f 6737/1832/2433 6619/1827/2433 6623/1833/2433 6771/1834/2433
f 6615/1812/2434 6673/1630/2434 6675/1511/2434 6619/1827/2434
f 6771/1835/2435 6623/1833/2435 6627/1836/2435 6773/1837/2435
f 6619/1827/2436 6675/1511/2436 6677/1514/2436 6623/1833/2436
f 6674/1516/2437 6620/1829/2437 6624/1838/2437 6676/1517/2437
f 6620/1829/2438 6738/1839/2438 6740/1840/2438 6624/1838/2438
f 6773/1841/2439 6627/1836/2439 6631/1842/2439 6743/1843/2439
f 6623/1833/2440 6677/1514/2440 6678/1521/2440 6627/1836/2440
f 6676/1517/2441 6624/1838/2441 6628/1844/2441 6679/1522/2441
f 6624/1838/2442 6740/1845/2442 6742/1846/2442 6628/1844/2442
f 6679/1522/2443 6628/1844/2443 6632/1847/2443 6680/1525/2443
f 6628/1844/2444 6742/1848/2444 6744/1849/2444 6632/1847/2444
f 6743/1843/2445 6631/1842/2445 6635/1850/2445 6745/1851/2445
f 6627/1836/2446 6678/1521/2446 6681/1527/2446 6631/1842/2446
f 6632/1847/2447 6744/1849/2447 6746/1852/2447 6636/1853/2447
f 6745/1854/2448 6635/1850/2448 6639/1855/2448 6779/1856/2448
f 6631/1842/2449 6681/1527/2449 6682/1530/2449 6635/1850/2449
f 6680/1525/2450 6632/1847/2450 6636/1853/2450 6683/1533/2450
f 6779/1856/2451 6639/1855/2451 6643/1857/2451 6749/1858/2451
f 6635/1850/2452 6682/1530/2452 6685/1536/2452 6639/1855/2452
f 6683/1533/2453 6636/1853/2453 6640/1859/2453 6684/1537/2453
f 6636/1853/2454 6746/1860/2454 6748/1861/2454 6640/1859/2454
f 6639/1855/2455 6685/1536/2455 6686/1541/2455 6643/1857/2455
f 6684/1537/2456 6640/1859/2456 6644/1862/2456 6687/1542/2456
f 6640/1859/2457 6748/1863/2457 6750/1864/2457 6644/1862/2457
f 6749/1865/2458 6643/1857/2458 6647/1866/2458 6751/1867/2458
f 6687/1542/2459 6644/1862/2459 6648/1868/2459 6688/1544/2459
f 6644/1862/2460 6750/1869/2460 6752/1870/2460 6648/1868/2460
f 6751/1867/2461 6647/1866/2461 6651/1871/2461 6785/1872/2461
f 6643/1857/2462 6686/1541/2462 6689/1546/2462 6647/1866/2462
f 6785/1873/2463 6651/1874/2463 6655/1875/2463 6787/1876/2463
f 6647/1866/2464 6689/1546/2464 6690/1550/2464 6651/1871/2464
f 6688/1544/2465 6648/1868/2465 6652/1877/2465 6691/1551/2465
f 6648/1868/2466 6752/1878/2466 6754/1879/2466 6652/1877/2466
f 6787/1880/2467 6655/1875/2467 6659/1881/2467 6757/1882/2467
f 6651/1874/2468 6690/1622/2468 6693/1621/2468 6655/1875/2468
f 6691/1626/2469 6652/1883/2469 6656/1884/2469 6692/1627/2469
f 6652/1883/2470 6754/1885/2470 6756/1886/2470 6656/1884/2470
f 6692/1627/2471 6656/1884/2471 6660/1887/2471 6694/1636/2471
f 6656/1884/2472 6756/1888/2472 6758/1889/2472 6660/1887/2472
f 6757/1890/2473 6659/1881/2473 6663/1891/2473 6759/1892/2473
f 6655/1875/2474 6693/1621/2474 6695/1633/2474 6659/1881/2474
f 6694/1636/2475 6660/1887/2475 6664/1893/2475 6696/1632/2475
f 6660/1887/2476 6758/1889/2476 6760/1894/2476 6664/1893/2476
f 6759/1892/2477 6663/1891/2477 6604/1818/2477 6793/1895/2477
f 6659/1881/2478 6695/1633/2478 6697/1634/2478 6663/1891/2478
f 6663/1891/2479 6697/1634/2479 6668/1629/2479 6604/1818/2479
f 6696/1632/2480 6664/1893/2480 6605/1820/2480 6698/1623/2480
f 6664/1893/2481 6760/1894/2481 6762/1823/2481 6605/1820/2481
f 6613/1896/2085 6617/1897/2085 6621/1898/2085 6625/1899/2085 6629/1900/2085 6633/1901/2085 6637/1902/2085 6641/1903/2085 6645/1904/2085 6649/1905/2085 6653/1906/2085 6657/1907/2085 6661/1908/2085 6665/1909/2085 6666/1910/2085 6609/1911/2085
f 6603/1912/2086 6662/1913/2086 6658/1914/2086 6654/1915/2086 6650/1916/2086 6646/1917/2086 6642/1918/2086 6638/1919/2086 6634/1920/2086 6630/1921/2086 6626/1922/2086 6622/1923/2086 6618/1924/2086 6614/1925/2086 6610/1926/2086 6606/1927/2086
f 6700/1928/2086 6699/1929/2086 6667/1628/2086 6668/1629/2086
f 6702/1930/2085 6701/1931/2085 6669/1624/2085 6670/1625/2085
f 6699/1929/2086 6703/1932/2086 6671/1631/2086 6667/1628/2086
f 6704/1933/2085 6702/1930/2085 6670/1625/2085 6672/1635/2085
f 6703/1932/2086 6705/1934/2086 6673/1630/2086 6671/1631/2086
f 6706/1935/2085 6704/1933/2085 6672/1635/2085 6674/1516/2085
f 6705/1934/2086 6707/1936/2086 6675/1511/2086 6673/1630/2086
f 6708/1937/2085 6706/1935/2085 6674/1516/2085 6676/1517/2085
f 6707/1936/2086 6709/1938/2086 6677/1514/2086 6675/1511/2086
f 6709/1938/2086 6710/1939/2086 6678/1521/2086 6677/1514/2086
f 6711/1940/2085 6708/1937/2085 6676/1517/2085 6679/1522/2085
f 6712/1941/2085 6711/1940/2085 6679/1522/2085 6680/1525/2085
f 6710/1939/2086 6713/1942/2086 6681/1527/2086 6678/1521/2086
f 6713/1942/2086 6714/1943/2086 6682/1530/2086 6681/1527/2086
f 6715/1944/2085 6712/1941/2085 6680/1525/2085 6683/1533/2085
f 6716/1945/2085 6715/1944/2085 6683/1533/2085 6684/1537/2085
f 6714/1943/2086 6717/1946/2086 6685/1536/2086 6682/1530/2086
f 6717/1946/2086 6718/1947/2086 6686/1541/2086 6685/1536/2086
f 6719/1948/2085 6716/1945/2085 6684/1537/2085 6687/1542/2085
f 6720/1949/2085 6719/1948/2085 6687/1542/2085 6688/1544/2085
f 6718/1947/2086 6721/1950/2086 6689/1546/2086 6686/1541/2086
f 6721/1950/2086 6722/1951/2086 6690/1622/2086 6689/1546/2086
f 6723/1952/2085 6720/1949/2085 6688/1544/2085 6691/1551/2085
f 6724/1953/2085 6723/1952/2085 6691/1551/2085 6692/1627/2085
f 6722/1951/2086 6725/1954/2086 6693/1621/2086 6690/1622/2086
f 6726/1955/2085 6724/1953/2085 6692/1627/2085 6694/1636/2085
f 6725/1954/2086 6727/1956/2086 6695/1633/2086 6693/1621/2086
f 6728/1957/2085 6726/1955/2085 6694/1636/2085 6696/1632/2085
f 6727/1956/2086 6729/1958/2086 6697/1634/2086 6695/1633/2086
f 6730/1959/2085 6728/1957/2085 6696/1632/2085 6698/1623/2085
f 6701/1931/2085 6730/1959/2085 6698/1623/2085 6669/1624/2085
f 6729/1958/2086 6700/1928/2086 6668/1629/2086 6697/1634/2086
f 6603/1912/2482 6606/1927/2482 6699/1929/2482 6700/1928/2482
f 6613/1896/2483 6609/1911/2483 6701/1931/2483 6702/1930/2483
f 6606/1927/2484 6610/1926/2484 6703/1932/2484 6699/1929/2484
f 6617/1897/2485 6613/1896/2485 6702/1930/2485 6704/1933/2485
f 6610/1926/2486 6614/1925/2486 6705/1934/2486 6703/1932/2486
f 6621/1898/2487 6617/1897/2487 6704/1933/2487 6706/1935/2487
f 6614/1925/2488 6618/1924/2488 6707/1936/2488 6705/1934/2488
f 6625/1899/2489 6621/1898/2489 6706/1935/2489 6708/1937/2489
f 6618/1924/2490 6622/1923/2490 6709/1938/2490 6707/1936/2490
f 6622/1923/2491 6626/1922/2491 6710/1939/2491 6709/1938/2491
f 6629/1900/2492 6625/1899/2492 6708/1937/2492 6711/1940/2492
f 6633/1901/2493 6629/1900/2493 6711/1940/2493 6712/1941/2493
f 6626/1922/2494 6630/1921/2494 6713/1942/2494 6710/1939/2494
f 6630/1921/2495 6634/1920/2495 6714/1943/2495 6713/1942/2495
f 6637/1902/2496 6633/1901/2496 6712/1941/2496 6715/1944/2496
f 6641/1903/2497 6637/1902/2497 6715/1944/2497 6716/1945/2497
f 6634/1920/2498 6638/1919/2498 6717/1946/2498 6714/1943/2498
f 6638/1919/2499 6642/1918/2499 6718/1947/2499 6717/1946/2499
f 6645/1904/2500 6641/1903/2500 6716/1945/2500 6719/1948/2500
f 6649/1905/2501 6645/1904/2501 6719/1948/2501 6720/1949/2501
f 6642/1918/2502 6646/1917/2502 6721/1950/2502 6718/1947/2502
f 6646/1917/2503 6650/1916/2503 6722/1951/2503 6721/1950/2503
f 6653/1906/2504 6649/1905/2504 6720/1949/2504 6723/1952/2504
f 6657/1907/2505 6653/1906/2505 6723/1952/2505 6724/1953/2505
f 6650/1916/2506 6654/1915/2506 6725/1954/2506 6722/1951/2506
f 6661/1908/2507 6657/1907/2507 6724/1953/2507 6726/1955/2507
f 6654/1915/2508 6658/1914/2508 6727/1956/2508 6725/1954/2508
f 6665/1909/2509 6661/1908/2509 6726/1955/2509 6728/1957/2509
f 6658/1914/2510 6662/1913/2510 6729/1958/2510 6727/1956/2510
f 6666/1910/2511 6665/1909/2511 6728/1957/2511 6730/1959/2511
f 6609/1911/2512 6666/1910/2512 6730/1959/2512 6701/1931/2512
f 6662/1913/2513 6603/1912/2513 6700/1928/2513 6729/1958/2513
f 6763/1960/2315 6733/1961/2315 6765/1962/2315 6766/1963/2315
f 6767/1964/2319 6765/1962/2319 6733/1961/2319 6768/1965/2319
f 6769/1966/2320 6767/1964/2320 6768/1965/2320 6770/1967/2320
f 6770/1967/2514 6739/1968/2514 6772/1969/2514 6769/1966/2514
f 6739/1968/2310 6741/1970/2310 6774/1971/2310 6772/1969/2310
f 6775/1972/2323 6774/1971/2323 6741/1970/2323 6776/1973/2323
f 6777/1974/2316 6775/1972/2316 6776/1973/2316 6778/1975/2316
f 6778/1975/2311 6747/1976/2311 6780/1977/2311 6777/1974/2311
f 6781/1978/2312 6780/1977/2312 6747/1976/2312 6782/1979/2312
f 6783/1980/2318 6781/1978/2318 6782/1979/2318 6784/1981/2318
f 6784/1981/2515 6753/1982/2515 6786/1983/2515 6783/1980/2515
f 6753/1984/2309 6755/1985/2309 6788/1986/2309 6786/1987/2309
f 6789/1988/2322 6788/1986/2322 6755/1985/2322 6790/1989/2322
f 6791/1990/2324 6789/1988/2324 6790/1989/2324 6792/1991/2324
f 6792/1991/2321 6761/1992/2321 6794/1993/2321 6791/1990/2321
f 6766/1963/2314 6794/1993/2314 6761/1992/2314 6763/1960/2314
f 6732/1994/2516 6607/1819/2516 6611/1811/2516 6764/1810/2516
f 6733/1961/2517 6763/1960/2517 6732/1994/2517 6764/1810/2517
f 6766/1963/2518 6765/1962/2518 6734/1816/2518 6731/1815/2518
f 6765/1962/2519 6767/1964/2519 6736/1826/2519 6734/1816/2519
f 6768/1965/2520 6733/1961/2520 6764/1810/2520 6735/1813/2520
f 6767/1964/2521 6769/1966/2521 6738/1831/2521 6736/1830/2521
f 6770/1967/2522 6768/1965/2522 6735/1813/2522 6737/1828/2522
f 6739/1968/2523 6770/1967/2523 6737/1832/2523 6771/1834/2523
f 6769/1966/2524 6772/1969/2524 6740/1840/2524 6738/1839/2524
f 6741/1970/2525 6739/1968/2525 6771/1835/2525 6773/1837/2525
f 6772/1969/2526 6774/1971/2526 6742/1846/2526 6740/1845/2526
f 6774/1971/2527 6775/1972/2527 6744/1849/2527 6742/1848/2527
f 6776/1973/2528 6741/1970/2528 6773/1841/2528 6743/1843/2528
f 6775/1972/2529 6777/1974/2529 6746/1852/2529 6744/1849/2529
f 6778/1975/2530 6776/1973/2530 6743/1843/2530 6745/1851/2530
f 6747/1976/2531 6778/1975/2531 6745/1854/2531 6779/1856/2531
f 6777/1974/2532 6780/1977/2532 6748/1861/2532 6746/1860/2532
f 6780/1977/2533 6781/1978/2533 6750/1864/2533 6748/1863/2533
f 6782/1979/2534 6747/1976/2534 6779/1856/2534 6749/1858/2534
f 6781/1978/2535 6783/1980/2535 6752/1870/2535 6750/1869/2535
f 6784/1981/2536 6782/1979/2536 6749/1865/2536 6751/1867/2536
f 6753/1982/2537 6784/1981/2537 6751/1867/2537 6785/1872/2537
f 6783/1980/2538 6786/1983/2538 6754/1879/2538 6752/1878/2538
f 6755/1985/2539 6753/1984/2539 6785/1873/2539 6787/1876/2539
f 6786/1987/2540 6788/1986/2540 6756/1886/2540 6754/1885/2540
f 6788/1986/2541 6789/1988/2541 6758/1889/2541 6756/1888/2541
f 6790/1989/2542 6755/1985/2542 6787/1880/2542 6757/1882/2542
f 6789/1988/2543 6791/1990/2543 6760/1894/2543 6758/1889/2543
f 6792/1991/2544 6790/1989/2544 6757/1890/2544 6759/1892/2544
f 6761/1992/2545 6792/1991/2545 6759/1892/2545 6793/1895/2545
f 6791/1990/2546 6794/1993/2546 6762/1823/2546 6760/1894/2546
f 6794/1993/2547 6766/1963/2547 6731/1824/2547 6762/1823/2547
f 6763/1960/2548 6761/1992/2548 6793/1821/2548 6732/1822/2548
f 6819/1523/2549 6820/1995/2549 6798/1625/2549 6797/1755/2549
f 6803/1756/2550 6806/1757/2550 6802/1758/2550 6801/1759/2550
f 6821/1996/2551 6822/1997/2551 6833/1760/2551 6834/1761/2551
f 6849/1998/2390 6848/1999/2390 6796/2000/2390 6795/2001/2390
f 6826/2002/2086 6821/1996/2086 6834/1761/2086 6835/1767/2086
f 6824/2003/2085 6820/2004/2085 6832/1770/2085 6836/1771/2085
f 6822/1997/2085 6823/2005/2085 6839/1791/2085 6833/1760/2085
f 6830/2006/2552 6824/2003/2552 6836/1771/2552 6840/2007/2552
f 6819/2008/2086 6825/2009/2086 6837/1798/2086 6831/1799/2086
f 6828/2010/2553 6826/2002/2553 6835/1767/2553 6838/2011/2553
f 6799/2012/2390 6800/2013/2390 6851/2014/2390 6847/2015/2390
f 6815/2016/2554 6818/2017/2554 6848/1999/2554 6849/1998/2554
f 6797/1755/2555 6798/1625/2555 6805/1804/2555 6804/1805/2555
f 6811/2018/2389 6814/2019/2389 6806/1757/2389 6803/1756/2389
f 6804/1805/2389 6805/1804/2389 6813/2020/2389 6812/2021/2389
f 6812/2021/2389 6813/2020/2389 6814/2019/2389 6811/2018/2389
f 6847/2015/2556 6851/2014/2556 6817/2022/2556 6816/2023/2556
f 6838/2024/2390 6842/2025/2390 6840/2026/2390 6841/2027/2390
f 6825/2009/2557 6827/2028/2557 6841/2029/2557 6837/1798/2557
f 6827/2028/2558 6828/2010/2558 6838/2011/2558 6841/2029/2558
f 6823/2005/2559 6829/2030/2559 6842/2031/2559 6839/1791/2559
f 6829/2030/2560 6830/2006/2560 6840/2007/2560 6842/2031/2560
f 6814/2032/2085 6813/2033/2085 6830/2006/2085 6829/2030/2085
f 6806/1790/2561 6814/2032/2561 6829/2030/2561 6823/2005/2561
f 6812/2034/2086 6811/2035/2086 6828/2010/2086 6827/2028/2086
f 6804/1797/2562 6812/2034/2562 6827/2028/2562 6825/2009/2562
f 6811/2035/2563 6803/1766/2563 6826/2002/2563 6828/2010/2563
f 6797/1796/2086 6804/1797/2086 6825/2009/2086 6819/2008/2086
f 6813/2033/2564 6805/1768/2564 6824/2003/2564 6830/2006/2564
f 6802/1758/2085 6806/1790/2085 6823/2005/2085 6822/1997/2085
f 6805/1768/2085 6798/1769/2085 6820/2004/2085 6824/2003/2085
f 6803/1766/2086 6801/1759/2086 6821/1996/2086 6826/2002/2086
f 6801/1759/2565 6802/1758/2565 6822/1997/2565 6821/1996/2565
f 6831/1753/2566 6832/1754/2566 6820/1995/2566 6819/1523/2566
f 6843/2036/2390 6844/2037/2390 6832/1772/2390 6831/1773/2390
f 6845/2038/2390 6846/2039/2390 6834/1761/2390 6833/1760/2390
f 6846/2039/2390 6808/2040/2390 6835/1785/2390 6834/1761/2390
f 6844/2037/2390 6810/2041/2390 6836/1779/2390 6832/1772/2390
f 6807/2042/2390 6843/2036/2390 6831/1773/2390 6837/1776/2390
f 6808/2040/2556 6850/2043/2556 6838/2024/2556 6835/1785/2556
f 6809/2044/2390 6845/2038/2390 6833/1760/2390 6839/1778/2390
f 6810/2041/2554 6852/2045/2554 6840/2026/2554 6836/1779/2554
f 6853/2046/2554 6807/2042/2554 6837/1776/2554 6841/2027/2554
f 6854/2047/2556 6809/2044/2556 6839/1778/2556 6842/2025/2556
f 6850/2043/2556 6854/2047/2556 6842/2025/2556 6838/2024/2556
f 6852/2045/2554 6853/2046/2554 6841/2027/2554 6840/2026/2554
f 6795/2001/2567 6796/2000/2567 6844/2037/2567 6843/2036/2567
f 6800/2013/2568 6799/2012/2568 6846/2039/2568 6845/2038/2568
f 6799/2012/2569 6847/2015/2569 6808/2040/2569 6846/2039/2569
f 6796/2000/2570 6848/1999/2570 6810/2041/2570 6844/2037/2570
f 6849/1998/2569 6795/2001/2569 6843/2036/2569 6807/2042/2569
f 6847/2015/2571 6816/2023/2571 6850/2043/2571 6808/2040/2571
f 6851/2014/2570 6800/2013/2570 6845/2038/2570 6809/2044/2570
f 6848/1999/2572 6818/2017/2572 6852/2045/2572 6810/2041/2572
f 6815/2016/2573 6849/1998/2573 6807/2042/2573 6853/2046/2573
f 6817/2022/2574 6851/2014/2574 6809/2044/2574 6854/2047/2574
f 6816/2023/2575 6817/2022/2575 6854/2047/2575 6850/2043/2575
f 6818/2017/2576 6815/2016/2576 6853/2046/2576 6852/2045/2576
f 6865/2048/2577 6859/1761/2577 6860/1760/2577 6866/1811/2577
f 6867/2049/2578 6861/1759/2578 6862/1758/2578 6868/1817/2578
f 6863/1523/2392 6855/1755/2392 6856/1625/2392 6864/1995/2392
f 6863/2050/2579 6858/2051/2579 6859/1761/2579 6865/2048/2579
f 6868/2052/2085 6864/1818/2085 6856/1769/2085
f 6867/2053/2086 6863/2050/2086 6865/2048/2086 6861/1759/2086
f 6861/1759/2580 6865/2048/2580 6866/1811/2580 6862/1758/2580
f 6858/1753/2581 6863/1523/2581 6864/1995/2581 6857/1754/2581
f 6855/1796/2086 6863/2008/2086 6867/2053/2086
f 6862/1758/2085 6866/1811/2085 6864/1818/2085 6868/2052/2085
f 6866/1811/2582 6860/1760/2582 6857/1629/2582 6864/1818/2582
f 6859/1761/2390 6858/2054/2390 6857/1642/2390 6860/1760/2390
f 6855/1755/2583 6867/2049/2583 6868/1817/2583 6856/1625/2583
f 6879/2048/2584 6880/1811/2584 6874/1760/2584 6873/1761/2584
f 6881/2049/2583 6882/1817/2583 6876/1758/2583 6875/1759/2583
f 6877/1523/2391 6878/1995/2391 6870/1625/2391 6869/1755/2391
f 6877/2050/2579 6879/2048/2579 6873/1761/2579 6872/2051/2579
f 6882/2052/2085 6870/1769/2085 6878/1818/2085
f 6881/2053/2086 6875/1759/2086 6879/2048/2086 6877/2050/2086
f 6875/1759/2585 6876/1758/2585 6880/1811/2585 6879/2048/2585
f 6872/1753/2586 6871/1754/2586 6878/1995/2586 6877/1523/2586
f 6869/1796/2086 6881/2053/2086 6877/2008/2086
f 6876/1758/2085 6882/2052/2085 6878/1818/2085 6880/1811/2085
f 6880/1811/2582 6878/1818/2582 6871/1629/2582 6874/1760/2582
f 6873/1761/2390 6874/1760/2390 6871/1642/2390 6872/2054/2390
f 6869/1755/2578 6870/1625/2578 6882/1817/2578 6881/2049/2578
o BarStool00
v -0.140246 0.266070 -1.455331
v -0.206349 0.266070 -1.433853
v -0.247203 0.266070 -1.377622
v -0.247203 0.266070 -1.308118
v -0.206349 0.266070 -1.251887
v -0.140246 0.266070 -1.230409
v -0.074143 0.266070 -1.251887
v -0.033289 0.266070 -1.308118
v -0.033289 0.266070 -1.377622
v -0.074143 0.266070 -1.433853
v -0.101058 0.266070 -1.396807
v -0.203652 0.266070 -1.363472
v -0.140246 0.266070 -1.276201
v -0.076839 0.266070 -1.363472
v -0.179433 0.266070 -1.396807
v -0.140246 0.266070 -1.409539
v -0.179433 0.266070 -1.288933
v -0.203652 0.266070 -1.322268
v -0.076839 0.266070 -1.322268
v -0.101058 0.266070 -1.288933
v -0.074143 0.288562 -1.251887
v -0.033289 0.288562 -1.308118
v -0.247203 0.288562 -1.308118
v -0.206349 0.288562 -1.251887
v -0.140246 0.288562 -1.455331
v -0.206349 0.288562 -1.433853
v -0.033289 0.288562 -1.377622
v -0.140246 0.288562 -1.230409
v -0.247203 0.288562 -1.377622
v -0.074143 0.288562 -1.433853
v -0.140246 0.325242 -1.455331
v -0.140246 0.333546 -1.446600
v -0.201216 0.333546 -1.426789
v -0.206349 0.325242 -1.433853
v -0.238899 0.333546 -1.374924
v -0.247203 0.325242 -1.377622
v -0.238899 0.333546 -1.310816
v -0.247203 0.325242 -1.308118
v -0.201216 0.333546 -1.258951
v -0.206349 0.325242 -1.251887
v -0.140246 0.333546 -1.239140
v -0.140246 0.325242 -1.230409
v -0.079275 0.333546 -1.258951
v -0.074143 0.325242 -1.251887
v -0.041593 0.333546 -1.310816
v -0.033289 0.325242 -1.308118
v -0.041593 0.333546 -1.374924
v -0.033289 0.325242 -1.377622
v -0.079275 0.333546 -1.426789
v -0.074143 0.325242 -1.433853
v -0.101058 0.261571 -1.396807
v -0.203652 0.261571 -1.363472
v -0.140246 0.261571 -1.276201
v -0.076839 0.261571 -1.363472
v -0.179433 0.261571 -1.396807
v -0.140246 0.261571 -1.409539
v -0.179433 0.261571 -1.288933
v -0.203652 0.261571 -1.322268
v -0.076839 0.261571 -1.322268
v -0.101058 0.261571 -1.288933
v -0.134267 0.247872 -1.351098
v -0.149918 0.247872 -1.346013
v -0.140246 0.247872 -1.332699
v -0.130573 0.247872 -1.346013
v -0.146224 0.247872 -1.351098
v -0.140246 0.247872 -1.353041
v -0.146224 0.247872 -1.334642
v -0.149918 0.247872 -1.339727
v -0.130573 0.247872 -1.339727
v -0.134267 0.247872 -1.334642
v -0.134267 -0.080311 -1.351098
v -0.149918 -0.080311 -1.346013
v -0.140246 -0.080311 -1.332699
v -0.130573 -0.080311 -1.346013
v -0.146224 -0.080311 -1.351098
v -0.140246 -0.080311 -1.353041
v -0.146224 -0.080311 -1.334642
v -0.149918 -0.080311 -1.339727
v -0.130573 -0.080311 -1.339727
v -0.134267 -0.080311 -1.334642
v -0.038521 0.018655 -1.375922
v -0.043145 0.027076 -1.374420
v -0.052392 0.027076 -1.371415
v -0.057016 0.018655 -1.369913
v -0.052392 0.010234 -1.371415
v -0.043145 0.010234 -1.374420
v -0.077376 0.018655 -1.429402
v -0.080234 0.027076 -1.425469
v -0.085949 0.027076 -1.417603
v -0.088807 0.018655 -1.413669
v -0.085949 0.010234 -1.417603
v -0.080234 0.010234 -1.425469
v -0.140246 0.018655 -1.449830
v -0.140246 0.027076 -1.444968
v -0.140246 0.027076 -1.435244
v -0.140246 0.018655 -1.430383
v -0.140246 0.010234 -1.435244
v -0.140246 0.010234 -1.444968
v -0.203115 0.018655 -1.429402
v -0.200257 0.027076 -1.425469
v -0.194542 0.027076 -1.417602
v -0.191684 0.018655 -1.413669
v -0.194542 0.010234 -1.417602
v -0.200257 0.010234 -1.425469
v -0.241971 0.018655 -1.375922
v -0.237347 0.027076 -1.374420
v -0.228099 0.027076 -1.371415
v -0.223475 0.018655 -1.369913
v -0.228099 0.010234 -1.371415
v -0.237347 0.010234 -1.374420
v -0.241970 0.018655 -1.309818
v -0.237347 0.027076 -1.311320
v -0.228099 0.027076 -1.314325
v -0.223475 0.018655 -1.315827
v -0.228099 0.010234 -1.314325
v -0.237347 0.010234 -1.311320
v -0.203115 0.018655 -1.256338
v -0.200257 0.027076 -1.260271
v -0.194542 0.027076 -1.268137
v -0.191684 0.018655 -1.272071
v -0.194542 0.010234 -1.268137
v -0.200257 0.010234 -1.260271
v -0.140246 0.018655 -1.235910
v -0.140246 0.027076 -1.240772
v -0.140246 0.027076 -1.250496
v -0.140246 0.018655 -1.255357
v -0.140246 0.010234 -1.250496
v -0.140246 0.010234 -1.240772
v -0.077376 0.018655 -1.256338
v -0.080234 0.027076 -1.260271
v -0.085949 0.027076 -1.268138
v -0.088807 0.018655 -1.272071
v -0.085949 0.010234 -1.268138
v -0.080234 0.010234 -1.260271
v -0.038521 0.018655 -1.309818
v -0.043145 0.027076 -1.311320
v -0.052392 0.027076 -1.314325
v -0.057016 0.018655 -1.315827
v -0.052392 0.010234 -1.314325
v -0.043145 0.010234 -1.311320
v -0.075300 -0.084810 -1.432261
v -0.245330 -0.084810 -1.377014
v -0.140246 -0.084810 -1.232377
v -0.035161 -0.084810 -1.377014
v -0.205192 -0.084810 -1.432261
v -0.140246 -0.084810 -1.453363
v -0.205192 -0.084810 -1.253479
v -0.245330 -0.084810 -1.308726
v -0.035161 -0.084810 -1.308726
v -0.075300 -0.084810 -1.253479
v -0.075300 -0.093806 -1.432261
v -0.245330 -0.093806 -1.377014
v -0.140246 -0.093806 -1.232377
v -0.035161 -0.093806 -1.377014
v -0.205192 -0.093806 -1.432261
v -0.140246 -0.093806 -1.453363
v -0.205192 -0.093806 -1.253479
v -0.245330 -0.093806 -1.308726
v -0.035161 -0.093806 -1.308726
v -0.075300 -0.093806 -1.253479
v -0.043145 0.018655 -1.336833
v -0.043145 0.023883 -1.339852
v -0.043145 0.023883 -1.345888
v -0.043145 0.018655 -1.348907
v -0.043145 0.013427 -1.345888
v -0.043145 0.013427 -1.339852
v -0.237347 0.018655 -1.336833
v -0.237347 0.023883 -1.339852
v -0.237347 0.023883 -1.345888
v -0.237347 0.018655 -1.348907
v -0.237347 0.013427 -1.345888
v -0.237347 0.013427 -1.339852
vn 1.0000 -0.0000 -0.0000
vn -0.3090 -0.0000 0.9511
vn -0.8090 -0.0000 -0.5878
vn 0.8090 -0.0000 -0.5878
vn 0.3090 -0.0000 0.9511
vn -1.0000 -0.0000 -0.0000
vn -0.0000 1.0000 -0.0000
vn 0.8090 -0.0000 0.5878
vn -0.8090 -0.0000 0.5878
vn -0.3090 -0.0000 -0.9511
vn 0.3090 -0.0000 -0.9511
vn -0.0000 -1.0000 -0.0000
vn -0.2185 0.7071 -0.6725
vn -0.5721 0.7071 -0.4156
vn -0.7071 0.7071 -0.0000
vn -0.5721 0.7071 0.4156
vn -0.2185 0.7071 0.6725
vn 0.2185 0.7071 0.6725
vn 0.5721 0.7071 0.4156
vn 0.7071 0.7071 -0.0000
vn 0.5721 0.7071 -0.4156
vn 0.2185 0.7071 -0.6725
vn 0.1999 -0.9690 -0.1452
vn 0.0763 -0.9690 0.2350
vn -0.1999 -0.9690 0.1452
vn -0.2471 -0.9690 -0.0000
vn 0.0763 -0.9690 -0.2350
vn 0.1999 -0.9690 0.1452
vn 0.2471 -0.9690 -0.0000
vn -0.1999 -0.9690 -0.1452
vn -0.0763 -0.9690 0.2350
vn -0.0763 -0.9690 -0.2350
vn 0.7091 0.4813 -0.5152
vn -0.7091 0.4813 0.5152
vn -0.7091 -0.4813 0.5152
vn 0.7091 -0.4813 -0.5152
vn 0.2709 0.4813 -0.8337
vn -0.2709 0.4813 0.8336
vn -0.2709 -0.4813 0.8336
vn 0.2709 -0.4813 -0.8337
vn -0.2709 0.4813 -0.8337
vn 0.2709 0.4813 0.8336
vn 0.2709 -0.4813 0.8336
vn -0.2709 -0.4813 -0.8337
vn -0.7091 0.4813 -0.5152
vn 0.7091 0.4813 0.5152
vn 0.7091 -0.4813 0.5152
vn -0.7091 -0.4813 -0.5152
vn -0.8766 0.4813 -0.0000
vn 0.8766 0.4813 -0.0000
vn 0.8766 -0.4813 -0.0000
vn -0.8766 -0.4813 -0.0000
vn -0.2709 0.4813 0.8337
vn -0.2709 -0.4813 0.8337
vn -0.2709 0.4813 -0.8336
vn -0.2709 -0.4813 -0.8336
vn -0.0146 0.9989 0.0448
vn -0.0146 0.9989 -0.0448
vn 0.0381 0.9989 -0.0277
vn 0.0146 0.9989 0.0448
vn -0.0381 0.9989 0.0277
vn -0.0471 0.9989 -0.0000
vn 0.0146 0.9989 -0.0448
vn 0.0381 0.9989 0.0277
vn 0.0471 0.9989 -0.0000
vn -0.0381 0.9989 -0.0277
vn -0.0000 0.5000 -0.8660
vn -0.0000 -0.5000 -0.8660
vn -0.0000 0.5000 0.8660
vt 0.000000 0.000000
vt 0.600000 0.500000
vt 0.700000 0.500000
vt 0.700000 0.666667
vt 0.600000 0.666667
vt 0.700000 0.833333
vt 0.600000 0.833333
vt 0.700000 1.000000
vt 0.600000 1.000000
vt 0.600000 -0.000000
vt 0.700000 -0.000000
vt 0.700000 0.166667
vt 0.600000 0.166667
vt 0.700000 0.333333
vt 0.600000 0.333333
vt 0.800000 0.500000
vt 0.800000 0.666667
vt 0.800000 0.833333
vt 0.800000 1.000000
vt 0.800000 -0.000000
vt 0.800000 0.166667
vt 0.800000 0.333333
vt 0.900000 0.500000
vt 0.900000 0.666667
vt 0.900000 0.833333
vt 0.900000 1.000000
vt 0.900000 -0.000000
vt 0.900000 0.166667
vt 0.900000 0.333333
vt 1.000000 0.500000
vt 1.000000 0.666667
vt 1.000000 0.833333
vt 1.000000 1.000000
vt 1.000000 -0.000000
vt 1.000000 0.166667
vt 1.000000 0.333333
vt -0.000000 0.500000
vt 0.100000 0.500000
vt 0.100000 0.666667
vt -0.000000 0.666667
vt 0.100000 0.833333
vt -0.000000 0.833333
vt 0.100000 1.000000
vt -0.000000 1.000000
vt -0.000000 -0.000000
vt 0.100000 -0.000000
vt 0.100000 0.166667
vt -0.000000 0.166667
vt 0.100000 0.333333
vt -0.000000 0.333333
vt 0.200000 0.500000
vt 0.200000 0.666667
vt 0.200000 0.833333
vt 0.200000 1.000000
vt 0.200000 -0.000000
vt 0.200000 0.166667
vt 0.200000 0.333333
vt 0.300000 0.500000
vt 0.300000 0.666667
vt 0.300000 0.833333
vt 0.300000 1.000000
vt 0.300000 -0.000000
vt 0.300000 0.166667
vt 0.300000 0.333333
vt 0.400000 0.500000
vt 0.400000 0.666667
vt 0.400000 0.833333
vt 0.400000 1.000000
vt 0.400000 -0.000000
vt 0.400000 0.166667
vt 0.400000 0.333333
vt 0.500000 0.500000
vt 0.500000 0.666667
vt 0.500000 0.833333
vt 0.500000 1.000000
vt 0.500000 -0.000000
vt 0.500000 0.166667
vt 0.500000 0.333333
s 0
usemtl VCol.018
f 6909/2055/2587 6930/2055/2587 6928/2055/2587 6904/2055/2587
f 6910/2055/2588 6924/2055/2588 6922/2055/2588 6906/2055/2588
f 6911/2055/2589 6918/2055/2589 6916/2055/2589 6908/2055/2589
f 6912/2055/2590 6932/2055/2590 6930/2055/2590 6909/2055/2590
f 6903/2055/2591 6926/2055/2591 6924/2055/2591 6910/2055/2591
f 6905/2055/2592 6920/2055/2592 6918/2055/2592 6911/2055/2592
f 6917/2055/2593 6914/2055/2593 6915/2055/2593
f 6904/2055/2594 6928/2055/2594 6926/2055/2594 6903/2055/2594
f 6906/2055/2595 6922/2055/2595 6920/2055/2595 6905/2055/2595
f 6908/2055/2596 6916/2055/2596 6913/2055/2596 6907/2055/2596
f 6883/2055/2597 6907/2055/2597 6912/2055/2597 6892/2055/2597
f 6886/2055/2592 6905/2055/2592 6911/2055/2592 6885/2055/2592
f 6889/2055/2591 6903/2055/2591 6910/2055/2591 6888/2055/2591
f 6892/2055/2590 6912/2055/2590 6909/2055/2590 6891/2055/2590
f 6885/2055/2589 6911/2055/2589 6908/2055/2589 6884/2055/2589
f 6888/2055/2588 6910/2055/2588 6906/2055/2588 6887/2055/2588
f 6891/2055/2587 6909/2055/2587 6904/2055/2587 6890/2055/2587
f 6884/2055/2596 6908/2055/2596 6907/2055/2596 6883/2055/2596
f 6887/2055/2595 6906/2055/2595 6905/2055/2595 6886/2055/2595
f 6890/2055/2594 6904/2055/2594 6903/2055/2594 6889/2055/2594
f 6887/2055/2598 6883/2055/2598 6891/2055/2598
f 6907/2055/2597 6913/2055/2597 6932/2055/2597 6912/2055/2597
f 6916/2055/2599 6915/2055/2599 6914/2055/2599 6913/2055/2599
f 6918/2055/2600 6917/2055/2600 6915/2055/2600 6916/2055/2600
f 6920/2055/2601 6919/2055/2601 6917/2055/2601 6918/2055/2601
f 6922/2055/2602 6921/2055/2602 6919/2055/2602 6920/2055/2602
f 6924/2055/2603 6923/2055/2603 6921/2055/2603 6922/2055/2603
f 6926/2055/2604 6925/2055/2604 6923/2055/2604 6924/2055/2604
f 6928/2055/2605 6927/2055/2605 6925/2055/2605 6926/2055/2605
f 6930/2055/2606 6929/2055/2606 6927/2055/2606 6928/2055/2606
f 6932/2055/2607 6931/2055/2607 6929/2055/2607 6930/2055/2607
f 6913/2055/2608 6914/2055/2608 6931/2055/2608 6932/2055/2608
f 6929/2055/2593 6917/2055/2593 6921/2055/2593
f 6914/2055/2593 6917/2055/2593 6931/2055/2593
f 6931/2055/2593 6917/2055/2593 6929/2055/2593
f 6929/2055/2593 6925/2055/2593 6927/2055/2593
f 6925/2055/2593 6929/2055/2593 6923/2055/2593
f 6923/2055/2593 6929/2055/2593 6921/2055/2593
f 6921/2055/2593 6917/2055/2593 6919/2055/2593
f 6883/2055/2598 6885/2055/2598 6884/2055/2598
f 6885/2055/2598 6883/2055/2598 6886/2055/2598
f 6886/2055/2598 6883/2055/2598 6887/2055/2598
f 6887/2055/2598 6889/2055/2598 6888/2055/2598
f 6889/2055/2598 6891/2055/2598 6890/2055/2598
f 6891/2055/2598 6883/2055/2598 6892/2055/2598
f 6887/2055/2598 6891/2055/2598 6889/2055/2598
f 6898/2055/2596 6938/2055/2596 6937/2055/2596 6897/2055/2596
f 6899/2055/2588 6939/2055/2588 6935/2055/2588 6895/2055/2588
f 6896/2055/2590 6936/2055/2590 6933/2055/2590 6893/2055/2590
f 6900/2055/2595 6940/2055/2595 6939/2055/2595 6899/2055/2595
f 6895/2055/2591 6935/2055/2591 6942/2055/2591 6902/2055/2591
f 6894/2055/2592 6934/2055/2592 6940/2055/2592 6900/2055/2592
f 6902/2055/2594 6942/2055/2594 6941/2055/2594 6901/2055/2594
f 6901/2055/2587 6941/2055/2587 6936/2055/2587 6896/2055/2587
f 6893/2055/2597 6933/2055/2597 6938/2055/2597 6898/2055/2597
f 6897/2055/2589 6937/2055/2589 6934/2055/2589 6894/2055/2589
f 6936/2055/2609 6946/2055/2609 6943/2055/2609 6933/2055/2609
f 6935/2055/2610 6945/2055/2610 6952/2055/2610 6942/2055/2610
f 6940/2055/2611 6950/2055/2611 6949/2055/2611 6939/2055/2611
f 6934/2055/2612 6944/2055/2612 6950/2055/2612 6940/2055/2612
f 6933/2055/2613 6943/2055/2613 6948/2055/2613 6938/2055/2613
f 6942/2055/2614 6952/2055/2614 6951/2055/2614 6941/2055/2614
f 6941/2055/2615 6951/2055/2615 6946/2055/2615 6936/2055/2615
f 6937/2055/2616 6947/2055/2616 6944/2055/2616 6934/2055/2616
f 6939/2055/2617 6949/2055/2617 6945/2055/2617 6935/2055/2617
f 6938/2055/2618 6948/2055/2618 6947/2055/2618 6937/2055/2618
f 6945/2055/2591 6955/2055/2591 6962/2055/2591 6952/2055/2591
f 6950/2055/2595 6960/2055/2595 6959/2055/2595 6949/2055/2595
f 6944/2055/2592 6954/2055/2592 6960/2055/2592 6950/2055/2592
f 6943/2055/2597 6953/2055/2597 6958/2055/2597 6948/2055/2597
f 6952/2055/2594 6962/2055/2594 6961/2055/2594 6951/2055/2594
f 6951/2055/2587 6961/2055/2587 6956/2055/2587 6946/2055/2587
f 6947/2055/2589 6957/2055/2589 6954/2055/2589 6944/2055/2589
f 6949/2055/2588 6959/2055/2588 6955/2055/2588 6945/2055/2588
f 6948/2055/2596 6958/2055/2596 6957/2055/2596 6947/2055/2596
f 6946/2055/2590 6956/2055/2590 6953/2055/2590 6943/2055/2590
f 6963/2056/2619 6969/2057/2619 6970/2058/2619 6964/2059/2619
f 6964/2059/2593 6970/2058/2593 6971/2060/2593 6965/2061/2593
f 6965/2061/2620 6971/2060/2620 6972/2062/2620 6966/2063/2620
f 6966/2064/2621 6972/2065/2621 6973/2066/2621 6967/2067/2621
f 6967/2067/2598 6973/2066/2598 6974/2068/2598 6968/2069/2598
f 6968/2069/2622 6974/2068/2622 6969/2057/2622 6963/2056/2622
f 6969/2057/2623 6975/2070/2623 6976/2071/2623 6970/2058/2623
f 6970/2058/2593 6976/2071/2593 6977/2072/2593 6971/2060/2593
f 6971/2060/2624 6977/2072/2624 6978/2073/2624 6972/2062/2624
f 6972/2065/2625 6978/2074/2625 6979/2075/2625 6973/2066/2625
f 6973/2066/2598 6979/2075/2598 6980/2076/2598 6974/2068/2598
f 6974/2068/2626 6980/2076/2626 6975/2070/2626 6969/2057/2626
f 6975/2070/2627 6981/2077/2627 6982/2078/2627 6976/2071/2627
f 6976/2071/2593 6982/2078/2593 6983/2079/2593 6977/2072/2593
f 6977/2072/2628 6983/2079/2628 6984/2080/2628 6978/2073/2628
f 6978/2074/2629 6984/2081/2629 6985/2082/2629 6979/2075/2629
f 6979/2075/2598 6985/2082/2598 6986/2083/2598 6980/2076/2598
f 6980/2076/2630 6986/2083/2630 6981/2077/2630 6975/2070/2630
f 6981/2077/2631 6987/2084/2631 6988/2085/2631 6982/2078/2631
f 6982/2078/2593 6988/2085/2593 6989/2086/2593 6983/2079/2593
f 6983/2079/2632 6989/2086/2632 6990/2087/2632 6984/2080/2632
f 6984/2081/2633 6990/2088/2633 6991/2089/2633 6985/2082/2633
f 6985/2082/2598 6991/2089/2598 6992/2090/2598 6986/2083/2598
f 6986/2083/2634 6992/2090/2634 6987/2084/2634 6981/2077/2634
f 6987/2091/2635 6993/2092/2635 6994/2093/2635 6988/2094/2635
f 6988/2094/2593 6994/2093/2593 6995/2095/2593 6989/2096/2593
f 6989/2096/2636 6995/2095/2636 6996/2097/2636 6990/2098/2636
f 6990/2099/2637 6996/2100/2637 6997/2101/2637 6991/2102/2637
f 6991/2102/2598 6997/2101/2598 6998/2103/2598 6992/2104/2598
f 6992/2104/2638 6998/2103/2638 6993/2092/2638 6987/2091/2638
f 6993/2092/2620 6999/2105/2620 7000/2106/2620 6994/2093/2620
f 6994/2093/2593 7000/2106/2593 7001/2107/2593 6995/2095/2593
f 6995/2095/2619 7001/2107/2619 7002/2108/2619 6996/2097/2619
f 6996/2100/2622 7002/2109/2622 7003/2110/2622 6997/2101/2622
f 6997/2101/2598 7003/2110/2598 7004/2111/2598 6998/2103/2598
f 6998/2103/2621 7004/2111/2621 6999/2105/2621 6993/2092/2621
f 6999/2105/2639 7005/2112/2639 7006/2113/2639 7000/2106/2639
f 7000/2106/2593 7006/2113/2593 7007/2114/2593 7001/2107/2593
f 7001/2107/2623 7007/2114/2623 7008/2115/2623 7002/2108/2623
f 7002/2109/2626 7008/2116/2626 7009/2117/2626 7003/2110/2626
f 7003/2110/2598 7009/2117/2598 7010/2118/2598 7004/2111/2598
f 7004/2111/2640 7010/2118/2640 7005/2112/2640 6999/2105/2640
f 7005/2112/2628 7011/2119/2628 7012/2120/2628 7006/2113/2628
f 7006/2113/2593 7012/2120/2593 7013/2121/2593 7007/2114/2593
f 7007/2114/2641 7013/2121/2641 7014/2122/2641 7008/2115/2641
f 7008/2116/2642 7014/2123/2642 7015/2124/2642 7009/2117/2642
f 7009/2117/2598 7015/2124/2598 7016/2125/2598 7010/2118/2598
f 7010/2118/2629 7016/2125/2629 7011/2119/2629 7005/2112/2629
f 7011/2119/2632 7017/2126/2632 7018/2127/2632 7012/2120/2632
f 7012/2120/2593 7018/2127/2593 7019/2128/2593 7013/2121/2593
f 7013/2121/2631 7019/2128/2631 7020/2129/2631 7014/2122/2631
f 7014/2123/2634 7020/2130/2634 7021/2131/2634 7015/2124/2634
f 7015/2124/2598 7021/2131/2598 7022/2132/2598 7016/2125/2598
f 7016/2125/2633 7022/2132/2633 7017/2126/2633 7011/2119/2633
f 7017/2126/2636 6963/2056/2636 6964/2059/2636 7018/2127/2636
f 7018/2127/2593 6964/2059/2593 6965/2061/2593 7019/2128/2593
f 7019/2128/2635 6965/2061/2635 6966/2063/2635 7020/2129/2635
f 7020/2130/2638 6966/2064/2638 6967/2067/2638 7021/2131/2638
f 7021/2131/2598 6967/2067/2598 6968/2069/2598 7022/2132/2598
f 7022/2132/2637 6968/2069/2637 6963/2056/2637 7017/2126/2637
f 6959/2055/2643 7029/2055/2643 7025/2055/2643 6955/2055/2643
f 6958/2055/2644 7028/2055/2644 7027/2055/2644 6957/2055/2644
f 6956/2055/2645 7026/2055/2645 7023/2055/2645 6953/2055/2645
f 6955/2055/2646 7025/2055/2646 7032/2055/2646 6962/2055/2646
f 6960/2055/2647 7030/2055/2647 7029/2055/2647 6959/2055/2647
f 6954/2055/2648 7024/2055/2648 7030/2055/2648 6960/2055/2648
f 6953/2055/2649 7023/2055/2649 7028/2055/2649 6958/2055/2649
f 6962/2055/2650 7032/2055/2650 7031/2055/2650 6961/2055/2650
f 6961/2055/2651 7031/2055/2651 7026/2055/2651 6956/2055/2651
f 6957/2055/2652 7027/2055/2652 7024/2055/2652 6954/2055/2652
f 7027/2055/2589 7037/2055/2589 7034/2055/2589 7024/2055/2589
f 7029/2055/2588 7039/2055/2588 7035/2055/2588 7025/2055/2588
f 7028/2055/2596 7038/2055/2596 7037/2055/2596 7027/2055/2596
f 7026/2055/2590 7036/2055/2590 7033/2055/2590 7023/2055/2590
f 7025/2055/2591 7035/2055/2591 7042/2055/2591 7032/2055/2591
f 7030/2055/2595 7040/2055/2595 7039/2055/2595 7029/2055/2595
f 7024/2055/2592 7034/2055/2592 7040/2055/2592 7030/2055/2592
f 7023/2055/2597 7033/2055/2597 7038/2055/2597 7028/2055/2597
f 7032/2055/2594 7042/2055/2594 7041/2055/2594 7031/2055/2594
f 7031/2055/2587 7041/2055/2587 7036/2055/2587 7026/2055/2587
f 7043/2055/2653 7048/2055/2653 7054/2055/2653 7049/2055/2653
f 7046/2055/2654 7047/2055/2654 7053/2055/2654 7052/2055/2654
f 7044/2055/2593 7045/2055/2593 7051/2055/2593 7050/2055/2593
f 7047/2055/2598 7048/2055/2598 7054/2055/2598 7053/2055/2598
f 7045/2055/2653 7046/2055/2653 7052/2055/2653 7051/2055/2653
f 7043/2055/2655 7044/2055/2655 7050/2055/2655 7049/2055/2655
o PictureFrame00
v 0.953288 0.658000 1.211304
v 0.949636 0.823440 1.274503
v 0.835393 0.658000 1.204491
v 0.831741 0.823440 1.267691
v 0.835075 0.655889 1.209996
v 0.949318 0.821330 1.280009
v 0.952970 0.655889 1.216809
v 0.831423 0.821330 1.273196
v 0.965322 0.646970 1.207772
v 0.823847 0.646970 1.199596
v 0.961183 0.834469 1.279398
v 0.819708 0.834469 1.271223
v 0.960864 0.832359 1.284904
v 0.819389 0.832359 1.276728
v 0.823528 0.644860 1.205102
v 0.965003 0.644860 1.213277
v 0.831423 0.644191 1.273196
v 0.949318 0.821330 1.280009
v 0.878581 0.644191 1.275921
v 0.831423 0.679619 1.273196
v 0.949318 0.797711 1.280009
v 0.925739 0.821330 1.278646
v 0.831252 0.644191 1.276144
v 0.949148 0.821330 1.282956
v 0.878411 0.644191 1.278869
v 0.831252 0.679619 1.276144
v 0.949148 0.797711 1.282956
v 0.925569 0.821330 1.281594
vn -0.0539 -0.3574 0.9324
vn -0.0206 0.9340 0.3568
vn 0.0206 -0.9340 -0.3568
vn 0.9983 -0.0000 0.0577
vn -0.9983 -0.0000 -0.0577
vn 0.0539 0.3574 -0.9324
vn 0.0577 -0.0000 -0.9983
vn -0.0577 -0.0000 0.9983
vn -0.8307 0.5547 -0.0480
vn -0.0000 1.0000 -0.0000
vn 0.9064 -0.4191 0.0524
vn -0.0000 -1.0000 -0.0000
vt 0.000000 0.000000
s 0
usemtl VCol.020
f 7058/2133/2656 7057/2133/2656 7055/2133/2656 7056/2133/2656
f 7056/2133/2656 7055/2133/2656 7063/2133/2656 7065/2133/2656
f 7057/2133/2656 7058/2133/2656 7066/2133/2656 7064/2133/2656
f 7055/2133/2656 7057/2133/2656 7064/2133/2656 7063/2133/2656
f 7058/2133/2656 7056/2133/2656 7065/2133/2656 7066/2133/2656
f 7063/2133/2657 7064/2133/2657 7069/2133/2657 7070/2133/2657
f 7066/2133/2658 7065/2133/2658 7067/2133/2658 7068/2133/2658
f 7064/2133/2659 7066/2133/2659 7068/2133/2659 7069/2133/2659
f 7065/2133/2660 7063/2133/2660 7070/2133/2660 7067/2133/2660
f 7060/2133/2661 7061/2133/2661 7059/2133/2661 7062/2133/2661
f 7060/2133/2661 7062/2133/2661 7068/2133/2661 7067/2133/2661
f 7059/2133/2661 7061/2133/2661 7070/2133/2661 7069/2133/2661
f 7062/2133/2661 7059/2133/2661 7069/2133/2661 7068/2133/2661
f 7061/2133/2661 7060/2133/2661 7067/2133/2661 7070/2133/2661
f 7073/2133/2662 7071/2133/2662 7074/2133/2662
f 7079/2133/2663 7080/2133/2663 7077/2133/2663
f 7072/2133/2659 7078/2133/2659 7081/2133/2659 7075/2133/2659
f 7071/2133/2660 7077/2133/2660 7080/2133/2660 7074/2133/2660
f 7074/2133/2664 7080/2133/2664 7082/2133/2664 7076/2133/2664
f 7076/2133/2665 7082/2133/2665 7078/2133/2665 7072/2133/2665
f 7075/2133/2666 7081/2133/2666 7079/2133/2666 7073/2133/2666
f 7073/2133/2667 7079/2133/2667 7077/2133/2667 7071/2133/2667
f 7078/2133/2663 7082/2133/2663 7081/2133/2663
f 7081/2133/2663 7082/2133/2663 7080/2133/2663 7079/2133/2663
f 7076/2133/2662 7075/2133/2662 7073/2133/2662 7074/2133/2662
f 7072/2133/2662 7075/2133/2662 7076/2133/2662
o Cube.004
v 1.132705 1.405363 1.235085
v 1.132705 1.399304 1.235085
v 1.132705 1.405363 0.126183
v 1.132705 1.399304 0.126183
v 0.830865 1.405363 1.235085
v 0.830865 1.399304 1.235085
v 0.830865 1.405363 0.126183
v 0.830865 1.399304 0.126183
vn 1.0000 -0.0000 -0.0000
vn -0.0000 -0.0000 -1.0000
vn -1.0000 -0.0000 -0.0000
vn -0.0000 -0.0000 1.0000
vn -0.0000 1.0000 -0.0000
vn -0.0000 -1.0000 -0.0000
vt 0.375000 0.000000
vt 0.625000 0.000000
vt 0.625000 0.250000
vt 0.375000 0.250000
vt 0.625000 0.500000
vt 0.375000 0.500000
vt 0.625000 0.750000
vt 0.375000 0.750000
vt 0.625000 1.000000
vt 0.375000 1.000000
vt 0.125000 0.500000
vt 0.125000 0.750000
vt 0.875000 0.500000
vt 0.875000 0.750000
s 0
usemtl Material.005
f 7083/2134/2668 7084/2135/2668 7086/2136/2668 7085/2137/2668
f 7085/2137/2669 7086/2136/2669 7090/2138/2669 7089/2139/2669
f 7089/2139/2670 7090/2138/2670 7088/2140/2670 7087/2141/2670
f 7087/2141/2671 7088/2140/2671 7084/2142/2671 7083/2143/2671
f 7085/2144/2672 7089/2139/2672 7087/2141/2672 7083/2145/2672
f 7090/2138/2673 7086/2146/2673 7084/2147/2673 7088/2140/2673
